chengzhongyoushan1;城中有山;;;;;;;;;;X,,,,,
zhuluzhongyuan1;逐鹿中原;;;;;;;;;;X,,,,,
desc_zhuluzhongyuan1;我国以极大的声势参与逐鹿中原的活动，我国强大的国力在一定程度上抵消了我国侵占其他中原诸侯领土所带来的负面影响。;;;;;;;;;;X,,,,,
zhuluzhongyuan2;逐鹿中原;;;;;;;;;;X,,,,,
desc_zhuluzhongyuan2;我国以极大的声势参与逐鹿中原的活动，我国强大的国力在一定程度上抵消了我国侵占其他中原诸侯领土所带来的负面影响。;;;;;;;;;;X,,,,,
zhuluzhongyuan3;逐鹿中原;;;;;;;;;;X,,,,,
desc_zhuluzhongyuan3;我国以极大的声势参与逐鹿中原的活动，我国强大的国力在一定程度上抵消了我国侵占其他中原诸侯领土所带来的负面影响。;;;;;;;;;;X,,,,,
guanji;官妓;;;;;;;;;;X,,,,,
desc_guanji;官妓;;;;;;;;;;X,,,,,
desc_huayi;夷狄之有君,不如诸夏之亡也。;;;;;;;;;;X,,,,
zongfazhi;宗法制;;;;;;;;;;X,,,,,
desc_zongfazhi;长子继承;;;;;;;;;;X,,,,,
zunwangrangyi;尊王攘夷;;;;;;;;;;X,,,,,
desc_zunwangrangyi;尊王攘夷;;;;;;;;;;X,,,,,
yidaimingjiang;一代名将;;;;;;;;;;X,,,,,
desc_yidaimingjiang;一代名将;;;;;;;;;;X,,,,,
liangcang;封邑建设;;;;;;;;;;X,,,,,
desc_liangcang;本地的贵族积极建设封邑，当地一派欣欣向荣，无论是军事防御设施还是经济发展，都取得了显著的成效。;;;;;;;;;;X,,,,,
zengshou;农业增长;;;;;;;;;;X,,,,,
desc_zengshou;粮仓;;;;;;;;;;X,,,,,
science_improvement;学术革新;;;;;;;;;;X,,,,,
desc_science_improvement;学术革新;;;;;;;;;;X,,,,,
army_improvement;士气高昂;;;;;;;;;;X,,,,,
desc_army_improvement;士气高昂;;;;;;;;;;X,,,,,
tax_decrease;税收不足;;;;;;;;;;X,,,,,
desc_tax_decrease;税收不足;;;;;;;;;;X,,,,,
colony_decrease;移民衰退长;;;;;;;;;;X,,,,,
desc_colony_decrease;移民衰退;;;;;;;;;;X,,,,,
zhengzhiqingming;政治清明;;;;;;;;;;X,,,,,
desc_zhengzhiqingming;我国当前内政清明，官员协力;;;;;;;;;;X,,,,,
xueshufanrong;学术繁荣;;;;;;;;;;X,,,,,
desc_xueshufanrong;来自各地的学者汇聚我国，这造就了学术繁荣;;;;;;;;;;X,,,,,
junshigeming;军事革命;;;;;;;;;;X,,,,,
desc_junshigeming;随着战术理论的发展，我军正在经历一场军事变革;;;;;;;;;;X,,,,,
dangshiminjiang;当世名将;;;;;;;;;;X,,,,,
desc_dangshiminjiang;这个时代最伟大的将军正在为我国效力;;;;;;;;;;X,,,,,
wenyixinglong;文艺兴隆;;;;;;;;;;X,,,,,
desc_wenyixinglong;大批文人汇聚于宫廷，我国文艺正处于空前的繁荣中;;;;;;;;;;X,,,,,
shangyefanrong;商业繁荣;;;;;;;;;;X,,,,,
desc_shangyefanrong;广阔的市场和优秀的官员为我国的商业开拓带来了极大提升，来自五湖四海的货物正在我国的市场上被交易;;;;;;;;;;X,,,,,
difangjianshe;地方建设;;;;;;;;;;X,,,,,
desc_difangjianshe;地方官员和贵族对于城邑的建设取得了重要成效，很多城市和首都一样处于安宁繁荣的状态;;;;;;;;;;X,,,,,
zhuhouchengfu;诸侯臣服;;;;;;;;;;X,,,,,
desc_zhuhouchengfu;我国的外交影响力空前强大，各国纷纷来朝，这得益于我们优秀的使节;;;;;;;;;;X,,,,,
anjuleye;安居乐业;;;;;;;;;;X,,,,,
desc_anjuleye;官员各司其职，人民生活安定，不稳定的因素大大减少了;;;;;;;;;;X,,,,,
siweisucan_1;尸位素餐的臣属;;;;;;;;;;X,,,,,
desc_siweisucan_1;我们的臣属由于和君主的政治理念不同，选择了沉默，实际上他对国家已经没有贡献了;;;;;;;;;;X,,,,,
siweisucan_2;尸位素餐的臣属;;;;;;;;;;X,,,,,
desc_siweisucan_2;我们的臣属由于和君主的政治理念不同，选择了沉默，实际上他对国家已经没有贡献了;;;;;;;;;;X,,,,,
siweisucan_3;尸位素餐的臣属;;;;;;;;;;X,,,,,
desc_siweisucan_3;我们的臣属由于和君主的政治理念不同，选择了沉默，实际上他对国家已经没有贡献了;;;;;;;;;;X,,,,,
siweisucan_4;尸位素餐的臣属;;;;;;;;;;X,,,,,
desc_siweisucan_4;我们的臣属由于和君主的政治理念不同，选择了沉默，实际上他对国家已经没有贡献了;;;;;;;;;;X,,,,,
siweisucan_5;尸位素餐的臣属;;;;;;;;;;X,,,,,
desc_siweisucan_5;我们的臣属由于和君主的政治理念不同，选择了沉默，实际上他对国家已经没有贡献了;;;;;;;;;;X,,,,,
siweisucan_6;尸位素餐的臣属;;;;;;;;;;X,,,,,
desc_siweisucan_6;我们的臣属由于和君主的政治理念不同，选择了沉默，实际上他对国家已经没有贡献了;;;;;;;;;;X,,,,,
building_program;正在修建工程;;;;;;;;;;X,,,,,
desc_building_program;此地正在修建国家工程，生产和劳役被大量征用。;;;;;;;;;;X,,,,,
hangoushuiqu;邗沟水渠;;;;;;;;;;X,,,,,
desc_hangoushuiqu;此地属于邗沟水渠沿岸，交通便利，军队通行无碍;;;;;;;;;;X,,,,,
lishimingguan;历史著名要塞;;;;;;;;;;X,,,,,
desc_lishimingguan;此地是历史著名要塞，当前已经修建完毕，固若金汤;;;;;;;;;;X,,,,,
flood_made;掘河放水;;;;;;;;;;X,,,,,
desc_flood_made;此地已经掘开河口放水，这是战争中国家采取的必要措施，此举将极大地影响下游城池，也对本地有少许负面作用。;;;;;;;;;;X,,,,,
flood_seige;洪水肆虐;;;;;;;;;;X,,,,,
desc_flood_seige;由于洪水肆虐，城市处于危机当中，眼看摇摇欲坠，生产也都陷入了停滞。;;;;;;;;;;X,,,,,
great_wall;万里长城;;;;;;;;;;X,,,,,
desc_great_wall;抵御草原游牧民族，以保卫我们北方边境的万里长城. ;;;;;;;;;;X,,,,,
heir_introduced;公子成人礼;;;;;;;;;;X,,,,,
desc_heir_introduced;一个公子已经成年岁了，我们可以为他举办一个加冠仪式作为他成年的象征，这将有利于国家的稳定和繁荣。;;;;;;;;;;X,,,,,
guoshi;编写国史;;;;;;;;;;X,,,,,
desc_guoshi;我们可以令史官每日记录朝堂上下之事，编撰成一部国史来彰显我们的昌盛，同时以史为鉴，也可以知兴衰得失。;;;;;;;;;;X,,,,,
zhouchaoyimin;收容西周遗民;;;;;;;;;;X,,,,,
desc_zhouchaoyimin;西周在犬戎各部的进攻下土崩瓦解，周王室被迫东迁，原来居住在关中地区的西周遗民也纷纷东迁，他们居无定所、漂泊流离，但传承着西周悠久的文化。;;;;;;;;;;X,,,,,
zajibaixi;杂技百戏;;;;;;;;;;X,,,,,
desc_zajibaixi;杂技百戏保罗万象，是民间丰富的文化娱乐活动，鼓励这些活动发展将让我们的人民更加安居乐业。;;;;;;;;;;X,,,,,
touzizhuzao;投资青铜器制造;;;;;;;;;;X,,,,,
desc_touzizhuzao;设立专门机构铸造青铜器，包括礼器、祭器和乐器，其品质将会得到全面的提升，当然，这是要花一大笔钱的。;;;;;;;;;;X,,,,,
bianzhong;编钟文化;;;;;;;;;;X,,,,,
desc_bianzhong;编钟是一种大型的青铜乐器，所谓音不正不行，定制乐礼规格是保证长治久安的前提。;;;;;;;;;;X,,,,,
daiyanzhisong;戴偃之宋;;;;;;;;;;X,,,,,
desc_daiyanzhisong;戴偃之宋;;;;;;;;;;X,,,,,
wuqiansheng;五千乘之劲宋;;;;;;;;;;X,,,,,
desc_wuqiansheng;五千乘之劲宋;;;;;;;;;;X,,,,,
jiesong;桀宋;;;;;;;;;;X,,,,,
desc_jiesong;桀宋;;;;;;;;;;X,,,,,
yingshanyigu;殷商遗孤之咆哮;;;;;;;;;;X,,,,,
desc_yingshanyigu;殷商遗孤之咆哮;;;;;;;;;;X,,,,,
ji;吉兆;;;;;;;;;;X,,,,,
desc_ji;吉兆;;;;;;;;;;X,,,,,
xiong;凶兆;;;;;;;;;;X,,,,,
desc_xiong;凶兆;;;;;;;;;;X,,,,,
jinian;吉年出战;;;;;;;;;;X,,,,,
desc_jinian;我师必胜、敌寇必诛;;;;;;;;;;X,,,,,
xiongnian;凶年出战;;;;;;;;;;X,,,,,
desc_xiongnian;我师必败、损兵折将;;;;;;;;;;X,,,,,
fangkuangguodu;疯狂国度;;;;;;;;;;X,,,,,
desc_fangkuangguodu;国君疯狂，是整个国家也陷入疯狂！;;;;;;;;;;X,,,,,
dashangjinnei;大赏境内;;;;;;;;;;X,,,,,
desc_dashangjinnei;大赏境内;;;;;;;;;;X,,,,,
zhengdunlizhi;整顿吏治;;;;;;;;;;X,,,,,
desc_zhengdunlizhi;整顿吏治;;;;;;;;;;X,,,,,
guangkaiyanlu;广开言路;;;;;;;;;;X,,,,,
desc_guangkaiyanlu;广开言路;;;;;;;;;;X,,,,,
bingchizhouli;秉持周礼;;;;;;;;;;X,,,,,
desc_bingchizhouli;秉持周礼;;;;;;;;;;X,,,,,
qishan;商礼;;;;;;;;;;X,,,,,
desc_qishan;商礼;;;;;;;;;;X,,,,,
xicui;西陲;;;;;;;;;;X,,,,,
desc_xicui;西陲;;;;;;;;;;X,,,,,
JIN_buff2;晋无公族;;;;;;;;;;X,,,,,
desc_JIN_buff2;晋国在曲沃代翼之后，为了避免公家实力过于强大，采取了不分封群公子的政策，从此晋国公族势力大为衰弱，六卿取而代之成为了国家政治核心。;;;;;;;;;;X,,,,,
JIN_buff1;万乘之国;;;;;;;;;;X,,,,,
desc_JIN_buff1;万乘之国;;;;;;;;;;X,,,,,
guangxi;关西;;;;;;;;;;X,,,,,
jisishangdi;祭祀上帝;;;;;;;;;;X,,,,,
zhoushizhizhang;周室之长;;;;;;;;;;X,,,,,
desc_guangxi;关西;;;;;;;;;;X,,,,,
desc_jisishangdi;祭祀上帝;;;;;;;;;;X,,,,,
desc_zhoushizhizhang;周室之长;;;;;;;;;;X,,,,,
yuenvjian;越女剑;;;;;;;;;;X,,,,,
desc_yuenvjian;越女剑;;;;;;;;;;X,,,,,
baihuzhilv;白虎之族;;;;;;;;;;X,,,,,
desc_baihuzhilv;巴族与白虎有着神秘的联系。;;;;;;;;;;X,,,,,
wangcongyijiao;望丛遗教;;;;;;;;;;X,,,,,
desc_wangcongyijiao;在春秋时代之前蜀国已经有悠久的本土开发历史。望帝杜宇教民务农，丛帝开明以水利留名，留下了蜀国的生产传统。;;;;;;;;;;X,,,,,
shuguoyiming;接受蜀国遗民;;;;;;;;;;X,,,,,
desc_shuguoyiming;蜀国灭亡后，遗民在王子的带领下南下。这只部族文化先进，而且据说拥有一支神弩。;;;;;;;;;;X,,,,,
weiwangtishen;威望提升;;;;;;;;;;X,,,,,
desc_weiwangtishen;威望提升;;;;;;;;;;X,,,,,
zhanguoshidai;战国时代;;;;;;;;;;;;;x;,,,,,
desc_zhanguoshidai;随着国家兼并战争加剧，中国进入了战国时代;;;;;;;;;;;;;x;,,,,,
luck_QIG;历史强国-齐国;;;;;;;;;;X,,,,,
desc_luck_QIG;齐国是春秋战国时期的重要国家，齐桓公是春秋时代第一个全国性质的霸主，此后齐国也一直保持着山东大国的地位，至战国宣王、威王时期，达到了另一个高峰;;;;;;;;;;X,,,,,
luck_QIN;历史强国-秦国;;;;;;;;;;X,,,,,
desc_luck_QIN;秦国在春秋早期并不显眼但迅速扩大了自己在关中地区的影响力，秦穆公称霸西戎后秦国中衰，至商鞅变法后再度崛起直到一统天下;;;;;;;;;;X,,,,,
luck_JIN;历史强国-晋国;;;;;;;;;;X,,,,,
desc_luck_JIN;晋国是整个春秋时期最大的霸主，在经历了早期的内部动荡后长期保持霸主地位，至春秋后期，六卿架空君主瓜分权力，最终导致晋国霸业中衰，直到三家分晋;;;;;;;;;;X,,,,,
luck_CHU;历史强国-楚国;;;;;;;;;;X,,,,,
desc_luck_CHU;春秋战国的统一进程有一半是由南方不同文化的楚国完成的，进入春秋时代后，楚国就开始了急速扩张的过程并多次问鼎中原，被吴国击破后楚国一度在战国复兴，但怀王之后，庞大的楚国最终衰落;;;;;;;;;;X,,,,,
luck_WUG;历史强国-吴国;;;;;;;;;;X,,,,,
desc_luck_WUG;吴国是春秋后期舞台上的重要国家，经过几代人的改革，逐渐成为东南强国并在阖闾时代攻克楚国首都郢，夫差即位后积极争霸中原，但被勾践所灭。;;;;;;;;;;X,,,,,
luck_YGO;历史强国-越国;;;;;;;;;;X,,,,,
desc_luck_YGO;越国作为偏远落后国家，直到春秋末期才和中原发生接触，但在勾践时期成功消灭当时的霸主吴国，勾践随后也成为了春秋时期最后一个霸主。;;;;;;;;;;X,,,,,
luck_ZGO;历史强国-郑国;;;;;;;;;;X,,,,,
desc_luck_ZGO;郑国是春秋时期中原的主要诸侯国，郑庄公充分利用外交和军事手段扩展势力，是春秋时代第一个小霸主。;;;;;;;;;;X,,,,,
luck_WEI;历史强国-魏国;;;;;;;;;;X,,,,,
desc_luck_WEI;魏国源自三家分晋，从战国一开始就成为了中原强国，魏文侯时期魏国人才济济，北灭中山，西取秦河西，南征楚，是战国早期第一强国。;;;;;;;;;;X,,,,,
luck_ZHO;历史强国-赵国;;;;;;;;;;X,,,,,
desc_luck_ZHO;赵国在战国前期表现平平，但在武灵王胡服骑射改革后逐渐成为唯一能和秦国抗衡的国家，至战国末期仍保持着较为强大的军事实力。;;;;;;;;;;X,,,,,
luck_YAN;历史强国-燕国;;;;;;;;;;X,,,,,
desc_luck_YAN;燕国位置偏远，整个春秋时代默默无闻，但在燕昭王时期也曾实现短暂的辉煌，一度攻取齐国七十余城。;;;;;;;;;;X,,,,,
goverment_tech_5;行政科技加成;;;;;;;;;;X,,,,,
desc_goverment_tech_5;行政科技加成;;;;;;;;;;X,,,,,
goverment_tech_10;行政科技加成;;;;;;;;;;X,,,,,
desc_goverment_tech_10;行政科技加成;;;;;;;;;;X,,,,,
goverment_tech_15;行政科技加成;;;;;;;;;;X,,,,,
desc_goverment_tech_15;行政科技加成;;;;;;;;;;X,,,,,
goverment_tech_20;行政科技加成;;;;;;;;;;X,,,,,
desc_goverment_tech_20;行政科技加成;;;;;;;;;;X,,,,,
goverment_tech_25;行政科技加成;;;;;;;;;;X,,,,,
desc_goverment_tech_25;行政科技加成;;;;;;;;;;X,,,,,
goverment_tech_30;行政科技加成;;;;;;;;;;X,,,,,
desc_goverment_tech_30;行政科技加成;;;;;;;;;;X,,,,,
goverment_tech_35;行政科技加成;;;;;;;;;;X,,,,,
desc_goverment_tech_35;行政科技加成;;;;;;;;;;X,,,,,
goverment_tech_40;行政科技加成;;;;;;;;;;X,,,,,
desc_goverment_tech_40;行政科技加成;;;;;;;;;;X,,,,,
goverment_tech_45;行政科技加成;;;;;;;;;;X,,,,,
desc_goverment_tech_45;行政科技加成;;;;;;;;;;X,,,,,
goverment_tech_50;行政科技加成;;;;;;;;;;X,,,,,
desc_goverment_tech_50;行政科技加成;;;;;;;;;;X,,,,,
goverment_tech_55;行政科技加成;;;;;;;;;;X,,,,,
desc_goverment_tech_55;行政科技加成;;;;;;;;;;X,,,,,
goverment_tech_60;行政科技加成;;;;;;;;;;X,,,,,
desc_goverment_tech_60;行政科技加成;;;;;;;;;;X,,,,,
goverment_tech_65;行政科技加成;;;;;;;;;;X,,,,,
desc_goverment_tech_65;行政科技加成;;;;;;;;;;X,,,,,
goverment_tech_70;行政科技加成;;;;;;;;;;X,,,,,
desc_goverment_tech_70;行政科技加成;;;;;;;;;;X,,,,,
goverment_tech_75;行政科技加成;;;;;;;;;;X,,,,,
desc_goverment_tech_75;行政科技加成;;;;;;;;;;X,,,,,
goverment_tech_80;行政科技加成;;;;;;;;;;X,,,,,
desc_goverment_tech_80;行政科技加成;;;;;;;;;;X,,,,,
land_tech_5;军事科技加成;;;;;;;;;;X,,,,,
desc_land_tech_5;军事科技加成;;;;;;;;;;X,,,,,
land_tech_10;军事科技加成;;;;;;;;;;X,,,,,
desc_land_tech_10;军事科技加成;;;;;;;;;;X,,,,,
land_tech_15;军事科技加成;;;;;;;;;;X,,,,,
desc_land_tech_15;军事科技加成;;;;;;;;;;X,,,,,
land_tech_20;军事科技加成;;;;;;;;;;X,,,,,
desc_land_tech_20;军事科技加成;;;;;;;;;;X,,,,,
land_tech_25;军事科技加成;;;;;;;;;;X,,,,,
desc_land_tech_25;军事科技加成;;;;;;;;;;X,,,,,
land_tech_30;军事科技加成;;;;;;;;;;X,,,,,
desc_land_tech_30;军事科技加成;;;;;;;;;;X,,,,,
land_tech_35;军事科技加成;;;;;;;;;;X,,,,,
desc_land_tech_35;军事科技加成;;;;;;;;;;X,,,,,
land_tech_40;军事科技加成;;;;;;;;;;X,,,,,
desc_land_tech_40;军事科技加成;;;;;;;;;;X,,,,,
land_tech_45;军事科技加成;;;;;;;;;;X,,,,,
desc_land_tech_45;军事科技加成;;;;;;;;;;X,,,,,
land_tech_50;军事科技加成;;;;;;;;;;X,,,,,
desc_land_tech_50;军事科技加成;;;;;;;;;;X,,,,,
land_tech_55;军事科技加成;;;;;;;;;;X,,,,,
desc_land_tech_55;军事科技加成;;;;;;;;;;X,,,,,
land_tech_60;军事科技加成;;;;;;;;;;X,,,,,
desc_land_tech_60;军事科技加成;;;;;;;;;;X,,,,,
land_tech_65;军事科技加成;;;;;;;;;;X,,,,,
desc_land_tech_65;军事科技加成;;;;;;;;;;X,,,,,
land_tech_70;军事科技加成;;;;;;;;;;X,,,,,
desc_land_tech_70;军事科技加成;;;;;;;;;;X,,,,,
land_tech_75;军事科技加成;;;;;;;;;;X,,,,,
desc_land_tech_75;军事科技加成;;;;;;;;;;X,,,,,
land_tech_80;军事科技加成;;;;;;;;;;X,,,,,
desc_land_tech_80;军事科技加成;;;;;;;;;;X,,,,,
naval_tech_5;文化科技加成;;;;;;;;;;X,,,,,
desc_naval_tech_5;文化科技加成;;;;;;;;;;X,,,,,
naval_tech_10;文化科技加成;;;;;;;;;;X,,,,,
desc_naval_tech_10;文化科技加成;;;;;;;;;;X,,,,,
naval_tech_15;文化科技加成;;;;;;;;;;X,,,,,
desc_naval_tech_15;文化科技加成;;;;;;;;;;X,,,,,
naval_tech_20;文化科技加成;;;;;;;;;;X,,,,,
desc_naval_tech_20;文化科技加成;;;;;;;;;;X,,,,,
naval_tech_25;文化科技加成;;;;;;;;;;X,,,,,
desc_naval_tech_25;文化科技加成;;;;;;;;;;X,,,,,
naval_tech_30;文化科技加成;;;;;;;;;;X,,,,,
desc_naval_tech_30;文化科技加成;;;;;;;;;;X,,,,,
naval_tech_35;文化科技加成;;;;;;;;;;X,,,,,
desc_naval_tech_35;文化科技加成;;;;;;;;;;X,,,,,
naval_tech_40;文化科技加成;;;;;;;;;;X,,,,,
desc_naval_tech_40;文化科技加成;;;;;;;;;;X,,,,,
naval_tech_45;文化科技加成;;;;;;;;;;X,,,,,
desc_naval_tech_45;文化科技加成;;;;;;;;;;X,,,,,
naval_tech_50;文化科技加成;;;;;;;;;;X,,,,,
desc_naval_tech_50;文化科技加成;;;;;;;;;;X,,,,,
naval_tech_55;文化科技加成;;;;;;;;;;X,,,,,
desc_naval_tech_55;文化科技加成;;;;;;;;;;X,,,,,
naval_tech_60;文化科技加成;;;;;;;;;;X,,,,,
desc_naval_tech_60;文化科技加成;;;;;;;;;;X,,,,,
naval_tech_65;文化科技加成;;;;;;;;;;X,,,,,
desc_naval_tech_65;文化科技加成;;;;;;;;;;X,,,,,
naval_tech_70;文化科技加成;;;;;;;;;;X,,,,,
desc_naval_tech_70;文化科技加成;;;;;;;;;;X,,,,,
naval_tech_75;文化科技加成;;;;;;;;;;X,,,,,
desc_naval_tech_75;文化科技加成;;;;;;;;;;X,,,,,
naval_tech_80;文化科技加成;;;;;;;;;;X,,,,,
desc_naval_tech_80;文化科技加成;;;;;;;;;;X,,,,,
trade_tech_5;商业科技加成;;;;;;;;;;X,,,,,
desc_trade_tech_5;商业科技加成;;;;;;;;;;X,,,,,
trade_tech_10;商业科技加成;;;;;;;;;;X,,,,,
desc_trade_tech_10;商业科技加成;;;;;;;;;;X,,,,,
trade_tech_15;商业科技加成;;;;;;;;;;X,,,,,
desc_trade_tech_15;商业科技加成;;;;;;;;;;X,,,,,
trade_tech_20;商业科技加成;;;;;;;;;;X,,,,,
desc_trade_tech_20;商业科技加成;;;;;;;;;;X,,,,,
trade_tech_25;商业科技加成;;;;;;;;;;X,,,,,
desc_trade_tech_25;商业科技加成;;;;;;;;;;X,,,,,
trade_tech_30;商业科技加成;;;;;;;;;;X,,,,,
desc_trade_tech_30;商业科技加成;;;;;;;;;;X,,,,,
trade_tech_35;商业科技加成;;;;;;;;;;X,,,,,
desc_trade_tech_35;商业科技加成;;;;;;;;;;X,,,,,
trade_tech_40;商业科技加成;;;;;;;;;;X,,,,,
desc_trade_tech_40;商业科技加成;;;;;;;;;;X,,,,,
trade_tech_45;商业科技加成;;;;;;;;;;X,,,,,
desc_trade_tech_45;商业科技加成;;;;;;;;;;X,,,,,
trade_tech_50;商业科技加成;;;;;;;;;;X,,,,,
desc_trade_tech_50;商业科技加成;;;;;;;;;;X,,,,,
trade_tech_55;商业科技加成;;;;;;;;;;X,,,,,
desc_trade_tech_55;商业科技加成;;;;;;;;;;X,,,,,
trade_tech_60;商业科技加成;;;;;;;;;;X,,,,,
desc_trade_tech_60;商业科技加成;;;;;;;;;;X,,,,,
trade_tech_65;商业科技加成;;;;;;;;;;X,,,,,
desc_trade_tech_65;商业科技加成;;;;;;;;;;X,,,,,
trade_tech_70;商业科技加成;;;;;;;;;;X,,,,,
desc_trade_tech_70;商业科技加成;;;;;;;;;;X,,,,,
trade_tech_75;商业科技加成;;;;;;;;;;X,,,,,
desc_trade_tech_75;商业科技加成;;;;;;;;;;X,,,,,
trade_tech_80;商业科技加成;;;;;;;;;;X,,,,,
desc_trade_tech_80;商业科技加成;;;;;;;;;;X,,,,,
chengwenfa;成文法;;;;;;;;;;X,,,,,
desc_chengwenfa;经过鼎刑铸书的成文法典，是国家规章的基础。;;;;;;;;;;X,,,,,
quanmianwaijiao;全面外交策略;;;;;;;;;;X,,,,,
desc_quanmianwaijiao;在决定施行广泛游说政策后，我国的外交人员全面行走于各诸侯国之间，这极大的改变了我国的国际形象，不过一时间外交人才也近乎于告急。;;;;;;;;;;X,,,,,
fengshangtaishang;封禅;;;;;;;;;;X,,,,,
desc_fengshangtaishang;封禅;;;;;;;;;;X,,,,,
shangwuchuantong;尚武传统;;;;;;;;;;X,,,,,
desc_shangwuchuantong;戎狄蛮夷的部落散布于中原，他们虽然在政治经济上落后，但在军事上却并不落后于中原国家，这主要是长期部落战争造成的尚武传统所致。;;;;;;;;;;X,,,,,
waijiaoguanxi_1a;维持同盟关系;;;;;;;;;;X,,,,,
desc_waijiaoguanxi_1a;为了维持当前的同盟数量，每年必须派出一定数量的外交人员进行活动。;;;;;;;;;;X,,,,,
waijiaoguanxi_2a;维持同盟关系;;;;;;;;;;X,,,,,
desc_waijiaoguanxi_2a;为了维持当前的同盟数量，每年必须派出一定数量的外交人员进行活动。;;;;;;;;;;X,,,,,
waijiaoguanxi_3a;维持同盟关系;;;;;;;;;;X,,,,,
desc_waijiaoguanxi_3a;为了维持当前的同盟数量，每年必须派出一定数量的外交人员进行活动。;;;;;;;;;;X,,,,,
waijiaoguanxi_4a;维持同盟关系;;;;;;;;;;X,,,,,
desc_waijiaoguanxi_4a;为了维持当前的同盟数量，每年必须派出一定数量的外交人员进行活动。;;;;;;;;;;X,,,,,
waijiaoguanxi_5a;维持同盟关系;;;;;;;;;;X,,,,,
desc_waijiaoguanxi_5a;为了维持当前的同盟数量，每年必须派出一定数量的外交人员进行活动。;;;;;;;;;;X,,,,,
waijiaoguanxi_6a;维持同盟关系;;;;;;;;;;X,,,,,
desc_waijiaoguanxi_6a;为了维持当前的同盟数量，每年必须派出一定数量的外交人员进行活动。;;;;;;;;;;X,,,,,
waijiaoguanxi_7a;维持同盟关系;;;;;;;;;;X,,,,,
desc_waijiaoguanxi_7a;为了维持当前的同盟数量，每年必须派出一定数量的外交人员进行活动。;;;;;;;;;;X,,,,,
waijiaoguanxi_8a;维持同盟关系;;;;;;;;;;X,,,,,
desc_waijiaoguanxi_8a;为了维持当前的同盟数量，每年必须派出一定数量的外交人员进行活动。;;;;;;;;;;X,,,,,
waijiaoguanxi_9a;维持同盟关系;;;;;;;;;;X,,,,,
desc_waijiaoguanxi_9a;为了维持当前的同盟数量，每年必须派出一定数量的外交人员进行活动。;;;;;;;;;;X,,,,,
waijiaoguanxi_10a;维持同盟关系;;;;;;;;;;X,,,,,
desc_waijiaoguanxi_10a;为了维持当前的同盟数量，每年必须派出一定数量的外交人员进行活动。;;;;;;;;;;X,,,,,
waijiaoguanxi_12a;维持同盟关系;;;;;;;;;;X,,,,,
desc_waijiaoguanxi_12a;为了维持当前的同盟数量，每年必须派出一定数量的外交人员进行活动。;;;;;;;;;;X,,,,,
waijiaoguanxi_14a;维持同盟关系;;;;;;;;;;X,,,,,
desc_waijiaoguanxi_14a;为了维持当前的同盟数量，每年必须派出一定数量的外交人员进行活动。;;;;;;;;;;X,,,,,
waijiaoguanxi_16a;维持同盟关系;;;;;;;;;;X,,,,,
desc_waijiaoguanxi_16a;为了维持当前的同盟数量，每年必须派出一定数量的外交人员进行活动。;;;;;;;;;;X,,,,,
waijiaoguanxi_18a;维持同盟关系;;;;;;;;;;X,,,,,
desc_waijiaoguanxi_18a;为了维持当前的同盟数量，每年必须派出一定数量的外交人员进行活动。;;;;;;;;;;X,,,,,
waijiaoguanxi_20a;维持同盟关系;;;;;;;;;;X,,,,,
desc_waijiaoguanxi_20a;为了维持当前的同盟数量，每年必须派出一定数量的外交人员进行活动。;;;;;;;;;;X,,,,,
waijiaoguanxi_1b;维持附庸关系;;;;;;;;;;X,,,,,
desc_waijiaoguanxi_1b;为了维持当前的附庸数量，每年必须派出一定数量的外交人员进行活动。;;;;;;;;;;X,,,,,
waijiaoguanxi_2b;维持附庸关系;;;;;;;;;;X,,,,,
desc_waijiaoguanxi_2b;为了维持当前的附庸数量，每年必须派出一定数量的外交人员进行活动。;;;;;;;;;;X,,,,,
waijiaoguanxi_3b;维持附庸关系;;;;;;;;;;X,,,,,
desc_waijiaoguanxi_3b;为了维持当前的附庸数量，每年必须派出一定数量的外交人员进行活动。;;;;;;;;;;X,,,,,
waijiaoguanxi_4b;维持附庸关系;;;;;;;;;;X,,,,,
desc_waijiaoguanxi_4b;为了维持当前的附庸数量，每年必须派出一定数量的外交人员进行活动。;;;;;;;;;;X,,,,,
waijiaoguanxi_5b;维持附庸关系;;;;;;;;;;X,,,,,
desc_waijiaoguanxi_5b;为了维持当前的附庸数量，每年必须派出一定数量的外交人员进行活动。;;;;;;;;;;X,,,,,
waijiaoguanxi_6b;维持附庸关系;;;;;;;;;;X,,,,,
desc_waijiaoguanxi_6b;为了维持当前的附庸数量，每年必须派出一定数量的外交人员进行活动。;;;;;;;;;;X,,,,,
waijiaoguanxi_7b;维持附庸关系;;;;;;;;;;X,,,,,
desc_waijiaoguanxi_7b;为了维持当前的附庸数量，每年必须派出一定数量的外交人员进行活动。;;;;;;;;;;X,,,,,
waijiaoguanxi_8b;维持附庸关系;;;;;;;;;;X,,,,,
desc_waijiaoguanxi_8b;为了维持当前的附庸数量，每年必须派出一定数量的外交人员进行活动。;;;;;;;;;;X,,,,,
waijiaoguanxi_9b;维持附庸关系;;;;;;;;;;X,,,,,
desc_waijiaoguanxi_9b;为了维持当前的附庸数量，每年必须派出一定数量的外交人员进行活动。;;;;;;;;;;X,,,,,
waijiaoguanxi_10b;维持附庸关系;;;;;;;;;;X,,,,,
desc_waijiaoguanxi_10b;为了维持当前的附庸数量，每年必须派出一定数量的外交人员进行活动。;;;;;;;;;;X,,,,,
waijiaoguanxi_12b;维持附庸关系;;;;;;;;;;X,,,,,
desc_waijiaoguanxi_12b;为了维持当前的附庸数量，每年必须派出一定数量的外交人员进行活动。;;;;;;;;;;X,,,,,
waijiaoguanxi_14b;维持附庸关系;;;;;;;;;;X,,,,,
desc_waijiaoguanxi_14b;为了维持当前的附庸数量，每年必须派出一定数量的外交人员进行活动。;;;;;;;;;;X,,,,,
waijiaoguanxi_16b;维持附庸关系;;;;;;;;;;X,,,,,
desc_waijiaoguanxi_16b;为了维持当前的附庸数量，每年必须派出一定数量的外交人员进行活动。;;;;;;;;;;X,,,,,
waijiaoguanxi_18b;维持附庸关系;;;;;;;;;;X,,,,,
desc_waijiaoguanxi_18b;为了维持当前的附庸数量，每年必须派出一定数量的外交人员进行活动。;;;;;;;;;;X,,,,,
waijiaoguanxi_20b;维持附庸关系;;;;;;;;;;X,,,,,
desc_waijiaoguanxi_20b;为了维持当前的附庸数量，每年必须派出一定数量的外交人员进行活动。;;;;;;;;;;X,,,,,
huangmannanzhi;荒蛮难治;;;;;;;;;;X,,,,,
desc_huangmannanzhi;这里的自然环境不适宜农耕，也不利于中央政府管辖，恢复当地的部落权利应当更利于该地区的管理。;;;;;;;;;;X,,,,,
helpnomad_group;蛮夷骑兵;;;;;;;;;;X,,,,,
desc_helpnomad_group;蛮夷部落有长期训话马匹的传统，因此擅长骑兵作战，训练骑兵的费用也相对便宜。;;;;;;;;;;X,,,,,
manyijieluezhanzheng;劫掠战争;;;;;;;;;;X,,,,,
desc_manyijieluezhanzheng;原始信仰鼓励劫掠，在战争中这是激励军队士气的好办法，但也会引起小小的不安。;;;;;;;;;;X,,,,,
religious_zeal_at_conv;百家争鸣;;;;;;;;;;X,,,,,
desc_religious_zeal_at_conv;一位圣哲不久前在此地讲学，曾经引起了巨大的轰动，现在他的学说在当地占据支配地位，难以轻易撼动。;;;;;;;;;;X,,,,,
weizhenhuaxia;威震华夏;;;;;;;;;;X,,,,,
desc_weizhenhuaxia;我国声名日隆，国内各地都表示臣服，新近征服之地也不敢有异心。;;;;;;;;;;X,,,,,
shangyefanrong1;商业繁荣;;;;;;;;;;X,,,,,
desc_shangyefanrong1;此地交通便利，商业繁荣，人民富足。;;;;;;;;;;X,,,,,
zhengbazhanzheng;争霸战争;;;;;;;;;;X,,,,,
desc_zhengbazhanzheng;由于霸主和争霸者连年进行争霸战争，中原各主要国家饱受其苦，只有通过弭兵才能终结这一过程。;;;;;;;;;;;X,,,,,
conghuiguoren;聪慧过人;;;;;;;;;;X,,,,,
desc_conghuiguoren;聪慧过人;;;;;;;;;;X,,,,,
yudunwuzhi;愚钝无知;;;;;;;;;X,,,,,
desc_yudunwuzhi;愚钝无知;;;;;;;;;;X,,,,,
leilifengxing;雷厉风行;;;;;;;;;;X,,,,,
desc_leilifengxing;雷厉风行;;;;;;;;;;X,,,,,
jinxiaoshenwei;谨小慎微;;;;;;;;;X,,,,,
desc_jinxiaoshenwei;谨小慎微;;;;;;;;;;X,,,,,
qinjianzichi;勤俭自持;;;;;;;;;;X,,,,,
desc_qinjianzichi;勤俭自持;;;;;;;;;;X,,,,,
qiongshejiyu;穷奢极欲;;;;;;;;;X,,,,,
desc_qiongshejiyu;穷奢极欲;;;;;;;;;;X,,,,,
zhirenshanren;知人善任;;;;;;;;;;X,,,,,
desc_zhirenshanren;知人善任;;;;;;;;;;X,,,,,
jixianduneng;嫉贤妒能;;;;;;;;;X,,,,,
desc_jixianduneng;嫉贤妒能;;;;;;;;;;X,,,,,
bujinnvse;不近女色;;;;;;;;;;X,,,,,
desc_bujinnvse;不近女色;;;;;;;;;;X,,,,,
huangyinwudu;荒淫无度;;;;;;;;;X,,,,,
desc_huangyinwudu;荒淫无度;;;;;;;;;;X,,,,,
renaiqinxia;仁爱亲下;;;;;;;;;;X,,,,,
desc_renaiqinxia;仁爱亲下;;;;;;;;;;X,,,,,
gaoaolengku;高傲冷酷;;;;;;;;;X,,,,,
desc_gaoaolengku;高傲冷酷;;;;;;;;;;X,,,,,
gongzhengyanming;公正严明;;;;;;;;;;X,,,,,
desc_gongzhengyanming;公正严明;;;;;;;;;;X,,,,,
piansixiaai;偏私狭隘;;;;;;;;;X,,,,,
desc_piansixiaai;偏私狭隘;;;;;;;;;;X,,,,,
kuakuaqitan;夸夸其谈;;;;;;;;;;X,,,,,
desc_kuakuaqitan;夸夸其谈;;;;;;;;;;X,,,,,
shoukouruping;守口如瓶;;;;;;;;;X,,,,,
desc_shoukouruping;守口如瓶;;;;;;;;;;X,,,,,
jianyibuqu;坚毅不屈;;;;;;;;;;X,,,,,
desc_jianyibuqu;坚毅不屈;;;;;;;;;;X,,,,,
nuoruodanqie;懦弱胆怯;;;;;;;;;X,,,,,
desc_nuoruodanqie;懦弱胆怯;;;;;;;;;;X,,,,,
yongwuhaodou;勇武好斗;;;;;;;;;;X,,,,,
desc_yongwuhaodou;勇武好斗;;;;;;;;;;X,,,,,
qianrangrennai;谦让忍耐;;;;;;;;;X,,,,,
desc_qianrangrennai;谦让忍耐;;;;;;;;;;X,,,,,
xiongxinwanzhang;雄心万丈;;;;;;;;;;X,,,,,
desc_xiongxinwanzhang;雄心万丈;;;;;;;;;;X,,,,,
zhizuchangle;知足常乐;;;;;;;;;X,,,,,
desc_zhizuchangle;知足常乐;;;;;;;;;;X,,,,,
xinjinance;心机难测;;;;;;;;;;X,,,,,
desc_xinjinance;心机难测;;;;;;;;;;X,,,,,
chengshitanran;诚实坦然;;;;;;;;;X,,,,,
desc_chengshitanran;诚实坦然;;;;;;;;;;X,,,,,
settlement_policy;移民同化;;;;;;;;;X,,,,,
desc_settlement_policy;移民同化;;;;;;;;;;X,,,,,
fengkuangguodu;桀宋;;;;;;;;;;X,,,,,
desc_fengkuangguodu;桀宋;;;;;;;;;;X,,,,,
rensong;仁宋;;;;;;;;;X,,,,,
desc_rensong;仁宋;;;;;;;;;;XX,,,,,
xianggongzhiren;襄公之仁;;;;;;;;;X,,,,,
desc_xianggongzhiren;襄公之仁;;;;;;;;;;XX,,,,,
chengwang;称王;;;;;;;;;X,,,,,
desc_chengwang;称王;;;;;;;;;;XX,,,,,
jujuechengwang;拒绝称王;;;;;;;;;X,,,,,
desc_jujuechengwang;拒绝称王;;;;;;;;;;XX,,,,,
shituduli;尝试独立;;;;;;;;;X,,,,,
desc_shituduli;我们作为一个附庸国，最近五年内曾经尝试过独立;;;;;;;;;;XX,,,,,
taihoubuman;太后不满;;;;;;;;;X,,,,,
desc_taihoubuman;由于国军的一些列决定违逆了太后的想法，太后正处于不满当中，这对于国家稳定是一个威胁。;;;;;;;;;;XX,,,,,
cuanweizhijun;篡位之君;;;;;;;;;X,,,,,
desc_cuanweizhijun;我国的国君是篡位而来的，无法受到人民的认同。;;;;;;;;;;XX,,,,,
illegal_control_ZHOU;占据天子宫室;;;;;;;;;;X,,,,,
desc_illegal_control_ZHOU;我国胆大妄为的占据了天子宫室，这将使得我国成为众矢之的。;;;;;;;;;;X,,,,,
vassal_morale_limit;附庸国限制;;;;;;;;;;X,,,,,
desc_vassal_morale_limit;我国属于他国的附庸，在军事和税收上都受到极大地限制，摆脱附庸地位是改变现状的唯一方法。;;;;;;;;;;X,,,,,
dongyuansimubudui;地方部队已被征召;;;;;;;;;X,,,,,
desc_dongyuansimubudui;地方的私募部队已经被征召，因此地方的防御力量正在减弱。;;;;;;;;;;XX,,,,,
simubuduidongyuan;私募部队总动员;;;;;;;;;X,,,,,
desc_simubuduidongyuan;国家已经下令动员全国私募部队，可能会使得我国的持续作战能力减弱。;;;;;;;;;;XX,,,,,
country_size_1_6;弹丸小国;;;;;;;;;X,,,,,
desc_country_size_1_6;国家的实际力量并不完全和国家大小成正比，相对而言较小的国家有更高的行政效率和征召比率，此修正为更好地模拟和平衡而存在。;;;;;;;;;;X,,,,,
country_size_6_12;蕞尔小国;;;;;;;;;X,,,,,
desc_country_size_6_12;国家的实际力量并不完全和国家大小成正比，相对而言较小的国家有更高的行政效率和征召比率，此修正为更好地模拟和平衡而存在。;;;;;;;;;;X,,,,,
country_size_12_20;声名鹊起;;;;;;;;;X,,,,,
desc_country_size_12_20;国家的实际力量并不完全和国家大小成正比，相对而言较小的国家有更高的行政效率和征召比率，此修正为更好地模拟和平衡而存在。;;;;;;;;;;X,,,,,
country_size_20_30;百乘之邦;;;;;;;;;X,,,,,
desc_country_size_20_30;国家的实际力量并不完全和国家大小成正比，相对而言较小的国家有更高的行政效率和征召比率，此修正为更好地模拟和平衡而存在。;;;;;;;;;;X,,,,,
country_size_30_45;地域宽广;;;;;;;;;X,,,,,
desc_country_size_30_45;国家的实际力量并不完全和国家大小成正比，相对而言较小的国家有更高的行政效率和征召比率，此修正为更好地模拟和平衡而存在。;;;;;;;;;;X,,,,,
country_size_45_60;幅员辽阔;;;;;;;;;X,,,,,
desc_country_size_45_60;国家的实际力量并不完全和国家大小成正比，相对而言较小的国家有更高的行政效率和征召比率，此修正为更好地模拟和平衡而存在。;;;;;;;;;;X,,,,,
country_size_60_80;国土广袤;;;;;;;;;X,,,,,
desc_country_size_60_80;国家的实际力量并不完全和国家大小成正比，相对而言较小的国家有更高的行政效率和征召比率，此修正为更好地模拟和平衡而存在。;;;;;;;;;;X,,,,,
country_size_80_100;区域霸主;;;;;;;;;X,,,,,
desc_country_size_80_100;国家的实际力量并不完全和国家大小成正比，相对而言较小的国家有更高的行政效率和征召比率，此修正为更好地模拟和平衡而存在。;;;;;;;;;;X,,,,,
country_size_100_150;蛟龙出渊;;;;;;;;;X,,,,,
desc_country_size_100_150;国家的实际力量并不完全和国家大小成正比，相对而言较小的国家有更高的行政效率和征召比率，此修正为更好地模拟和平衡而存在。;;;;;;;;;;X,,,,,
country_size_150_200;龙行天下;;;;;;;;;X,,,,,
desc_country_size_150_200;国家的实际力量并不完全和国家大小成正比，相对而言较小的国家有更高的行政效率和征召比率，此修正为更好地模拟和平衡而存在。;;;;;;;;;;X,,,,,
country_size_200;神州华夏;;;;;;;;;X,,,,,
desc_country_size_200;国家的实际力量并不完全和国家大小成正比，相对而言较小的国家有更高的行政效率和征召比率，此修正为更好地模拟和平衡而存在。;;;;;;;;;;X,,,,,
age_1900;年代修正;;;;;;;;;X,,,,,
desc_age_1900;根据年代而修正经济状况的修正;;;;;;;;;;X,,,,,
age_2000;年代修正;;;;;;;;;X,,,,,
desc_age_2000;根据年代而修正经济状况的修正;;;;;;;;;;X,,,,,
age_2200;年代修正;;;;;;;;;X,,,,,
desc_age_2200;根据年代而修正经济状况的修正;;;;;;;;;;X,,,,,
age_2300;年代修正;;;;;;;;;X,,,,,
desc_age_2300;根据年代而修正经济状况的修正;;;;;;;;;;X,,,,,
age_2400;年代修正;;;;;;;;;X,,,,,
desc_age_2400;根据年代而修正经济状况的修正;;;;;;;;;;X,,,,,
tianxiadaluan;天下大乱;;;;;;;;;X,,,,,
desc_tianxiadaluan;天下大乱;;;;;;;;;;X,,,,,
QIN_gift;称霸西戎;;;;;;;;;X,,,,,
desc_QIN_gift;秦穆公重用由余，加强武备，采取分化政策，逐个打击西戎国家，灭国十二而称霸西戎。;;;;;;;;;;X,,,,,
QIN_gift1;称霸西戎;;;;;;;;;X,,,,,
desc_QIN_gift1;秦穆公重用由余，加强武备，采取分化政策，逐个打击西戎国家，灭国十二而称霸西戎。;;;;;;;;;;X,,,,,
QIN_buff2;血不流干，死不休战！;;;;;;;;;X,,,,,
desc_QIN_buff2;赳赳老秦，复我河山。血不流干，死不休战。西有大秦，如日方升。百年国恨，沧海难平。天下纷扰，何得康宁？秦有锐士，谁与争雄？！;;;;;;;;;;X,,,,,
jiuhezhuhou2_buff;诸侯之伯长，诸侯之盟主耳;;;;;;;;;X,,,,,
desc_jiuhezhuhou2_buff;滨海之东，齐国，九合诸侯，成我霸业，千秋万载也。;;;;;;;;;;X,,,,,
WUG_gift1;仿效华夏;;;;;;;;;X,,,,,
desc_WUG_gift1;吴国旧时不通中原，今国门初开，中原各国不得志之士、有罪离国之辈、或欲扶吴而制楚者，皆奔吴而来，讲习礼乐，教授车战;;;;;;;;;;X,,,,,
WUG_gift2;起兵伐楚;;;;;;;;;X,,,,,
desc_WUG_gift2;吴楚两国积怨甚久，互又攻伐，父子兄弟死于楚者，不可胜数，而楚之叛臣奔吴者，今年尤多，故国家上下同仇敌忾，皆秣马厉兵，愿灭楚而后快;;;;;;;;;;X,,,,,
YGO_debuff;越人难治;;;;;;;;;X,,,,,
desc_YGO_debuff;越人旧俗，披发文身，衣着服饰皆有别于中原，其民风剽悍，好勇斗狠而擅行于山林之地。欲的其民心，非一时之功也。;;;;;;;;;;X,,,,,
rujiajijiu;儒家祭酒;;;;;;;;;X,,,,,
desc_rujiajijiu;目前我国的学宫祭酒由儒家代表担任，这将大大促进儒家学说在我国的传播。;;;;;;;;;;X,,,,,
fajiajijiu;法家祭酒;;;;;;;;;X,,,,,
desc_fajiajijiu;目前我国的学宫祭酒由法家代表担任，这将大大促进法家学说在我国的传播。;;;;;;;;;;X,,,,,
mojiajijiu;墨家祭酒;;;;;;;;;X,,,,,
desc_mojiajijiu;目前我国的学宫祭酒由墨家代表担任，这将大大促进墨家学说在我国的传播。;;;;;;;;;;X,,,,,
daojiajijiu;道家祭酒;;;;;;;;;X,,,,,
desc_daojiajijiu;目前我国的学宫祭酒由道家代表担任，这将大大促进道家学说在我国的传播。;;;;;;;;;;X,,,,,
yinyangjiajijiu;阴阳家祭酒;;;;;;;;;X,,,,,
desc_yiyangjiajijiu;目前我国的学宫祭酒由阴阳家代表担任，这将有利于我国的稳定统治。;;;;;;;;;;X,,,,,
mingjiajijiu;名家祭酒;;;;;;;;;X,,,,,
desc_mingjiajijiu;目前我国的学宫祭酒由名家代表担任，这将提高我国的外交声誉。;;;;;;;;;;X,,,,,
bingjiajijiu;兵家祭酒;;;;;;;;;X,,,,,
desc_bingjiajijiu;目前我国的学宫祭酒由兵家代表担任，这将有利于我国尚武传统的延续。;;;;;;;;;;X,,,,,
nongjiajijiu;农家祭酒;;;;;;;;;X,,,,,
desc_nongjiajijiu;目前我国的学宫祭酒由农家代表担任，他将在首都推行新的农业政策。;;;;;;;;;;X,,,,,
WUG_buff3;孙子兵法;;;;;;;;;X,,,,,
desc_WUG_buff3;《孙子兵法》是中国古代军事文化遗产中的璀璨瑰宝，优秀传统文化的重要组成部分，其内容博大精深，思想精邃富赡，逻辑缜密严谨，是古代军事思想精华的集中体现。作者为春秋时祖籍齐国乐安的吴国将军孙武。;;;;;;;;;;X,,,,,
YGO_buff3;三千越甲;;;;;;;;;X,,,,,
desc_YGO_buff3;凭著勾践等君臣忍辱负重、从大处著想, 结果非但越国得以保全, 还在最后一雪前耻, 反灭了吴国。「精诚所至, 金石为开」, 越国臣民的坚忍得到最终的成果。;;;;;;;;;;X
LUG_gift1;木匠鼻祖;;;;;;;;;X,,,,,
desc_LUG_gfit1;鲁班，姬姓，公输氏，名班，人称公输盘、公输般、班输，尊称公输子。又称鲁盘或者鲁般，惯称“鲁班”。鲁国人。生于周敬王十三年，卒于周贞定王二十五年。是我国古代的一位出色的发明家，两千多年以来，他的名字和有关他的故事，一直在广大人民群众中流传。我国的土木工匠们都尊称他为祖师。;;;;;;;;;;X,,,,,
WEG_buff;鬼谷纵横;;;;;;;;;X,,,,,
desc_WEG_buff;纵横家，列为“九流”之一。后因称凭辩才进行政治活动者为“纵横家”。 纵横即合纵连横。他们朝秦暮楚，事无定主，反复无常，设第划谋多以国家政治需要出发。;;;;;;;;;;X,,,,,
QIG_buff1;重文轻武;;;;;;;;;X,,,,,
desc_QIG_buff1;重文轻武;;;;;;;;;;X,,,,,
QIG_buff2;重武轻文;;;;;;;;;X,,,,,
desc_QIG_buff2;重武轻文;;;;;;;;;;X,,,,,
CHE_cotton;陶正之后;;;;;;;;;X,,,,,
desc_CHE_cotton;我陈国开国国君胡公曾为陶正，今国君为纪念先人，也亲制陶瓷器，国人无不感叹国君之品德。;;;;;;;;;;X,,,,,
CHE_shanrang;禅让;;;;;;;;;X,,,,,
desc_CHE_shanrang;国君禅让，对国家造成了极大影响，看来我们需要经历一段动荡的时期了。;;;;;;;;;;X,,,,,
CHE_buff1;陶正之后;;;;;;;;;X,,,,,
desc_CHE_buff1;我陈国开国国君胡公曾为陶正，今国君为纪念先人，也亲制陶瓷器，国人无不感叹国君之品德。;;;;;;;;;;X,,,,,
CHE_buff2;陶正之后;;;;;;;;;X,,,,,
desc_CHE_buff2;我陈国开国国君胡公曾为陶正，今国君为纪念先人，也亲制陶瓷器，国人无不感叹国君之品德。;;;;;;;;;;X,,,,,
CHE_buff3;陶正之后;;;;;;;;;X,,,,,
desc_CHE_buff3;我陈国开国国君胡公曾为陶正，今国君为纪念先人，也亲制陶瓷器，国人无不感叹国君之品德。;;;;;;;;;;X,,,,,
CHE_buff4;陶正之后;;;;;;;;;X,,,,,
desc_CHE_buff4;我陈国开国国君胡公曾为陶正，今国君为纪念先人，也亲制陶瓷器，国人无不感叹国君之品德。;;;;;;;;;;X,,,,,
CHE_buff5;陶正之后;;;;;;;;;X,,,,,
desc_CHE_buff5;我陈国开国国君胡公曾为陶正，今国君为纪念先人，也亲制陶瓷器，国人无不感叹国君之品德。;;;;;;;;;;X,,,,,
CHE_buff6;陶正之后;;;;;;;;;X,,,,,
desc_CHE_buff6;我陈国开国国君胡公曾为陶正，今国君为纪念先人，也亲制陶瓷器，国人无不感叹国君之品德。;;;;;;;;;;X,,,,,
CHE_buff7;陶正之后;;;;;;;;;X,,,,,
desc_CHE_buff7;我陈国开国国君胡公曾为陶正，今国君为纪念先人，也亲制陶瓷器，国人无不感叹国君之品德。;;;;;;;;;;X,,,,,
CHE_buff8;陶正之后;;;;;;;;;X,,,,,
desc_CHE_buff8;我陈国开国国君胡公曾为陶正，今国君为纪念先人，也亲制陶瓷器，国人无不感叹国君之品德。;;;;;;;;;;X,,,,,
SGU_kaiguohemangran;开国何茫然;;;;;;;;;X,,,,,
desc_SGU_kaiguohemangran;我国远离中原而立于山川，当行何路？;;;;;;;;;;X,,,,,
SGU_buff;山川险要;;;;;;;;;X,,,,,
desc_SGU_buff;巴蜀之地峥嵘而崔嵬,一夫当关,万夫莫开。所守或匪亲,化为狼与豺。;;;;;;;;;;X,,
ZHI_buff1;死士;;;;;;;;;X,,,,,
desc_ZHI_buff1;死士指敢死的勇士，大多是江湖的侠客，为了荣华富贵或是报恩，为王侯贵族卖命，从事的基本上是突击和暗杀两种任务。;;;;;;;;;;X,,,,,
ZHI_buff2;名门望族;;;;;;;;;X,,,,,
desc_ZHI_buff2;智姓源流单一，起源于东周时期，曾是晋国六卿之一 ，是一个古老文明的华夏望族，始祖为智庄子荀首。 荀首是晋献公托孤大臣荀息的幼孙，因功被封在智邑，卒谥“庄”，史称智庄子。公元前566年10月，智庄子之子荀罃出任晋国中军元帅，便以先父采邑智为氏，追尊先父智庄子为始祖，智氏从此薪火相传。;;;;;;;;;;X,,,,,
PAP_zbuff;与天子交恶;;;;;;;;;X,,,,,
desc_PAP_zbuff;周天子虽然威信不再，但仍是名义上的天下共主，我国贸然与其交恶，引起了其他诸侯极大的不满，国内反对的声音也很多。;;;;;;;;;;X,,,,,
ZGO_buff1;郑商盟誓;;;;;;;;;;X,,,,,
desc_ZGO_buff1;郑武公为了发展国内经济，同时也感谢当年商人借钱给郑桓公，郑国与商人盟约：你勿我叛，我勿强贾，毋或强夺，尔有利市宝货，我勿与知。 ；;;;;;;;;;;X,,,,,
ZHI_buff3;政出私门;;;;;;;;;;X,,,,,
desc_ZHI_buff3;周王室衰落，诸侯实力增强，卿大夫也在夺取诸侯权力，孔子悲叹的“礼崩乐坏”，分封制、宗法制、礼乐制逐渐崩溃瓦解，诸侯不服从周天子，卿大夫不服从诸侯， ；;;;;;;;;;;X,,,,,
PAP_buff1;天下共主;;;;;;;;;X,,,,,
desc_PAP_buff1;天下共主具有氏族原始社会的遗风，它的确立靠的是臣下对其权威的承认和自觉履行其义务，例如周天子和诸侯的关系那样，周天子就是通过分封制和宗法制来确立和巩固他天下共主的地位。;;;;;;;;;;X,,,,,
PAP_buff2;天子六师;;;;;;;;;X,,,,,
desc_PAP_buff2;周天子所统六军之师。《书·康王之诰》：“张皇六师，无坏我高祖寡命。” 曾运乾 正读：“六师，天子六军。 周 制一万二千五百人为师。”《孟子·告子下》：“一不朝，则贬其爵；再不朝，则削其地；三不朝，则六师移之。”后以为天子军队之称。《三国志·蜀志·先主传》：“尽力输诚，奖厉六师……以宁社稷，以报万分。” 唐 许敬宗 《奉和入潼关》诗：“济 潼 纡万乘，临 河 耀六师。” 清 魏源 《圣武记》卷六：“及车驾将至，冰骤坚，六师毕济。”亦泛指全部军队。参见“ 六军 ”。;;;;;;;;;;X,,,,,
JIN_buff1;万乘之国;;;;;;;;;X,,,,,
desc_JIN_buff1;万乘之国;;;;;;;;;;X,,,,,
JIN_buff2;晋无公族;;;;;;;;;X,,,,,
desc_JIN_buff2;晋国在曲沃代翼之后，为了避免公家实力过于强大，采取了不分封群公子的政策，从此晋国公族势力大为衰弱，六卿取而代之成为了国家政治核心。;;;;;;;;;;X,,,,,
ZSH_buff1;城中有山;;;;;;;;;X,,,,,
desc_ZSH_buff1;城中有山;;;;;;;;;;X,,,,,
ZSH_buff2;欺而变强;;;;;;;;;X,,,,,
desc_ZSH_buff2;中山国生于患难之中，被大国所欺而变强，为强国占领又复生，其不屈不挠、顽强自立的精神世所少见。在强国包围之中发展经济、壮大自己，几乎跻身强国之列，其经济和文化之辉煌令人刮目相看。;;;;;;;;;;X,,,,,
YQU_buff1;侵略成性;;;;;;;;;X,,,,,
desc_YQU_buff1;侵略成性;;;;;;;;;;X,,,,,
YQU_buff2;马背民族;;;;;;;;;X,,,,,
desc_YQU_buff2;马背民族;;;;;;;;;;X,,,,,
LAI_buff1;滨海黄金;;;;;;;;;X,,,,,
desc_LAI_buff1;滨海黄金;;;;;;;;;;X,,,,,
LAI_buff2;东夷古国;;;;;;;;;X,,,,,
desc_LAI_buff2;东夷，是中国中国先秦时期，中原居民对黄河流域下游居民的总称。最先在夏商朝期称为“夷”，不带有外族观念，只是作为部落联盟的称呼，考古上有一种观点认为，东夷是指自后李文化始至岳石文化的承载者。;;;;;;;;;;X,,,,,
SHI_gift1;见贤思齐;;;;;;;;;X,,,,,
desc_SHI_gift1;《诗经·小雅·鹤鸣》:“他山之石，可以攻玉”;;;;;;;;;;X,,,,,
SHI_gift2;深观阴阳;;;;;;;;;;X,,,,,
desc_SHI_gift2;《素问·阴阳应象大论》:“阴阳者，天地之道也，万物之纲纪，变化之父母，生杀之本始，神明之府也。”;;;;;;;;;;X,,,,,
zongjiaozhuanbian;宗教转变;;;;;;;;;;X,,,,,
desc_zongjiaozhuanbian;宗教转变;;;;;;;;;;X,,,,,
YIJ_buff1;神医之能;;;;;;;;;X,,,,,
desc_YIJ_buff1;《列子·力命》：“ 季梁 得疾，七日大渐……卢氏曰：‘汝疾不由天，亦不由人，亦不由鬼；禀生受形，既有制之者矣，亦有知之者矣，药石其如汝何？’ 季梁曰：‘神医也。’重贶遣之。” 唐 元稹 《阳城驿》诗：“神医不言术，人瘼曾暗瘳。”;;;;;;;;;;X,,,,,
YIJ_buff2;神医之能;;;;;;;;;X,,,,,
desc_YIJ_buff2;《列子·力命》：“ 季梁 得疾，七日大渐……卢氏曰：‘汝疾不由天，亦不由人，亦不由鬼；禀生受形，既有制之者矣，亦有知之者矣，药石其如汝何？’ 季梁曰：‘神医也。’重贶遣之。” 唐 元稹 《阳城驿》诗：“神医不言术，人瘼曾暗瘳。”;;;;;;;;;;X,,,,,
ZHJ_buff1;纵横之能;;;;;;;;;X,,,,,
desc_ZHJ_buff1;纵横家人物多出身贫贱，在最艰苦的投机倒把下是一种人类智慧的超常解放、创造和发挥，他们以布衣之身庭说诸侯，可以以三寸之舌退百万雄师，也可以以纵横之术解不测之危。苏秦佩六国相印，联六国逼秦废弃帝位；张仪雄才大略，以片言得楚六百里；唐雎机智勇敢，直斥秦王存孟尝封地；蔺相如虽非武将，但浩然正气直逼秦王，不仅完璧归赵，而且未曾使赵受辱。;;;;;;;;;;X,,,,,
ZHJ_buff2;纵横之能;;;;;;;;;X,,,,,
desc_ZHJ_buff2;纵横家人物多出身贫贱，在最艰苦的投机倒把下是一种人类智慧的超常解放、创造和发挥，他们以布衣之身庭说诸侯，可以以三寸之舌退百万雄师，也可以以纵横之术解不测之危。苏秦佩六国相印，联六国逼秦废弃帝位；张仪雄才大略，以片言得楚六百里；唐雎机智勇敢，直斥秦王存孟尝封地；蔺相如虽非武将，但浩然正气直逼秦王，不仅完璧归赵，而且未曾使赵受辱。;;;;;;;;;;X,,,,,
YYJ_buff1;阴阳之能;;;;;;;;;X,,,,,
desc_YYJ_buff1;《史记》集解引刘向《别录》说：“邹衍之所言……尽言天事，故曰 ‘谈天’。”《史记·孟荀列传》说，“邹衍之术，迂大而宏辩……故齐人颂日：‘谈天衍’。”《文心雕龙·诸子》说：“邹子养政于天文。”同书《时序》说：“邹子以谈天飞誉。”可见善于谈天是邹衍的一大特点。然而邹衍不是为谈天而谈天，他以谈天为手段，以服务于当时的政治需要为目的。建立于阴阳基础上的“五德终始”说才是他学说的核心所在。;;;;;;;;;;X,,,,,
YYJ_buff2;阴阳之能;;;;;;;;;X,,,,,
desc_YYJ_buff2;《史记》集解引刘向《别录》说：“邹衍之所言……尽言天事，故曰 ‘谈天’。”《史记·孟荀列传》说，“邹衍之术，迂大而宏辩……故齐人颂日：‘谈天衍’。”《文心雕龙·诸子》说：“邹子养政于天文。”同书《时序》说：“邹子以谈天飞誉。”可见善于谈天是邹衍的一大特点。然而邹衍不是为谈天而谈天，他以谈天为手段，以服务于当时的政治需要为目的。建立于阴阳基础上的“五德终始”说才是他学说的核心所在。;;;;;;;;;;X,,,,,
ZAJ_buff1;杂家之能;;;;;;;;;X,,,,,
desc_ZAJ_buff1;杂家的特点是“采儒墨之善，撮名法之要”。杂家虽是以道为本集合众说，兼收并蓄，然而通过采集各家言论，贯彻其政治意图和学术主张，所以也可称为一家。春秋战国时代，百家争鸣，各家都有自己的对策与治国主张。为了打败其他流派，各学派或多或少的吸收其他流派的学说，或以攻诘对方，或以补自己学说的缺陷。然而，任何一个流派也都有其特色与长处，而“杂家”便是充分的利用这个特点，博采众议，成为一套在思想上兼容并蓄，却又切实可行的治国方针。;;;;;;;;;;X,,,,,
ZAJ_buff2;杂家之能;;;;;;;;;X,,,,,
desc_ZAJ_buff2;杂家的特点是“采儒墨之善，撮名法之要”。杂家虽是以道为本集合众说，兼收并蓄，然而通过采集各家言论，贯彻其政治意图和学术主张，所以也可称为一家。春秋战国时代，百家争鸣，各家都有自己的对策与治国主张。为了打败其他流派，各学派或多或少的吸收其他流派的学说，或以攻诘对方，或以补自己学说的缺陷。然而，任何一个流派也都有其特色与长处，而“杂家”便是充分的利用这个特点，博采众议，成为一套在思想上兼容并蓄，却又切实可行的治国方针。;;;;;;;;;;X,,,,,
NOJ_buff1;农家之能;;;;;;;;;X,,,,,
"desc_NOJ_buff1;农家，是先秦在经济生活中注重农业生产的学派。吕思勉先生在其《先秦学术概论》中，把农家分为两派：一是言种树之事；二是关涉政治。《汉书·艺文志·诸子略》将农家列为九流之一，并称：农家者流，盖出于农稷之官。播百谷，劝耕桑，以足衣食，故八政一曰食，二曰货。孔子曰""所重民食""，此其所长也。及鄙者为之，以为无所事圣王，欲使君臣并耕，悖上下之序。 ""所重民食""也正是农家的特点，尊神农氏。农家学派主张推行耕战政策，奖励发展农业生产，研究农业生产问题。农家对农业生产技术经验之总结与其朴素辩证法思想，可见于《管子·地员》、《吕氏春秋》、《荀子》。;;;;;;;;;;X",,,,,
NOJ_buff2;农家之能;;;;;;;;;X,,,,,
"desc_NOJ_buff2;农家，是先秦在经济生活中注重农业生产的学派。吕思勉先生在其《先秦学术概论》中，把农家分为两派：一是言种树之事；二是关涉政治。《汉书·艺文志·诸子略》将农家列为九流之一，并称：农家者流，盖出于农稷之官。播百谷，劝耕桑，以足衣食，故八政一曰食，二曰货。孔子曰""所重民食""，此其所长也。及鄙者为之，以为无所事圣王，欲使君臣并耕，悖上下之序。 ""所重民食""也正是农家的特点，尊神农氏。农家学派主张推行耕战政策，奖励发展农业生产，研究农业生产问题。农家对农业生产技术经验之总结与其朴素辩证法思想，可见于《管子·地员》、《吕氏春秋》、《荀子》。;;;;;;;;;;X",,,,,
MIJ_buff1;名家之能;;;;;;;;;X,,,,,
desc_MIJ_buff1;名家” 以辩论名实问题为中心，并且以善辩成名的一个学派，又称“辩者”、“刑（形）名家”。按，“名”就是指称事物的名称，用今天的话说，就是“概念”；“实”就是“名”所指称的事物。名家之所以被称为“名家”，就是因为他们同样是在“思以其道易天下”的过程中，为了播其声，扬其道，释其理，最先围绕“刑名”问题，以研究刑法概念著称；以后逐渐从“刑名”研究，申延到“形名”研究、“名实”研究。;;;;;;;;;;X,,,,,
MIJ_buff2;名家之能;;;;;;;;;X,,,,,
desc_MIJ_buff2;名家” 以辩论名实问题为中心，并且以善辩成名的一个学派，又称“辩者”、“刑（形）名家”。按，“名”就是指称事物的名称，用今天的话说，就是“概念”；“实”就是“名”所指称的事物。名家之所以被称为“名家”，就是因为他们同样是在“思以其道易天下”的过程中，为了播其声，扬其道，释其理，最先围绕“刑名”问题，以研究刑法概念著称；以后逐渐从“刑名”研究，申延到“形名”研究、“名实”研究。;;;;;;;;;;X,,,,,
XSJ_buff1;小说家之能;;;;;;;;;X,,,,,
desc_XSJ_buff1;《汉书．艺文志》曰：“小说家者流，盖出于稗官；街谈巷语，道听途说者之所造也。”，意即小说家所做的事以记录民间街谈巷语，并呈报上级等为主，然而小说家虽然自成一家，但被视为不入流者，故有“九流十家”之说。小说家者能代表平民社会之四方风俗。然亦因其之小道，而不为世人所重，终致弗灭。;;;;;;;;;X,,,,,
XSJ_buff2;小说家之能;;;;;;;;;X,,,,,
desc_XSJ_buff2;《汉书．艺文志》曰：“小说家者流，盖出于稗官；街谈巷语，道听途说者之所造也。”，意即小说家所做的事以记录民间街谈巷语，并呈报上级等为主，然而小说家虽然自成一家，但被视为不入流者，故有“九流十家”之说。小说家者能代表平民社会之四方风俗。然亦因其之小道，而不为世人所重，终致弗灭。;;;;;;;;;;X,,,,,
lianzuobuff;什伍连坐;;;;;;;;;X,,,,,
desc_lianzuobuff;商鞅在秦国变法，为了巩固君主统治，颁布连坐法。这是在户籍编制的基础上实行的。法家认为，要使君主政权达到“至治”，必须使得“夫妻交友不能相为弃恶盖非，而不害于亲，民人不能相为隐”;;;;;;;;;;X,,,,,
zhongnongbuff;重农抑商;;;;;;;;;X,,,,,
desc_zhongnongbuff;战国时代以来，重农抑商的思想逐渐形成，魏国的李悝首先将农业和商业放在对立面上，这种思想再后来得到了商鞅等人的发扬，逐渐成为各国政府的主流思想，并影响深远.;;;;;;;;;;X,,,,,
dingxingbuff;鼎铸刑书;;;;;;;;;X,,,,,
desc_dingxingbuff;铸刑鼎是春秋时期子产改革的标志性事件之一，公元前536年，郑国把惩治罪犯的刑律铸在金属鼎上，向全国老百姓公布。这是中国政治法制史的一件大事，后来各国纷纷效法.;;;;;;;;;;X,,,,,
zhongfabuff;重用法家;;;;;;;;;X,,,,,
desc_zhongfabuff;法家思想是地主阶级取代奴隶主贵族统治的理论表现。“礼”是奴隶主贵族统治的政治体系和道德规范，春秋以来，周礼逐步失去了原有的威力，贵族中出现了一批改革家，颁布法令与刑书，改革田赋制度，促进封建化过程.;;;;;;;;;;X,,,,,
jueshengbuff;绝圣弃智;;;;;;;;;X,,,,,
desc_jueshengbuff;绝圣弃智，民利百倍；绝仁弃义，民复孝慈；绝巧弃利，盗贼无有。此三者以为文不足，故令有所属。见素抱朴，少私寡欲，绝学无忧.面对春秋的纷乱局面，道家提出了独具一格的解决方案.;;;;;;;;;;X,,,,,
wuweibuff1;天道无为;;;;;;;;;X,,,,,
desc_wuweibuff1;庄子的的思想继承老子，又有更大发展，他的主要思想是“天道无为”，认为一切事物都在变化，他认为“道”是“先天生地”的，从“道未始有封”，主张“无为”，放弃一切妄为.;;;;;;;;;;X,,,,,
wuweibuff2;天道无为;;;;;;;;;X,,,,,
desc_wuweibuff2;庄子的的思想继承老子，又有更大发展，他的主要思想是“天道无为”，认为一切事物都在变化，他认为“道”是“先天生地”的，从“道未始有封”，主张“无为”，放弃一切妄为.;;;;;;;;;;X,,,,,
youjiaobuff;有教无类;;;;;;;;;X,,,,,
desc_youjiaobuff;西周时期，政府设国学和乡学两类。此时的教育依然以贵族教育为主，平民是很难进入官办学校学习的.此背景下，孔子提出了有教无类的思想.;;;;;;;;;;X,,,,,
zongfabuff;宗法制度;;;;;;;;;X,,,,,
desc_zongfabuff;西周宗法制直接导致了分封制，分封抽使国内分割成大大小小的诸侯国，诸侯国又产生了众多卿大夫的采邑。采邑又被分成无数大小的禄田。由于诸侯国、采邑（邑、关）、禄田（乡、亭）的地名直接转变成了“氏”;;;;;;;;;;X,,,,,
jianaibuff;兼爱;;;;;;;;;X,,,,,
desc_jianaibuff;墨子主张“使天下兼相爱”，抽去了宗法制内容，因为庶人也是可以被举为天子的。墨家的“兼爱”是对儒家“仁”的发展，更是对儒家“仁”的否定.;;;;;;;;;;X,,,,,
jianaibuff1;兼爱;;;;;;;;;X,,,,,
desc_jianaibuff1;墨子主张“使天下兼相爱”，抽去了宗法制内容，因为庶人也是可以被举为天子的。墨家的“兼爱”是对儒家“仁”的发展，更是对儒家“仁”的否定.;;;;;;;;;;X,,,,,
feigongbuff;非攻;;;;;;;;;X,,,,,
desc_feigongbuff;墨子主张“使天下兼相爱”，抽去了宗法制内容，因为庶人也是可以被举为天子的。墨家的“兼爱”是对儒家“仁”的发展，更是对儒家“仁”的否定.;;;;;;;;;;X,,,,,
dizhangbuff;嫡长继承;;;;;;;;;X,,,,,
desc_dizhangbuff;嫡长制度在西周时代成为定制，先立嫡长子；无嫡长子，立嫡长孙；无嫡长孙，立母弟；无母弟，立庶子.;;;;;;;;;;X,,,,,
qingzhongjiufubuff1;轻重九府;;;;;;;;;X,,,,,
desc_qingzhongjiufubuff1;黄老派以两相自然为本，事因之而循之，物因之而动之，法天地之使万物自然，甚至不得不然而为，以无为谓之使物我自然，以使物我共逍遥，善于行不言之教，使人自化。轻重九府是古代九个管理钱财的部门，出自《史记-货殖列传》。;;;;;;;;;;X,,,,,
qingzhongjiufubuff2;轻重九府;;;;;;;;;X,,,,,
desc_qingzhongjiufubuff2;黄老派以两相自然为本，事因之而循之，物因之而动之，法天地之使万物自然，甚至不得不然而为，以无为谓之使物我自然，以使物我共逍遥，善于行不言之教，使人自化。轻重九府是古代九个管理钱财的部门，出自《史记-货殖列传》。;;;;;;;;;;X,,,,,
qingzhongjiufubuff3;轻重九府;;;;;;;;;X,,,,,
desc_qingzhongjiufubuff3;黄老派以两相自然为本，事因之而循之，物因之而动之，法天地之使万物自然，甚至不得不然而为，以无为谓之使物我自然，以使物我共逍遥，善于行不言之教，使人自化。轻重九府是古代九个管理钱财的部门，出自《史记-货殖列传》。;;;;;;;;;;X,,,,,
qingzhongjiufubuff4;轻重九府;;;;;;;;;X,,,,,
desc_qingzhongjiufubuff4;黄老派以两相自然为本，事因之而循之，物因之而动之，法天地之使万物自然，甚至不得不然而为，以无为谓之使物我自然，以使物我共逍遥，善于行不言之教，使人自化。轻重九府是古代九个管理钱财的部门，出自《史记-货殖列传》。;;;;;;;;;;X,,,,,
qingzhongjiufubuff5;轻重九府;;;;;;;;;X,,,,,
desc_qingzhongjiufubuff5;黄老派以两相自然为本，事因之而循之，物因之而动之，法天地之使万物自然，甚至不得不然而为，以无为谓之使物我自然，以使物我共逍遥，善于行不言之教，使人自化。轻重九府是古代九个管理钱财的部门，出自《史记-货殖列传》。;;;;;;;;;;X,,,,,
qingzhongjiufubuff6;轻重九府;;;;;;;;;X,,,,,
desc_qingzhongjiufubuff6;黄老派以两相自然为本，事因之而循之，物因之而动之，法天地之使万物自然，甚至不得不然而为，以无为谓之使物我自然，以使物我共逍遥，善于行不言之教，使人自化。轻重九府是古代九个管理钱财的部门，出自《史记-货殖列传》。;;;;;;;;;;X,,,,,
qingzhongjiufubuff7;轻重九府;;;;;;;;;X,,,,,
desc_qingzhongjiufubuff7;黄老派以两相自然为本，事因之而循之，物因之而动之，法天地之使万物自然，甚至不得不然而为，以无为谓之使物我自然，以使物我共逍遥，善于行不言之教，使人自化。轻重九府是古代九个管理钱财的部门，出自《史记-货殖列传》。;;;;;;;;;;X,,,,,
qingzhongjiufubuff8;轻重九府;;;;;;;;;X,,,,,
desc_qingzhongjiufubuff8;黄老派以两相自然为本，事因之而循之，物因之而动之，法天地之使万物自然，甚至不得不然而为，以无为谓之使物我自然，以使物我共逍遥，善于行不言之教，使人自化。轻重九府是古代九个管理钱财的部门，出自《史记-货殖列传》。;;;;;;;;;;X,,,,,
qingzhongjiufubuff9;轻重九府;;;;;;;;;X,,,,,
desc_qingzhongjiufubuff9;黄老派以两相自然为本，事因之而循之，物因之而动之，法天地之使万物自然，甚至不得不然而为，以无为谓之使物我自然，以使物我共逍遥，善于行不言之教，使人自化。轻重九府是古代九个管理钱财的部门，出自《史记-货殖列传》。;;;;;;;;;;X,,,,,
qingzhongjiufubuff10;轻重九府;;;;;;;;;X,,,,,
desc_qingzhongjiufubuff10;黄老派以两相自然为本，事因之而循之，物因之而动之，法天地之使万物自然，甚至不得不然而为，以无为谓之使物我自然，以使物我共逍遥，善于行不言之教，使人自化。轻重九府是古代九个管理钱财的部门，出自《史记-货殖列传》。;;;;;;;;;;X,,,,,
qingzhongjiufubuff11;轻重九府;;;;;;;;;X,,,,,
desc_qingzhongjiufubuff11;黄老派以两相自然为本，事因之而循之，物因之而动之，法天地之使万物自然，甚至不得不然而为，以无为谓之使物我自然，以使物我共逍遥，善于行不言之教，使人自化。轻重九府是古代九个管理钱财的部门，出自《史记-货殖列传》。;;;;;;;;;;X,,,,,
xiuyangshengxibuff1;休养生息;;;;;;;;;X,,,,,
desc_xiuyangshengxibuff1;老庄派为老学、庄学的合称。以自然为本，天性为尊，法天心而无心弗志而为，以为无为而使人退欲消妄，削其物性，以己之虚无澄他人之妄心而为。主张清虚自守，齐物而侍，清静无为，以致“不为物累逍遥天下”。休养生息是一种合理的发展方式，不戚戚于一时之胜败，而是不断蓄积力量取得最终胜利。;;;;;;;;;;X,,,,,
xiuyangshengxibuff2;休养生息;;;;;;;;;X,,,,,
desc_xiuyangshengxibuff2;老庄派为老学、庄学的合称。以自然为本，天性为尊，法天心而无心弗志而为，以为无为而使人退欲消妄，削其物性，以己之虚无澄他人之妄心而为。主张清虚自守，齐物而侍，清静无为，以致“不为物累逍遥天下”。休养生息是一种合理的发展方式，不戚戚于一时之胜败，而是不断蓄积力量取得最终胜利。;;;;;;;;;;X,,,,,
xiuyangshengxibuff2;休养生息;;;;;;;;;X,,,,,
desc_xiuyangshengxibuff2;老庄派为老学、庄学的合称。以自然为本，天性为尊，法天心而无心弗志而为，以为无为而使人退欲消妄，削其物性，以己之虚无澄他人之妄心而为。主张清虚自守，齐物而侍，清静无为，以致“不为物累逍遥天下”。休养生息是一种合理的发展方式，不戚戚于一时之胜败，而是不断蓄积力量取得最终胜利。;;;;;;;;;;X,,,,,
xiuyangshengxibuff3;休养生息;;;;;;;;;X,,,,,
desc_xiuyangshengxibuff3;老庄派为老学、庄学的合称。以自然为本，天性为尊，法天心而无心弗志而为，以为无为而使人退欲消妄，削其物性，以己之虚无澄他人之妄心而为。主张清虚自守，齐物而侍，清静无为，以致“不为物累逍遥天下”。休养生息是一种合理的发展方式，不戚戚于一时之胜败，而是不断蓄积力量取得最终胜利。;;;;;;;;;;X,,,,,
xiuyangshengxibuff4;休养生息;;;;;;;;;X,,,,,
desc_xiuyangshengxibuff4;老庄派为老学、庄学的合称。以自然为本，天性为尊，法天心而无心弗志而为，以为无为而使人退欲消妄，削其物性，以己之虚无澄他人之妄心而为。主张清虚自守，齐物而侍，清静无为，以致“不为物累逍遥天下”。休养生息是一种合理的发展方式，不戚戚于一时之胜败，而是不断蓄积力量取得最终胜利。;;;;;;;;;;X,,,,,
ruxuebuff;儒学起源;;;;;;;;;X,,,,,
ruxuebuff;鲁国根深蒂固的礼乐传统，对鲁国社会产生了巨大的影响。鲁人都知道礼有“经国家，定社稷，利后嗣”的功能，因而他们认识到“服于有礼，社稷之卫也”、“无礼必亡”，对周礼怀有极大热忱。在入东周以来“礼坏乐崩”的情况下，鲁国仍有不少知礼之人，如臧僖伯、臧哀伯、臧文仲、柳下惠、曹刿、夏父展、里革、匠人庆、申#、叔孙豹、子服景伯、孔子等等。另外，如文公时的宗有司，《左传》的作者左丘明，他们也都以知礼、明礼而闻名。春秋末年，孔子看不惯层出不穷的违背礼乐制度的现象，他希望恢复周礼，推行“王道”于天下，并以礼乐之学教授生徒，儒学于是创立于鲁国。;;;;;;;;;;X,,,,,
QIN_buff1;工巧之匠入秦;;;;;;;;;;X,,,,,
desc_QIN_buff1;贺哉，工巧之匠入秦也，望其子而兴秦焉，西有大秦，如日方升！百年国恨，沧海南平，天下纷扰，何时康宁，秦有锐士，谁与争锋。;;;;;;;;;;X,,,,,
QIN_buff6;精英士子入秦;;;;;;;;;;X,,,,,
desc_QIN_buff2;贺哉，精英士子入秦也，望其子而兴秦焉，西有大秦，如日方升！百年国恨，沧海南平，天下纷扰，何时康宁，秦有锐士，谁与争锋。;;;;;;;;;;X,,,,,
QIN_buff3;商贾贵族入秦;;;;;;;;;;X,,,,,
desc_QIN_buff3;贺哉，商贾贵族入秦也，望其子而兴秦焉，西有大秦，如日方升！百年国恨，沧海南平，天下纷扰，何时康宁，秦有锐士，谁与争锋。;;;;;;;;;;X,,,,,
QIN_buff4;学究名士入秦;;;;;;;;;;X,,,,,
desc_QIN_buff4;贺哉，学究名士入秦也，望其子而兴秦焉，西有大秦，如日方升！百年国恨，沧海南平，天下纷扰，何时康宁，秦有锐士，谁与争锋。;;;;;;;;;;X,,,,,
QIN_buff5;兵法大家入秦;;;;;;;;;;X,,,,,
desc_QIN_buff5;贺哉，兵法大家入秦也，望其子而兴秦焉，西有大秦，如日方升！百年国恨，沧海南平，天下纷扰，何时康宁，秦有锐士，谁与争锋。;;;;;;;;;;X,,,,,
zhengshangsihai_buff;郑商四海;;;;;;;;;;X,,,,,
desc_zhengshangsihai_buff;郑国商业，从此四海畅通，北至北狄之关，西至西戎之岭，东达滨海之此，南临番禺之荒，乃天下第一商;;;;;;;;;;X,,,,,
bianfatuqiang_buff;变法强秦，生死相扶;;;;;;;;;;X,,,,,
desc_bianfatuqiang_buff;公如青山，我如松柏，变法强秦，生死相扶。;;;;;;;;;;X,,,,,
guoneizhendang;统治者变换;;;;;;;;;;X,,,,,
desc_guoneizhendang;国家统治者变化，百姓无不揣测国家前途，国内震荡也。;;;;;;;;;;X,,,,,
fajiayunji1_buff;法家云集;;;;;;;;;;X,,,,,
desc_fajiayunji1_buff;法家在韩国盛行。;;;;;;;;;;X,,,,,
youmudiguo;游牧帝国。;;;;;;;;;;X,,,,,
desc_youmudiguo;游牧帝国。;;;;;;;;;;X,,,,,
YQU_buff;义渠科技。;;;;;;;;;;X,,,,,
desc_YQU_buff;义渠科技。;;;;;;;;;;X,,,,,
CHA_buff;长狄科技。;;;;;;;;;;X,,,,,
desc_CHA_buff;长狄科技。;;;;;;;;;;X,,,,,
daojialiumin1;流民安置地;;;;;;;;;;X,,,,,
desc_daojialiumin1;流民于此安居乐业，国家获得了省份的发展，流民获得了生存之道，大善也;;;;;;;;;;X,,,,,
daojialiumin2;流民安置地;;;;;;;;;;X,,,,,
desc_daojialiumin2;流民于此安居乐业，国家获得了省份的发展，流民获得了生存之道，大善也;;;;;;;;;;X,,,,,
daojialiumin3;流民安置地;;;;;;;;;;X,,,,,
desc_daojialiumin3;流民于此安居乐业，国家获得了省份的发展，流民获得了生存之道，大善也;;;;;;;;;;X,,,,,
daojialiumin4;流民安置地;;;;;;;;;;X,,,,,
desc_daojialiumin4;流民于此安居乐业，国家获得了省份的发展，流民获得了生存之道，大善也;;;;;;;;;;X,,,,,
daojialiumin5;流民安置地;;;;;;;;;;X,,,,,
desc_daojialiumin5;流民于此安居乐业，国家获得了省份的发展，流民获得了生存之道，大善也;;;;;;;;;;X,,,,,
daojialiumin6;流民安置地;;;;;;;;;;X,,,,,
desc_daojialiumin6;流民于此安居乐业，国家获得了省份的发展，流民获得了生存之道，大善也;;;;;;;;;;X,,,,,
daojialiumin7;流民安置地;;;;;;;;;;X,,,,,
desc_daojialiumin7;流民于此安居乐业，国家获得了省份的发展，流民获得了生存之道，大善也;;;;;;;;;;X,,,,,
daojialiumin8;流民安置地;;;;;;;;;;X,,,,,
desc_daojialiumin8;流民于此安居乐业，国家获得了省份的发展，流民获得了生存之道，大善也;;;;;;;;;;X,,,,,
daojiaxiyinliumin;吸引流民;;;;;;;;;;X,,,,,
desc_daojiaxiyinliumin;我国收留无家可归之人的政策正在吸引一批又一批流民前来，我国可利用流民发展自身;;;;;;;;;;X,,,,,
daojianongju;分配农具;;;;;;;;;;X,,,,,
desc_daojianongju;我的民怎么能无具可用？;;;;;;;;;;X,,,,,
daojianongtian;分配农田;;;;;;;;;;X,,,,,
desc_daojianongtian;我的民怎么能无田可耕？;;;;;;;;;;X,,,,,
daojiafangwu;分配房屋;;;;;;;;;;X,,,,,
desc_daojiafangwu;我的民怎么能无房可住？;;;;;;;;;;X,,,,,
daojialiumindaianzhi;流民待安置;;;;;;;;;;X,,,,,
desc_daojialiumindaianzhi;流民被暂行收留在国都，国君尽快安置;;;;;;;;;;X,,,,,
touziguanxue;投资官学;;;;;;;;;;X,,,,,
desc_touziguanxue;大学生正在拼命学习;;;;;;;;;;X,,,,,
yumizhixiang;鱼米之乡;;;;;;;;;;X,,,,,
desc_yumizhixiang;鱼米之乡;;;;;;;;;;X,,,,,
zhengtongrenhe;政通人和;;;;;;;;;;X,,,,,
desc_zhengtongrenhe;政通人和;;;;;;;;;;X,,,,,
zhengtongrenhefajia;政通人和;;;;;;;;;;X,,,,,
desc_zhengtongrenhefajia;政通人和;;;;;;;;;;X,,,,,
junduiweihufei121;冗军;;;;;;;;;;X,,,,,
desc_junduiweihufei121;庞大的军队导致我国额外的开销，20/22/26/28/30万对应10/15/20/25/30%;;;;;;;;;;X,,,,,
yumizhixiangmaoyi;鱼米之乡;;;;;;;;;;X,,,,,
desc_yumizhixiangmaoyi;为了五贸易竞争写了一大堆判定，难绷;;;;;;;;;;X,,,,,
yijiaotuzaofan;异教徒造反;;;;;;;;;;X,,,,,
desc_yijiaotuzaofan;宗教不一样，造反了;;;;;;;;;;X,,,,,
zongjiaoxiuzheng1;道家人口;;;;;;;;;;X,,,,,
desc_zongjiaoxiuzheng1;道家全国1人口;;;;;;;;;;X,,,,,
zongjiaoxiuzheng2;鬼神人头税;;;;;;;;;;X,,,,,
desc_zongjiaoxiuzheng2;鬼神全国减人头税;;;;;;;;;;X,,,,,
bachubaijia;罢黜百家;;;;;;;;;;X,,,,,
desc_bachubaijia;罢黜百家;;;;;;;;;;X,,,,,
hainabaichuan;海纳百川;;;;;;;;;;X,,,,,
desc_hainabaichuan;海纳百川;;;;;;;;;;X,,,,,
hainabaichuanshengfen;安抚异教徒;;;;;;;;;;X,,,,,
desc_hainabaichuanshengfen;安抚异教徒;;;;;;;;;;X,,,,,
fajiazhuanjing;兴功惧暴;;;;;;;;;;X,,,,,
desc_fajiazhuanjing;兴功惧暴;;;;;;;;;;X,,,,,
daojiazhuanjing;节俭治国;;;;;;;;;;X,,,,,
desc_daojiazhuanjing;节俭治国(哈哈哈哈骗你的其实我有三千后宫);;;;;;;;;;X,,,,,
daojiazhuanjingshengfen;节俭治国;;;;;;;;;;X,,,,,
desc_daojiazhuanjingshengfen;节俭治国(哈哈哈哈骗你的其实我有三千后宫);;;;;;;;;;X,,,,,
rujiazhuanjingshengfen;足食足兵;;;;;;;;;;X,,,,,
desc_rujiazhuanjingshengfen;足食足兵;;;;;;;;;;X,,,,,
rujiazhuanjingshengfen;足食足兵;;;;;;;;;;X,,,,,
desc_rujiazhuanjingshengfen;足食足兵;;;;;;;;;;X,,,,,
fajiazhuanjingshengfen1;兴功惧暴;;;;;;;;;;X,,,,,
desc_fajiazhuanjingshengfen1;兴功惧暴;;;;;;;;;;X,,,,,
fajiazhuanjingshengfen2;兴功惧暴;;;;;;;;;;X,,,,,
desc_fajiazhuanjingshengfen2;兴功惧暴;;;;;;;;;;X,,,,,
fajiazhuanjingshengfen3;兴功惧暴;;;;;;;;;;X,,,,,
desc_fajiazhuanjingshengfen3;兴功惧暴;;;;;;;;;;X,,,,,
fajiazhuanjingshengfen4;兴功惧暴;;;;;;;;;;X,,,,,
desc_fajiazhuanjingshengfen4;兴功惧暴;;;;;;;;;;X,,,,,
fajiazhuanjingshengfen5;兴功惧暴;;;;;;;;;;X,,,,,
desc_fajiazhuanjingshengfen5;兴功惧暴;;;;;;;;;;X,,,,,
fajiazhuanjingshengfen6;兴功惧暴;;;;;;;;;;X,,,,,
desc_fajiazhuanjingshengfen6;兴功惧暴;;;;;;;;;;X,,,,,
fajiazhuanjingshengfen7;兴功惧暴;;;;;;;;;;X,,,,,
desc_fajiazhuanjingshengfen7;兴功惧暴;;;;;;;;;;X,,,,,
fajiazhuanjingshengfen8;兴功惧暴;;;;;;;;;;X,,,,,
desc_fajiazhuanjingshengfen8;兴功惧暴;;;;;;;;;;X,,,,,
fajiazhuanjingshengfen9;兴功惧暴;;;;;;;;;;X,,,,,
desc_fajiazhuanjingshengfen9;兴功惧暴;;;;;;;;;;X,,,,,
fajiazhuanjingshengfen10;兴功惧暴;;;;;;;;;;X,,,,,
desc_fajiazhuanjingshengfen10;兴功惧暴;;;;;;;;;;X,,,,,
fajiazhuanjingshengfenjian1;兴功惧暴;;;;;;;;;;X,,,,,
desc_fajiazhuanjingshengfenjian1;兴功惧暴;;;;;;;;;;X,,,,,
fajiazhuanjingshengfenjian2;兴功惧暴;;;;;;;;;;X,,,,,
desc_fajiazhuanjingshengfenjian2;兴功惧暴;;;;;;;;;;X,,,,,
fajiazhuanjingshengfenjian3;兴功惧暴;;;;;;;;;;X,,,,,
desc_fajiazhuanjingshengfenjian3;兴功惧暴;;;;;;;;;;X,,,,,
fajiazhuanjingshengfenjian4;兴功惧暴;;;;;;;;;;X,,,,,
desc_fajiazhuanjingshengfenjian4;兴功惧暴;;;;;;;;;;X,,,,,
fajiazhuanjingshengfenjian5;兴功惧暴;;;;;;;;;;X,,,,,
desc_fajiazhuanjingshengfenjian5;兴功惧暴;;;;;;;;;;X,,,,,
fajiazhuanjingshengfenjian6;兴功惧暴;;;;;;;;;;X,,,,,
desc_fajiazhuanjingshengfenjian6;兴功惧暴;;;;;;;;;;X,,,,,
fajiazhuanjingshengfenjian7;兴功惧暴;;;;;;;;;;X,,,,,
desc_fajiazhuanjingshengfenjian7;兴功惧暴;;;;;;;;;;X,,,,,
fajiazhuanjingshengfenjian8;兴功惧暴;;;;;;;;;;X,,,,,
desc_fajiazhuanjingshengfenjian8;兴功惧暴;;;;;;;;;;X,,,,,
fajiazhuanjingshengfenjian9;兴功惧暴;;;;;;;;;;X,,,,,
desc_fajiazhuanjingshengfenjian9;兴功惧暴;;;;;;;;;;X,,,,,
fajiazhuanjingshengfenjian10;兴功惧暴;;;;;;;;;;X,,,,,
desc_fajiazhuanjingshengfenjian10;兴功惧暴;;;;;;;;;;X,,,,,
jiejianzhiguotongzhang1;节俭治国通胀;;;;;;;;;;X,,,,,
desc_jiejianzhiguotongzhang1;我国当节俭;;;;;;;;;;X,,,,,
jiejianzhiguotongzhang2;节俭治国通胀;;;;;;;;;;X,,,,,
desc_jiejianzhiguotongzhang2;我国当节俭;;;;;;;;;;X,,,,,
jiejianzhiguotongzhang3;节俭治国通胀;;;;;;;;;;X,,,,,
desc_jiejianzhiguotongzhang3;我国当节俭;;;;;;;;;;X,,,,,
jiejianzhiguotongzhang4;节俭治国通胀;;;;;;;;;;X,,,,,
desc_jiejianzhiguotongzhang4;我国当节俭;;;;;;;;;;X,,,,,
jiejianzhiguotongzhang5;节俭治国通胀;;;;;;;;;;X,,,,,
desc_jiejianzhiguotongzhang5;我国当节俭;;;;;;;;;;X,,,,,
bozhangzhifuyong;伯长之附庸;;;;;;;;;;X,,,,,
desc_bozhangzhifuyong;每个附庸加3%军限;;;;;;;;;;X,,,,,
hainan;珠崖;;;;;;;;;;X,,,,,
desc_hainan;珠崖宝岛，南下过峡而见异界，与之贸易甚有利图;;;;;;;;;;X,,,,,
taiwan;夷州;;;;;;;;;;X,,,,,
desc_taiwan;夷州宝岛，对外称之仙岛，据之可令诸夏信我国商品有“仙气”，从而日进斗金;;;;;;;;;;X,,,,,
yaosaibuji1;要塞补给;;;;;;;;;;X,,,,,
desc_yaosaibuji1;要塞补给;;;;;;;;;;X,,,,,
yaosaibuji2;要塞补给;;;;;;;;;;X,,,,,
desc_yaosaibuji2;要塞补给;;;;;;;;;;X,,,,,
yaosaibuji3;要塞补给;;;;;;;;;;X,,,,,
desc_yaosaibuji3;要塞补给;;;;;;;;;;X,,,,,
yaosaibuji4;要塞补给;;;;;;;;;;X,,,,,
desc_yaosaibuji4;要塞补给;;;;;;;;;;X,,,,,
xinzhengfu;新征服;;;;;;;;;;X,,,,,
desc_xinzhengfu;新征服;;;;;;;;;;X,,,,,
huiluguanyuan;贿赂官员;;;;;;;;;;X,,,,,
desc_huiluguanyuan;贿赂官员;;;;;;;;;;X,,,,,
zhonglemeirenji;中了美人计;;;;;;;;;;X,,,,,
desc_zhonglemeirenji;快对我使用美人计;;;;;;;;;;X,,,,,
shaoshanhuilin;烧山毁林;;;;;;;;;;X,,,,,
desc_shaoshanhuilin;烧山毁林;;;;;;;;;;X,,,,,
dajishengchan;打击生产;;;;;;;;;;X,,,,,
desc_dajishengchan;打击生产;;;;;;;;;;X,,,,,
jieduanliangdao;截断粮道;;;;;;;;;;X,,,,,
desc_jieduanliangdao;截断粮道;;;;;;;;;;X,,,,,
quanmoufabing;权谋伐兵;;;;;;;;;;X,,,,,
desc_quanmoufabing;权谋伐兵;;;;;;;;;;X,,,,,
duoqutongkuang;夺取铜矿;;;;;;;;;;X,,,,,
desc_duoqutongkuang;夺取铜矿;;;;;;;;;;X,,,,,
weiwangrenwu;威望任务;;;;;;;;;;X,,,,,
desc_weiwangrenwu;威望任务;;;;;;;;;;X,,,,,
baohushoudu;保护首都;;;;;;;;;;X,,,,,
desc_baohushoudu;保护首都;;;;;;;;;;X,,,,,
chengjian;公家城建;;;;;;;;;;X,,,,,
desc_chengjian;公家城建;;;;;;;;;;X,,,,,
shanlinrenkou1;山林人口;;;;;;;;;;X,,,,,
desc_shanlinrenkou1;山林人口;;;;;;;;;;X,,,,,
shanlinrenkou2;山林人口;;;;;;;;;;X,,,,,
desc_shanlinrenkou2;山林人口;;;;;;;;;;X,,,,,
shanlinrenkou3;山林人口;;;;;;;;;;X,,,,,
desc_shanlinrenkou3;山林人口;;;;;;;;;;X,,,,,
shanlinrenkou4;山林人口;;;;;;;;;;X,,,,,
desc_shanlinrenkou4;山林人口;;;;;;;;;;X,,,,,
shanlinrenkou5;山林人口;;;;;;;;;;X,,,,,
desc_shanlinrenkou5;山林人口;;;;;;;;;;X,,,,,
shanlinrenkou6;山林人口;;;;;;;;;;X,,,,,
desc_shanlinrenkou6;山林人口;;;;;;;;;;X,,,,,
mibazi;芈八子;;;;;;;;;;X,,,,,
desc_mibazi;未来的宣太后;;;;;;;;;;X,,,,,