;;;;;;;;;;;X,,,
INFANTRY;步兵;;;;;;;;;;X,,,
CAVALRY;骑兵;;;;;;;;;;X,,,
ARTILLERY;战车;;;;;;;;;;X,,,
BIG_SHIP;大战船;;;;;;;;;;X,,,
LIGHT_SHIP;小战船;;;;;;;;;;X,,,
GALLEY;桨帆战船;;;;;;;;;;X,,,
TRANSPORT;运输船;;;;;;;;;;X,,,
zhongyuan_infantry_1;卫戍步兵;;;;;;;;;;X,,,
zhongyuan_infantry_1DESCR;沿袭西周编制的基本部队，装备皮革护甲和戈矛，担任边境守卫的任务;;;;;;;;;;X,,,
zhongyuan_infantry_7;虎贲步兵;;;;;;;;;;X,,,
zhongyuan_infantry_7DESCR;虎贲为九锡中的一种赏赐，守门之军虎贲卫士若干人，或谓三百人；虎贲卫士所执戟、铩之类武器，是具有战斗力的甲士步兵。;;;;;;;;;;X,,,
zhongyuan_infantry_12;五兵徙卒;;;;;;;;;;X,,,
zhongyuan_infantry_12DESCR;《汉书·吾丘寿王传》：“古者作五兵。” 颜师古 注：“五兵，谓矛、戟、弓、剑，戈。”中国西周和春秋时期军队装备的一组兵器的合称。装备五兵的步卒是春秋时期长期伴随战车出现的辅助步兵。;;;;;;;;;;X,,,
zhongyuan_infantry_18;秀民士;;;;;;;;;;X,,,
zhongyuan_infantry_18DESCR;《国语·齐语》：“其秀民之能为士者，必足赖也。” 管仲改制之时征召部分鄙野庶民扩充兵员，以秀民为士，进行定期操练。卒伍整于里，军旅整于郊，使军队莫之能御。;;;;;;;;;;X,,,
zhongyuan_infantry_24;征戎军;;;;;;;;;;X,,,
zhongyuan_infantry_24DESCR;春秋中期开始，主要的大诸侯国开始在与戎狄的战争中取得优势，攘夷战争频率急剧上升，其中尤其以齐、晋、秦为最。;;;;;;;;;;X,,,
zhongyuan_infantry_30;魏舒方阵;;;;;;;;;;X,,,
zhongyuan_infantry_30DESCR;公元前五四一年，晋国的大夫魏舒在一次与狄军的遭遇中，由于战场地形险隘，战车无法展开，便“毁车以为行”，把甲士和步卒混编在一起，组成了我国历史上第一个独立的步兵方阵——魏舒方阵。从此步兵具有了独立的战斗力。;;;;;;;;;;X,,,
zhongyuan_infantry_38;甲胄步兵;;;;;;;;;;X,,,
zhongyuan_infantry_38DESCR;甲胄作为将士的防护性兵器，在冷兵器时代充当着极其重要的角色，可以较大程度地保护将士身体免遭敌方进攻性兵器的重创，进而能够增强战斗力并给敌方以更猛烈地打击。东周至秦汉之际，由于战争频繁酷烈且规模增大，穿着甲胄的重装部队在各国部队中的比例日益增多。战国时期，各大诸侯国均拥有数量庞大的重装部队;;;;;;;;;;X,,,
zhongyuan_infantry_46;苍头步兵;;;;;;;;;;X,,,
zhongyuan_infantry_46DESCR;因以清巾裹头而得名。 战国系主人战旗下的军队，多以乡党的青年组成。。”《史记·项羽本纪》：“少年欲立 婴 便为王，异军苍头特起。”裴駰集解引应劭曰：“苍头特起，言与众异也。苍头，谓士卒皁巾，若赤眉、青领，以相别也。”是战国时期大批征召的步兵部队。;;;;;;;;;;X,,,
zhongyuan_infantry_52;奋击步兵;;;;;;;;;;X,,,
zhongyuan_infantry_52DESCR;《吴子·励士》：“秦人兴师，临於西河。魏士闻之，不待吏令，介胄而奋击之者以万数。”是指能奋力击敌的士卒，是战国时期经过征召和训练的精锐步卒。;;;;;;;;;;X,,,
zhongyuan_infantry_61;精锐武卫;;;;;;;;;;X,,,
zhongyuan_infantry_61DESCR;随着战争规模的扩大，战争的指挥也变得复杂起来，因此出现了专门负责保障主将指挥中心安全的防卫部队，他们从部队有经验的老兵中被筛选出来，必要的时候也可以承担艰巨的突击任务，冲击敌人的防线。;;;;;;;;;;X,,,
zhongyuan_infantry_68;王都戍卫;;;;;;;;;;X,,,
zhongyuan_infantry_68DESCR;首位王都的部队是各诸侯国的精锐部队，他们拥有最好的装备，从最优秀的武士中选拔出来，拱卫首都的安全，如果他们投入战斗，那么意味着这是国家生死存亡的时刻，戍卫部队将为国家的生存奋战到最后。;;;;;;;;;;X,,,
rongdi_infantry_0;戎狄矛兵;;;;;;;;;;X,,,
rongdi_infantry_0DESCR;戎狄矛兵;;;;;;;;;;X,,,
rongdi_infantry_5;西戎武士;;;;;;;;;;X,,,
rongdi_infantry_5DESCR;西戎武士，西部蛮族的武士。《史记·匈奴列传》当是之时，秦、晋为强国。晋文公攘戎翟，居于河西圁、洛之间，号曰赤翟、白翟。秦穆公得由余，西戎八国服于秦，故自陇以西有緜诸、绲戎、翟、之戎，岐、梁山、泾、漆之北有义渠、大荔、乌氏、朐衍之戎。而晋北有林胡、楼烦之戎，燕北有东胡、山戎。各分散居谿谷，自有君长，往往而聚者百有余戎，然莫能相一;;;;;;;;;;X,,,
rongdi_infantry_13;赤狄重步;;;;;;;;;;X,,,
rongdi_infantry_13DESCR;赤狄重步,由赤狄精壮男子构成的一支队伍，没有统一号令、旗帜、甲胄、武器。冲锋散乱，各自为战，但却抱有一死的决心。;;;;;;;;;;X,,
rongdi_infantry_22;鲜虞步兵;;;;;;;;;;X,,,
rongdi_infantry_22DESCR;鲜虞步兵,中山国建立前的步兵,《左传·昭公十二年》：“晋荀吴伪会齐师者，假道於鲜虞 ，遂入昔阳 。”《国语·郑语》：“北有卫、燕、翟、鲜虞、路、洛、泉、徐、蒲 。”韦昭注：“ 鲜虞，姬姓在翟者。”;;;;;;;;;;X,
rongdi_infantry_29;白狄勇士;;;;;;;;;;X,,,
rongdi_infantry_29DESCR;白狄是北狄的一个分支，最初居住在晋陕交界的黄河流域，后来受到秦国的武力压迫逐渐迁徙到太行山及其以东地区。早期的白狄部队，推崇个人勇武，有时会遴选精锐勇士，冲击敌人阵营。;;;;;;;;;;X,,,
rongdi_infantry_37;中山长弓;;;;;;;;;;X,,,
rongdi_infantry_37DESCR;中山国人擅长使用弓箭，这与其白狄祖先传统有关，在对赵国、燕国的多次作战中，中山国的弓箭手都起到了重要的作用。;;;;;;;;;;X,,,
rongdi_infantry_47;中山苍头;;;;;;;;;;X,,,
rongdi_infantry_47DESCR;中山苍头,中山国仿照中原诸侯国建立的步兵因以清巾裹头而得名。 战国系主人战旗下的军队，多以乡党的青年组成。。”《史记·项羽本纪》：“少年欲立 婴 便为王，异军苍头特起。” 裴駰集解引应劭 曰：“苍头特起，言与众异也。苍头，谓士卒皁巾，若赤眉、青领，以相别也。” 是战国时期大批征召的步兵部队。;;;;;;;;;;X,,
rongdi_infantry_55;灵寿锐武;;;;;;;;;;X,,,
rongdi_infantry_55DESCR;中山国为北边游牧民族建立的国家，其历史上主要的首都是灵寿，因此具有浓烈的胡风胡韵。中山国曾尽选国中力士组建一军。全军铁甲铁胄铁杖铁盔，《吕氏春秋》记载“所击无不碎，所冲无不陷。以车投车，以人投人”。;;;;;;;;;;X,,,
rongdi_infantry_62;草原步兵;;;;;;;;;;X,,,
rongdi_infantry_62DESCR;战国后期，北方各国的边界到达草原，开始与游牧民族发生接触，游牧民族生活在马背上，也擅长在马背上作战，但这并不意味着他们完全不熟悉步战，在劫掠中原城市的时候，来自草原的部队会下马进行作战，甚至进行攻城作战。他们尤其擅长弓箭，也不惧怕近身缠斗，但无法像中原训练有素的步兵那样结成阵势防御敌军的冲击。;;;;;;;;;;X,,,
dongyi_infantry_0;东夷弓手;;;;;;;;;;X,,,
dongyi_infantry_0DESCR;东夷族有着非常悠久的历史，关于其历史的记载贯穿上古史当中，夏商周三代都和东夷族有着紧密的联系，也曾经发生过多次战争。东夷族类别庞杂，但大都熟悉战争，开化程度较高。;;;;;;;;;;X,,,
dongyi_infantry_4;方国步兵;;;;;;;;;;X,,,
dongyi_infantry_4DESCR;方国或方国部落是指中国夏商之际时的诸侯部落与国家。现今学者对这些方国的认识主要来源于商朝晚期的殷墟遗址出土的甲骨卜辞，卜文中多以“X方”的形式称呼这些部落国家，所以称作“方国”。方国的出现标志着东夷族基本政治体制的确立，也伴随着相应的军事制度建立。;;;;;;;;;;X,,,
dongyi_infantry_11;莱夷贵族;;;;;;;;;;X,,,
dongyi_infantry_11DESCR;莱夷是我国原始社会部落时期，活动于山东中、东部的东夷人一支。他是来源于神农氏，据王献唐先生考证：“莱为神农苗裔，神农起于西方，自西伹东，族众随之，山东之莱族，殆亦由西徒来者。”在春秋时期，齐国为了征服莱夷发动了无数次的战争，并最终获得成功。;;;;;;;;;;X,,,
dongyi_infantry_19;徐夷锐卒;;;;;;;;;;X,,,
dongyi_infantry_19DESCR;伯益因辅佐治水有功，其子若木被封于徐。西周时期，徐国参与了以武庚为首的商殷残余贵族的叛乱，徐的后人为“先君驹王西讨济于河”而自豪。至周穆王时，徐国之君徐偃王嬴诞在位，行仁义，结众心，颇得百姓拥护，四周有36个国家都派人向他朝贡。后来，他曾举兵进攻周朝都城，被周穆王打败。徐在周代为东夷集团中最大的国家。《诗经·大雅·常武》篇说“率彼淮浦，省此徐土”。;;;;;;;;;;X,,,
dongyi_infantry_27;精锐弓手;;;;;;;;;;X,,,
dongyi_infantry_27DESCR;东汉许慎的说文解字说夷字“从大从弓”。据说东夷人最早发明弓箭，擅长射箭。历史上，后羿是夏王朝东夷族有穷氏的首领，善于射箭。当时夏王「启」的儿子「太康」耽于游乐田猎，不理政事，被后羿所逐。春秋战国时期，东夷部队仍然擅长使用弓箭，其精锐部队更是可以对敌人造成可观的远程打击。;;;;;;;;;;X,,,
dongyi_infantry_34;淮夷步兵;;;;;;;;;;X,,,
dongyi_infantry_34DESCR;淮夷，是商周时期生活在我国东部的黄淮、江淮一带的古少数民族。传说中的著名部落首领蚩尤，在与炎黄部落的交战涿鹿之战中失败瓦解，一部分融合进炎黄部落，另一部分则举家南迁，至淮河流域一带定居，始称淮夷。春秋时期，淮夷是夷族中登场最为频繁的，多次与鲁国等泗上诸侯发生激烈冲突。;;;;;;;;;;X,,,
dongyi_infantry_43;泗上精锐;;;;;;;;;;X,,,
dongyi_infantry_43DESCR;进入战国时代以后，各诸侯国之间的兼并战争日趋加速，主要的小诸侯国基本只剩下了泗上一带的国家，史称“泗上十二诸侯”，其中也包括莒国等几个东夷背景的国家，这一时期，东夷族的武装力量已经大大削弱，大部分地区被齐国和越国兼并，残存力量只能自保。;;;;;;;;;;X,,,
dongyi_infantry_54;战国夷卒;;;;;;;;;;X,,,
dongyi_infantry_54DESCR;战国时期，受到各主要大国相继改革的影响，东夷部族的武装力量也发生了变化，步兵应用更加严整的阵法，青铜器和铁器也得到了进一步的推广。;;;;;;;;;;X,,,
dongyi_infantry_64;蚩尤勇士;;;;;;;;;;X,,,
dongyi_infantry_64DESCR;蚩尤是中华始祖之一，是牛图腾和鸟图腾氏族的首领，上古时代九黎族部落酋长。涿鹿之战，蚩尤战死，九黎等部族融入了炎黄部族，形成了今天中华民族的最早主体。苗、高丽、羌等组都认定其祖先发源于蚩尤一部。而周时期，蚩尤直系的后人就是东夷族。东夷族的勇士以蚩尤为精神寄托，勇往直前。;;;;;;;;;;X,,,
wuyue_infantry_1;吴越戍卫;;;;;;;;;;X,,,
wuyue_infantry_1DESCR;按照传统说法，吴国越国的祖先都来自于中原，但历史中吴越长期与中原缺乏交流，直到春秋后期才开始频频见于史书，根据近代的研究表明，吴越两国在民族、文化上可能更接近于楚国，而越国和南方百越各族也有很多共同之处。;;;;;;;;;;X,,,
wuyue_infantry_8;江南土兵;;;;;;;;;;X,,,
wuyue_infantry_8DESCR; 吴越两国虽然源于中原，但至春秋早期时，与中原已断绝联系，形成了自己的特殊文化和政治体制，其军事上的组织较为落后，依赖江南本土征募的临时部队，作战装备也比较落后。;;;;;;;;;;X,,,
wuyue_infantry_15;仿周甲士;;;;;;;;;;X,,,
wuyue_infantry_15DESCR; 吴国早期部队中似乎也存在和中原类似的一些军队，但不清楚是来源于祖先的遗留还是后来文化交流的结果，这些部队实际上和当地土著的部队差别不大。;;;;;;;;;;X,,,
wuyue_infantry_24;巫臣步兵;;;;;;;;;;X,,,
wuyue_infantry_24DESCR; 楚国忠臣巫臣在国内斗争失败后投奔晋国（传说夏姬是故事的关键），为晋国制订了联吴抗楚的策略，并排自己的儿子去教吴国人中原的作战方法，包括如何使用战车。这次个人恩怨的报复深刻的影响了春秋时代的历史，吴国和后来的越国相继崛起，其称霸中原的起点就是巫臣。;;;;;;;;;;X,,,
wuyue_infantry_29;孙武新军;;;;;;;;;;X,,,
wuyue_infantry_29DESCR; 孙武又被称作孙子，其震铄古今的《孙子兵法》使得其蜚声海外。在孙武的时代，他不仅仅是理论家，也是伟大的军事家，孙子为吴王阖闾训练了一支全新的部队，就是这支部队后来攻破楚国首都，震惊华夏。;;;;;;;;;;X,,,
wuyue_infantry_35;勾践剑士;;;;;;;;;;X,,,
wuyue_infantry_35DESCR; 勾践是春秋时代最后一位霸主，其领导的越军也在那个时代横行江淮，无人能敌。吴越地区铸剑工艺水平领先全国，欧冶子等铸剑名师都出自吴越，出土的越王勾践剑也印证了这一点。越国军队的剑士作战技巧似乎也很高超（越女剑的传说并非金庸首创，最早见于东汉的《吴越春秋》），为勾践称霸立下汗马功劳。;;;;;;;;;;X,,,
wuyue_infantry_41;越国轻步;;;;;;;;;;X,,,
wuyue_infantry_41DESCR;勾践之后，越国地位下滑，但仍经常与齐国、楚国等进行战争，这一时期越国部队以轻装部队为主，适宜在江南河道纵横的地方作战和行军。;;;;;;;;;;X,,,
wuyue_infantry_50;精锐越军;;;;;;;;;;X,,,
wuyue_infantry_50DESCR;随着战国兼并战争愈演愈烈，越国逐渐推出了主要的历史舞台，其军事组织也相对的落后于中原各国，但其精锐部队仍然保有较高的战斗力，使得越国得以保持大国地位。;;;;;;;;;;X,,,
wuyue_infantry_58;百越应征;;;;;;;;;;X,,,
wuyue_infantry_58DESCR;越国被楚国击破后，丧失了江北的土地，残余势力退缩到浙江一带，即越国早期的疆域，此时越国仍然能控制东越、瓯越的很多部族，在军事上也倚重这些国家的支持。;;;;;;;;;;X,,,
wuyue_infantry_65;江东子弟;;;;;;;;;;X,,,
wuyue_infantry_65DESCR;越国大部最终被楚国吞并，后来随着楚国并入统一的秦王朝，但江东子弟仍然继承了吴越两国尚武的传统，这些人后来成为了项羽领导的西楚军的核心力量，八千江东子弟随着霸王一起推翻了秦王朝。;;;;;;;;;;X,,,
manyue_infantry_0;南蛮步兵;;;;;;;;;;X,,,
manyue_infantry_0DESCR;南蛮步兵,南蛮的称谓最早记载来自于周代的《礼记》礼记·王制，中国戎夷，五方之民，皆有性也，不可推移。东方曰夷，被发文身，有不火食者矣。南方曰蛮，雕题交趾，有不火食者矣。西方曰戎，被发衣皮，有不粒食者矣。北方曰狄，衣羽毛穴居，有不粒食者矣。指南方脸上有纹上的族群即是南蛮。;;;;;;;;;;X,,
manyue_infantry_1;百濮步兵;;;;;;;;;;X,,,
manyue_infantry_1DESCR;百濮步兵,江汉之南的少数民族的步兵《逸周书·王会》记载：“正南瓯邓、桂国、损子、产里、百濮、九菌，请令以珠玑、玳瑁、象齿、文犀、翠羽、菌鹤、短狗为献。”后人解为商朝濮人曾入贡，“商、产里、百濮以象齿、文犀、翠羽为献”。;;;;;;;;;;X,,
manyue_infantry_7;南蛮弓手;;;;;;;;;;X,,,
manyue_infantry_7DESCR;南蛮之地，常用弓箭作战，蛮人好劫掠，胜则一哄而上，败则作鸟兽状散。;;;;;;;;;;X,,,
manyue_infantry_8;百越弓手;;;;;;;;;;X,,,
manyue_infantry_8DESCR;百越地区，弓箭是一种常见的古老装备，在阵地战中有一定杀伤作用，但无法进行突击作战，也无法承受敌人的猛烈冲击。;;;;;;;;;;X,,,
manyue_infantry_14;闽越突击;;;;;;;;;;X,,,
manyue_infantry_14DESCR;在越王允常时代，于越族有人进入福建定居。如铸剑能手欧冶子，曾受越王派遣，带领助手在闽北(今松溪县)湛卢山建炉铸剑。闽越族习惯于水上生活，“断发文身”，实行悬棺葬，习俗上与中原有很大差别，擅长突击作战。;;;;;;;;;;X,,,
manyue_infantry_15;瓯越突击;;;;;;;;;;X,,,
manyue_infantry_15DESCR;瓯越是百越的一个组成部分，其名称始见于《战国策· 赵策》曰：“被发文身，错臂左衽，瓯越之民也。”散居于浙江南部一带，擅长山地突袭。 ;;;;;;;;;;X,,,
manyue_infantry_22;南越重步;;;;;;;;;;X,,,
manyue_infantry_22DESCR;南越地区即今天的广东一带，属于百越的一支，该地区自然资源丰富，土人因地制宜，采用竹、木、皮革等制作护甲和武器，装备部队。;;;;;;;;;;X,,,
manyue_infantry_23;骆越重步;;;;;;;;;;X,,,
manyue_infantry_23DESCR;骆越也是百越的一支，分布在今天越南北部一带。”《汉书·南蛮传》： “骆越之民，无嫁娶礼法，各因淫好，无适对匹，不识父子之姓，夫妇之道”。其国家实行多级分封，发生战争时自上而下进行征召。;;;;;;;;;;X,,,
manyue_infantry_31;扬越精锐;;;;;;;;;;X,,,
manyue_infantry_31DESCR;百越的一支。战国至魏晋时为对越人的泛称。一说因曾广泛散布于古扬州而得名，故亦以称其居地;一说居岭南;一说居江汉一带地区。西周末周夷王时，楚君熊渠曾兴兵伐庸，扬越，至于鄂，扬越之北疆汉水地区被兼并，后为楚所并，楚王熊渠封其子为越章王，其封国当即扬越之故地。;;;;;;;;;;X,,,
manyue_infantry_32;西瓯精锐;;;;;;;;;;X,,,
manyue_infantry_32DESCR;岭南地区桂江和浔江流域一带也有一支越人大部落，为了与东瓯的越人相区别，人们便称之为西瓯或西越。根据出土记载湘南资兴等地亦有西瓯墓出土。;;;;;;;;;;X,,,
manyue_infantry_40;百越征募;;;;;;;;;;X,,,
manyue_infantry_40DESCR;随着越国、楚国等国家的扩张，百越各族开始和中原有了进一步的接触，其军事发展也受到了中原先进科技的影响，同时中原国家有时也会借兵百越，协同作战。;;;;;;;;;;X,,,
manyue_infantry_48;钱唐长枪;;;;;;;;;;X,,,
manyue_infantry_48DESCR;枪在中国被称为百兵之王，拥有最悠久的历史，虽然结构简单，但却非常有效，尤其适合结阵作战，钱唐一带的百越与中原接触较多，也学会了长枪的使用。;;;;;;;;;;X,,,
manyue_infantry_49;闽侯长弓;;;;;;;;;;X,,,
manyue_infantry_49DESCR;闽侯在今天的福建福州，战国时又叫做侯马，是中国早期南方航海的中心之一，在多山的福建地区有着门户的作用，闽越部族以闽侯为核心，分布着大小不一的许多部族，其中很多部族都擅长弓箭作战。;;;;;;;;;;X,,,
manyue_infantry_56;番禹剑盾;;;;;;;;;;X,,,
manyue_infantry_56DESCR;番禹位于今天的广州，极早就开始了和远洋国家的海上贸易，一些远方的金属制品有时候流传到这一地区，地方武装有时会采用这些金属制品来武装自己。;;;;;;;;;;X,,,
manyue_infantry_57;交趾义士;;;;;;;;;;X,,,
manyue_infantry_57DESCR;交趾之地，狼虫虎豹云集，交通不便，故而行侠之人辈出。剑士灵动飘逸，很难捕捉。战斗力较高，纪律较差，士气极高，速度极快，护甲极差;;;;;;;;;;X,,,
manyue_infantry_64;东越联军;;;;;;;;;;X,,,
manyue_infantry_64DESCR;百越武士,装备极为落后，但机动性极强。战斗力较低，纪律较差。秦国统一六国后开始了对南方百越的征服，瓯越、闽越各部在东部顽强的阻击了秦军的征服。;;;;;;;;;;X,,
manyue_infantry_65;南越联军;;;;;;;;;;X,,,
manyue_infantry_65DESCR;百越武士,装备极为落后，但机动性极强。战斗力较低，纪律较差。秦国统一六国后开始了对南方百越的征服，扬越、骆越各部在南部顽强的阻击了秦军的征服。;;;;;;;;;;X,,
bashu_infantry_2;巴蜀矛兵;;;;;;;;;;X,,,
bashu_infantry_2DESCR;从四川三星堆出土了大量的巴蜀古人的青铜器，包括了青铜矛头，并且在壁画上也发现巴蜀古人手持盾、矛战斗。 ;;;;;;;;;;X,,,
bashu_infantry_11;巴蜀戈兵;;;;;;;;;;X,,,
bashu_infantry_11DESCR;巴蜀人的兵器多样，戈为甚。戈从商前期出现延续到秦汉初期，贯穿整个巴蜀青铜器发展的始终。;;;;;;;;;;X,,,
bashu_infantry_21;巴蜀钺兵;;;;;;;;;;X,,,
bashu_infantry_21DESCR;钺作为一种巴蜀人常用兵器，由青铜铍头、长柄构成，铍头尖锋直刃、扁茎，穿透力很强，很可能是由扁茎短剑发展而来。;;;;;;;;;;X,,,
bashu_infantry_32;带鏊戈兵;;;;;;;;;;X,,,
bashu_infantry_32DESCR;鍪，是重步兵类型的装备，即头盔。 青铜制或铁制。敛口束颈，口有唇缘，鼓腹圆底。流行于战国并沿用至汉代早期。古代士兵带的胄与鍪相似，因此叫做兜鍪。;;;;;;;;;;X,,,
bashu_infantry_43;虎纹戈兵;;;;;;;;;;X,,,
bashu_infantry_43DESCR;古巴蜀人有明显的图腾崇拜行为，各类兵器上发现的虎纹有三十余种，夔龙纹约十种，兽面饕餮纹约十七种、鸟纹七种、蝉纹八种、人形纹十三种。此外还有蛇纹、蛙纹、蜂纹、蚕纹、虺纹、螭纹、鹿纹等。虎纹戈兵即以虎纹为装饰的重装戈兵部队，是精锐部队之一。;;;;;;;;;;X,,,
bashu_infantry_53;鸟纹剑兵;;;;;;;;;;X,,,
bashu_infantry_53DESCR;古巴蜀人有明显的图腾崇拜行为，各类兵器上发现的虎纹有三十余种，夔龙纹约十种，兽面饕餮纹约十七种、鸟纹七种、蝉纹八种、人形纹十三种。此外还有蛇纹、蛙纹、蜂纹、蚕纹、虺纹、螭纹、鹿纹等。鸟纹剑兵即以鸟纹为装饰的突击剑兵部队，是精锐部队之一。;;;;;;;;;;X,,,
bashu_infantry_63;龙纹钺兵;;;;;;;;;;X,,,
bashu_infantry_63DESCR;古巴蜀人有明显的图腾崇拜行为，各类兵器上发现的虎纹有三十余种，夔龙纹约十种，兽面饕餮纹约十七种、鸟纹七种、蝉纹八种、人形纹十三种。此外还有蛇纹、蛙纹、蜂纹、蚕纹、虺纹、螭纹、鹿纹等。龙纹钺兵即以夔龙纹为装饰的精英部队，是精锐部队之一。;;;;;;;;;;X,,,
jingchu_infantry_0;南蛮步兵;;;;;;;;;;X,,,
jingchu_infantry_0DESCR;南蛮步兵,南蛮的称谓最早记载来自于周代的《礼记》礼记·王制，中国戎夷，五方之民，皆有性也，不可推移。东方曰夷，被发文身，有不火食者矣。南方曰蛮，雕题交趾，有不火食者矣。西方曰戎，被发衣皮，有不粒食者矣。北方曰狄，衣羽毛穴居，有不粒食者矣。指南方脸上有纹上的族群即是南蛮。;;;;;;;;;;X,,
jingchu_infantry_5;荆楚民卒;;;;;;;;;;X,,,
jingchu_infantry_5DESCR;古荆州地区的征召兵,《尚书·禹贡》“荆者，楚也，其曰荆何也？州举之也”。“南方为荆州，楚也”。故曰荆楚。晋《太康地记》云：“荆州于古蛮服之地也”。周时，辨九服之邦国，王畿之外，以外方五百里为距，有侯、甸、男、采、卫、蛮、夷、镇、藩等九服;;;;;;;;;;X ,,
jingchu_infantry_10;楚徙民卒;;;;;;;;;;X,,,
jingchu_infantry_10DESCR;楚悼王徙袭肥遗后建立的轻步兵, 《楚居》： 至悼哲王犹居崩 郢，中 巫 （谢？） 起祸，焉徙袭肥遗；邦大 次 月（棘），焉徙 居寻 郢。;;;;;;;;;;X,,
jingchu_infantry_16;云梦弓手;;;;;;;;;;X,,,
jingchu_infantry_16DESCR;云梦弓手,楚王游猎区的弓箭手《楚策》：“于是楚王游于云梦，结驷千乘，旌旗蔽天。野火之起也若云霓，兕虎之嗥声若雷霆。有狂兕群车依轮而至，王亲引弓而射，一发而殪。王抽旃旄而抑兕首，仰天而笑曰：乐矣，今日之游也。”;;;;;;;;;;X,,
jingchu_infantry_22;郢都组甲;;;;;;;;;;X,,,
jingchu_infantry_22DESCR;郢都组甲，楚国国都的精锐甲士，身披铠甲，十分骁勇善战，《管子·五行》：“天子出令，命左右司马衍组甲厉兵，合什为伍，以修於四境之内。” 尹知章 注：“组甲，谓以组贯甲也。”;;;;;;;;;;X,,,
jingchu_infantry_28;共王被练;;;;;;;;;;X,,,
jingchu_infantry_28DESCR;共王被练，楚共王训练的披练袍的徒兵，《左传·襄公三年》：“使邓廖帅组甲三百，被练三千，以侵吴 。” 杜预 注：“组甲、被练，皆战备也……被练，练袍。” 孔颖达 疏：“被是被覆衣著之名，故以为练袍，被於身上。”;;;;;;;;;;X,,,
jingchu_infantry_33;申息长矛;;;;;;;;;;X,,,
jingchu_infantry_33DESCR;申息长矛申、息两地的步兵，楚国前期最精锐的步兵，在楚国的各个战场发挥了巨大的作用，《左氏》僖公二十五年《传》：“秦晋戍鄀，楚申息之师戍商密。秦人过析隈以围商密。”杜注：“鄀本在商密，秦楚界上小国。其后迁於南郡鄀县。商密今南阳丹水县，析南阳析县。”《水经注》：“丹水又经丹水县故城南，县有密阳乡，古商密之地，楚申息之师戍也。;;;;;;;;;;X,,,
jingchu_infantry_39;方城守卫;;;;;;;;;;X,,,
jingchu_infantry_39DESCR;方城是楚国北方的门户，包括以宛城为中心的广大地区，是楚国北上进攻的基地，也是出国北方防线的重点，约在楚文王十二年(前678年)伐申灭邓之后，在南阳东北开始修筑长城，设缯关，是我国历史上最早的长城，方城的守备部队是楚军的精锐部队。;;;;;;;;;;X,,,
jingchu_infantry_47;吴起新军;;;;;;;;;;X,,,
jingchu_infantry_47DESCR;吴起新军，吴起变法后创立的新军，使楚国军队得以跟上中原诸国，《史记·卷六十五·孙子吴起列传》：明法审令，捐不急之官，废公族疏远者，以抚养战斗之士。《韩非子·和氏》：不如使封君之子孙三世而收爵禄，绝减百吏之禄秩，损不急之枝官，以奉选练之士。;;;;;;;;;;X,,,
jingchu_infantry_53;陷阵步兵;;;;;;;;;;X,,,
jingchu_infantry_53DESCR;陷阵步兵，楚国精锐的重步兵，作为攻陷敌方营地的先锋《史记·货殖列传》：“故壮士在军，攻城先登，陷阵却敌，斩将搴旗。”;;;;;;;;;;X,,,
jingchu_infantry_59;淮泗厮徒;;;;;;;;;;X,,,
jingchu_infantry_59DESCR;淮泗厮徒，淮泗流域的游侠之士，以勇猛善战著称。《正淮篇云：“淮南者，三代扬州之分也。当春秋时，吴、楚、陈、蔡之与地，战国之末，楚全有之，而考烈王都焉。”，楚国拥有淮泗流域后招募勇敢之士创建的部队;;;;;;;;;;X,,,
jingchu_infantry_64;项燕步兵;;;;;;;;;;X,,,
jingchu_infantry_64DESCR;项燕步兵，楚将项燕创立的步兵，是战国末期少数几只打败秦军的军队，《史记》卷七十三 白起王翦列传第十三：遂使李信及蒙恬将二十万南伐荆。王翦言不用，因谢病，归老於频阳。李信攻平与，蒙恬攻寝，大破荆军。信又攻鄢郢，破之，於是引兵而西，与蒙恬会城父。荆人因随之，三日三夜不顿舍，大破李信军，入两壁，杀七都尉，秦军走。;;;;;;;;;;X,,,
qinguo_infantry_41;穆公旧军;;;;;;;;;;X,,,
qinguo_infantry_41DESCR;穆公旧军，商鞅变法之前的旧军，组织度较差，而且不能野战，周安王十三年(公元前389年)的阴晋之战，吴起以五万魏军，击败了五十万秦旧军,《吴子·励士第六》：于是武侯从之，兼车五百乘，骑三千匹，而破秦五十万众，此励士之功也 ;;;;;;;;;;X,,
qinguo_infantry_48;秦卫戍步兵;;;;;;;;;;X,,,
qinguo_infantry_48DESCR;秦卫戍步兵，秦国沿袭西周编制的基本部队，装备皮革护甲和戈矛，担任边境守卫的任务;;;;;;;;;;X,,,
qinguo_infantry_53;商鞅新军;;;;;;;;;;X,,,
qinguo_infantry_53DESCR;商鞅新军，商鞅变法创立的新军，《史记·商鞅列传》令民为什伍，而相牧司连坐。不告奸者腰斩，告奸者与斩敌首同赏，匿奸者与降敌同罚。民有二男以上不分异者，倍其赋。有军功者，各以率受上爵；为私斗者，各以轻重被刑大小。;;;;;;;;;;X,,,
qinguo_infantry_58;白起锐士;;;;;;;;;;X,,,
qinguo_infantry_58DESCR;白起是战国后期秦国最著名的将领，战功赫赫，锐士是为天下第一弩军，携秦弩，破骑兵，上阵之时不畏生死，他国皆惧。故秦十万带甲，得三千锐士。。——荀子·议兵;;;;;;;;;;X,,,
qinguo_infantry_63;秦王陷阵;;;;;;;;;;X,,,
qinguo_infantry_63DESCR;秦王陷阵,秦灭六国的精锐,荀子·议兵:秦人其生民也陿阸，其使民也酷烈，劫之以势，隐之以阸，忸之以庆赏，?之以刑罚，使天下之民所以要利于上者，非斗无由也。阸而用之，得而后功之，功赏相长也。五甲首而隶五家，是最为众强长久，多地以正。;;;;;;;;;;X,
qiguo_infantry_37;齐国步卒;;;;;;;;;;X,,,
qiguo_infantry_37DESCR;齐国步卒,步卒是最常见的轻装步兵，他们多穿棉、竹等轻甲或无甲，持剑，枪等轻兵器，以松散阵形冲击敌军。;;;;;;;;;;X,,
qiguo_infantry_42;齐国重甲;;;;;;;;;;X,,,
qiguo_infantry_42DESCR;齐国重甲,最初是护卫战车的重装步兵，后来齐国逐渐将其单独作为一军使用。徒兵负重甲，持大盾或戈、戟等长兵，列阵徐徐推进，防御力出众，尤其擅长抵挡箭雨。;;;;;;;;;;X,,
qiguo_infantry_46;齐国技击;;;;;;;;;;X,,,
qiguo_infantry_46DESCR;齐国技击。技击乃齐国雇佣兵，持戟而战，战斗力有限，但对抵御弓兵与弩兵有独到之处。齐人隆技击，其技也，得一首者，则赐赎锱金，无本赏矣。是事小敌毳则偷可用也，事大敌坚则焉涣离耳，若飞鸟然，倾侧反覆无日，是亡国之兵也。兵莫弱是矣，是其去赁市佣而战之几矣。。——荀子·议兵;;;;;;;;;;X,,,
qiguo_infantry_50;东莱征募;;;;;;;;;;X,,,
qiguo_infantry_50DESCR;春秋中期，齐国征服了东莱地区，到战国时，这里已经成为了齐国重要的一个地区，人口和经济都得到了较大的发展，东莱地区征募的部队一定程度上保持了东夷族祖先的尚武传统，也保持了东夷人擅长使用弓箭的特点。,;;;;;;;;;;X,,
qiguo_infantry_54;孙膑奋击;;;;;;;;;;X,,,
qiguo_infantry_54DESCR;孙膑是战国中期的伟大军事家，在理论和时间上都有突出的贡献，在田忌的聘请下，孙膑为齐国训练了一支强大的部队，一改齐军孱弱的旧貌。孙膑治军，部队纪律严整，最终击败了庞涓，终结了战国早期魏国的霸主地位。,;;;;;;;;;;X,,
qiguo_infantry_59;精锐技击;;;;;;;;;;X,,,
qiguo_infantry_59DESCR;精锐技击,齐国地处东海之滨，有渔盐之利，工商发达，人民富庶。因此齐国人都喜爱学练基本格杀技巧。齐国将其进行招幕，并进行严格的军事训练。因此齐技击拥有高超的战斗技巧。;;;;;;;;;;X,,
qiguo_infantry_64;临淄武力;;;;;;;;;;X,,,
qiguo_infantry_64DESCR;临淄武力,勇力绝伦的战士《孔子家语·本姓》：“今其人身长十尺，武力绝伦。”《战国策·齐策一》临淄之中七万户，臣窃度之，下户三男子，三七二十一万，不待发于远县，而临淄之卒，固以二十一万矣。;;;;;;;;;;X,,
weiguo_infantry_39;三晋方阵;;;;;;;;;;X,,,
weiguo_infantry_39DESCR;三晋方阵,魏舒方阵的改进版本,在春秋末期为魏国的步兵方阵。;;;;;;;;;;X,
weiguo_infantry_45;魏国武卒;;;;;;;;;;X,,,
weiguo_infantry_45DESCR;“魏武卒”是战国前期魏国名将吴起训练的精锐重步兵。吴起当年训练魏武卒，（荀子议兵篇）“魏之武卒以度取之，衣三属之甲，操十二石之弩，负矢五十，置戈其上，冠胄带剑，赢三日之粮， 日中而趋百里。中试则复其户，利其田宅。;;;;;;;;;;X,,,
weiguo_infantry_49;魏国厮徒;;;;;;;;;;X,,,
weiguo_infantry_49DESCR;魏厮徒,厮徒：杂役兵（从事包括军队徭役、苦力等），也称一般步兵."今窃闻大王之卒，武士二十万，苍头二十万，奋击二十万，厮徒十万，车六百乘，骑五千匹"----《史记·苏秦列传》;;;;;;;;;;X,,
weiguo_infantry_53;魏国武士;;;;;;;;;;X,,,
weiguo_infantry_53DESCR;魏武士,魏国最有勇力的战士。《墨子·备梯》：“攻备已具，武士又多，争上吾城，为之奈何。”《庄子·人间世》：“上徵武士，则支离攘臂而游於其间。” ;;;;;;;;;;X,,
weiguo_infantry_58;精锐武卒;;;;;;;;;;X,,,
weiguo_infantry_58DESCR;精锐武卒,战国前期魏国名将吴起训练的精锐重步兵魏武卒的改进。（荀子议兵篇）“魏之武卒以度取之，衣三属之甲，操十二石之弩，负矢五十，置戈其上，冠胄带剑，赢三日之粮， 日中而趋百里。中试则复其户，利其田宅。;;;;;;;;;;X,,
weiguo_infantry_63;大梁守卫;;;;;;;;;;X,,,
weiguo_infantry_63DESCR;大梁城是魏国的首都，城池固若金汤，易守难攻，是魏国最后的依仗，秦军最终用大水灌城才攻克大梁。大梁守卫沿袭了先辈的精神，是魏国最后一支强力的军队。;;;;;;;;;;X,,,
zhaoguo_infantry_39;三晋方阵;;;;;;;;;;X,,,
zhaoguo_infantry_39DESCR;三晋方阵,魏舒方阵的改进版本,在春秋末期为赵国的步兵方阵;;;;;;;;;;X,
zhaoguo_infantry_46;轻装武士;;;;;;;;;;;X,,,
zhaoguo_infantry_46DESCR;轻装武士,赵国胡服骑射以前的轻装步兵;;;;;;;;;;X,,
zhaoguo_infantry_51;胡装新军;;;;;;;;;;X,,,
zhaoguo_infantry_51DESCR;胡装新军,赵武灵王胡服骑射后编练的新军,《资治通鉴》卷三:赵武灵王北略中山之地，至房子，遂至代。北至无穷，西至河，登黄华之上，与肥义谋胡服骑射，以教百姓，曰：“愚者所笑，贤者察焉。虽驱世以笑我，胡地中山吾必有之。”遂胡服。;;;;;;;;;;X,
zhaoguo_infantry_55;楼烦佣兵;;;;;;;;;;X,,,
zhaoguo_infantry_55DESCR;赵国完成胡服骑射改革后，迅速开拓朔方、河套地区，和邻近的游牧民族发生了密切的接触，原位于黄河流域的部分部族在金钱物质的吸引下进入中原，其中一部分人成为了赵军的一支新生力量。;;;;;;;;;;X,,,
zhaoguo_infantry_59;廉颇亲卫;;;;;;;;;;X,,,
zhaoguo_infantry_59DESCR;廉颇黑衣军,赵将廉颇统帅的军队,十分善战,《史记·廉颇蔺相如列传》"廉颇者，赵之良将也。赵惠文王十六年，廉颇为赵将伐齐，大破之，取阳晋，拜为上卿①，以勇气闻于诸侯。;;;;;;;;;;;X
zhaoguo_infantry_63;李牧新军;;;;;;;;;;X,,,
zhaoguo_infantry_63DESCR;李牧招募的新军,《史记·廉颇蔺相如列传》"于是乃具选车得千三百乘，选骑得万三千匹，百金之士五万人，彀者十万人，悉勒习战。大纵畜牧，人民满野。匈奴小入，详北不胜，以数千人委之。单于闻之，大率众来入。李牧多为奇阵，张左右翼击之，大破杀匈奴十余万骑。灭襜褴，破东胡，降林胡，单于奔走。其后十余岁，匈奴不敢近赵边城。;;;;;;;;;;X,,
hanguo_infantry_39;三晋方阵;;;;;;;;;;X,,,
hanguo_infantry_39DESCR;三晋方阵,魏舒方阵的改进版本,在春秋末期为韩国的步兵方阵;;;;;;;;;;X,
hanguo_infantry_46;申不害军;;;;;;;;;;X,,,
hanguo_infantry_46DESCR;申不害军,申不害相韩时建立的部队，因韩国拥有宛城、墨阳、宜阳等铁矿，故部队装备最为精良。战甲、护臂皆为铁质，伊阙之战重连秦军也绕过韩军。时人谓之“劲韩”，足见韩铁军之猛。;;;;;;;;;;X,,
hanguo_infantry_50;韩国劲弩;;;;;;;;;;X,,,
hanguo_infantry_50DESCR;韩国劲弩,天下强弓劲弩出于韩,所韩国劲弩手堪称天下第一,战国策卷二十六韩策一:韩北有巩、洛、成皋之固，西有宜阳、常阪之塞，东有宛、穰、淆水，南有陉山，地方千里，带甲数十万。天下之强弓劲弩，皆自韩出。溪子、少府、时力、距来，皆射六百步之外。韩卒超足百射，百发不暇止，远者达胸，近者掩心。;;;;;;;;;;X
hanguo_infantry_54;韩国重甲;;;;;;;;;;X,,,
hanguo_infantry_54DESCR;韩国重甲,强弓坚甲尽出于韩，韩卒身披重甲手持锐弓，骁勇耐战，尤善防御车兵与骑兵。"史记·苏秦列传":于是苏秦说韩宣惠王曰：“韩地方九百馀里，带甲数十万，天下之强弓、劲弩、利剑皆从韩出。韩卒超足而射，百发不暇止。以韩卒之勇，被坚甲，跖劲弩，带利剑，一人当百，不足言也。;;;;;;;;;;X,,
hanguo_infantry_58;精锐韩弩;;;;;;;;;;X,,,
hanguo_infantry_58DESCR;天下强弓劲弩出于韩，战国策卷二十六韩策一“:天下之强弓劲弩，皆自韩出。溪子、少府、时力、距来，皆射六百步之外。韩卒超足百射，百发不暇止，远者达胸，近者掩心。”战国后期，韩国武器制造技术进一步改进，部队更加精锐。;;;;;;;;;;X,,,
hanguo_infantry_62;韩国铁士;;;;;;;;;;X,,,
hanguo_infantry_62DESCR;韩国铁士,韩国的精锐近卫军,战国策卷二十六韩策一韩卒之剑裁，皆出于冥山、棠溪、墨阳、合伯膊。邓师、宛冯、龙渊、大阿，皆陆断马牛，水击鹄雁，当敌即斩坚。甲、盾、（革是）、鍪、铁幕、革抉、（口夭）芮，无不毕具。以韩卒之勇，被坚甲，跖劲弩，带利剑，一人当百，不足言也。;;;;;;;;;;X,
yanguo_infantry_42;燕国新军;;;;;;;;;;X,,,
yanguo_infantry_42DESCR;燕国新军，燕国进入战国时期编练的新军，使得燕国虽然弱小，但仍能在战国保持一定地位。;;;;;;;;;;X,,,
yanguo_infantry_48;燕国戟士;;;;;;;;;;X,,,
yanguo_infantry_48DESCR;燕国戟士，燕国盛产铁矿，铁器钢器煅造技术精湛，军队武器首屈一指。特别是钢器，以钢器对青铜器占有绝对优势。战斗力较高，纪律较好，护甲极好，速度一般，士气一般。;;;;;;;;;;X,,,
yanguo_infantry_56;乐毅坚兵;;;;;;;;;;X,,,
yanguo_infantry_56DESCR;乐毅坚兵，燕国辽东百姓体质强健，北面时有匈奴相侵扰。因此百姓战斗素质较高。乐毅伐齐时建立坚兵，最大特点是“轻锐劲健”。战斗力一般，纪律较好，士气较高，护甲较差，速度极快。《战国策》之《燕策》昌国君乐毅为燕昭王合五国之兵而攻齐:昌固君乐毅为燕昭王合五国之兵而攻齐，下七十馀城，尽郡县之以属燕。;;;;;;;;;;X,,,
yanguo_infantry_61;晚期燕军;;;;;;;;;;X,,,
yanguo_infantry_61DESCR;战国晚期，燕国试图加强自身地位，因此在乐毅燕军的基础上做了一些改革，但成效不大，侵略长平之战后的赵国以失败告终，也完全无力抵挡秦军的猛烈攻势。;;;;;;;;;;X,,,
zhongyuan_cavalry_29;走马单骑;;;;;;;;;;X,,,
zhongyuan_cavalry_29DESCR;走马单骑是中原骑兵的雏形，其本质就是步兵以马匹为代步工具行进，可以进行侦查和突击，但没有大规模成建制作战的能力。;;;;;;;;;;X,,,
zhongyuan_cavalry_40;扰徙骑兵;;;;;;;;;;X,,,
zhongyuan_cavalry_40DESCR;进入战国时代后，中原国家开始编制骑兵部队，初期的骑兵仍以袭扰为主要目的。;;;;;;;;;;X,,,
zhongyuan_cavalry_48;早期骑兵;;;;;;;;;;X,,,
zhongyuan_cavalry_48DESCR;战国早期的骑兵已经开始在战争中扮演重要的角色，由于其机动性强，作为独立部队时可以承担切断对方补给的作用。;;;;;;;;;;X,,,
zhongyuan_cavalry_55;战国骑兵;;;;;;;;;;X,,,
zhongyuan_cavalry_55DESCR;随着赵武灵王胡服骑射改革的发生，游牧民族的一些服饰和马具也传入了中原各国，这极大地提升了骑兵的作战能力。这一时期的中原骑兵拥有了较强的冲击力和侧翼进攻能力。;;;;;;;;;;X,,,
zhongyuan_cavalry_62;晚期骑兵;;;;;;;;;;X,,,
zhongyuan_cavalry_62DESCR;战国晚期各国的战争愈演愈烈，骑兵已经成为了主导战场的力量，在几次大规模的会战中，都有骑兵战术的体现。;;;;;;;;;;X,,,
zhongyuan_cavalry_67;诸侯骑兵;;;;;;;;;;X,,,
zhongyuan_cavalry_67DESCR;秦末混战，各诸侯国复立，他们纷纷建立了自己的专属骑兵部队，这些骑兵部队吸收了战国军事经验和胡人的技术，在楚汉战争中起到了举足轻重的作用。;;;;;;;;;;X,,,
rongdi_cavalry_1;部落骑兵;;;;;;;;;;X,,,
rongdi_cavalry_1DESCR;部落骑兵,在广袤的草原上，骑兵为主要的军事力量，而弓却是马背民族不可缺少的进攻利器。战场之上，千军万马奔腾而来，箭矢如雨，声势浩大。;;;;;;;;;;X,,
rongdi_cavalry_9;犬戎骑兵;;;;;;;;;;X,,,
rongdi_cavalry_9DESCR;犬戎骑兵,在广袤的草原上，骑兵为主要的军事力量，而弓却是马背民族不可缺少的进攻利器。《史记》其後百有馀岁，周西伯昌伐畎夷氏。後十有馀年，武王伐纣而营雒邑，复居于酆鄗，放逐戎夷泾、洛之北，以时入贡，命曰“荒服”。其後二百有馀年，周道衰，而穆王伐犬戎，得四白狼四白鹿以归。自是之後，荒服不至。於是周遂作甫刑之辟。;;;;;;;;;;X,,
rongdi_cavalry_20;白狄骑兵;;;;;;;;;;X,,,
rongdi_cavalry_20DESCR;白狄是春秋中前期重要的一支部族力量，其影响范围从陕西一直覆盖到河北，早期的白狄居住在黄河两岸，有着长期骑乘作战的传统。;;;;;;;;;;X,,,
rongdi_cavalry_28;林胡骑兵;;;;;;;;;;X,,,
rongdi_cavalry_28DESCR;《史记》载：“晋北（今山西北边）有林胡、楼烦”。林胡是名史记载的最早的北方游牧部落之一，其骑兵力量不容小觑。;;;;;;;;;;X,,,
rongdi_cavalry_36;鲜虞骑兵;;;;;;;;;;X,,,
rongdi_cavalry_36DESCR;鲜虞是白狄东迁后建立的国家，虽然环境发生了变化，但仍然保留了祖先骑射的技艺，拥有不俗的骑兵实力。;;;;;;;;;;X,,,
rongdi_cavalry_43;中山骑兵;;;;;;;;;;X,,,
rongdi_cavalry_43DESCR;中山国是鲜虞人建立的国家，在战国前期一度拥有举足轻重的地位，曾多次参与中原各国的会盟和战争，其引以为傲的一支军事力量就是他的骑兵。;;;;;;;;;;X,,,
rongdi_cavalry_49;东胡骑兵;;;;;;;;;;X,,,
rongdi_cavalry_49DESCR;东胡骑兵,春秋时期，东胡居住在燕国北部[6]，和中原的燕国和赵国的接触比较频繁。[7]战国时期，东胡居住在燕国和赵国北部，这个时期东胡最为强盛，号称“控弦之士二十万”，曾多次南下侵入中原。后被燕将秦开击败。;;;;;;;;;;X,,
rongdi_cavalry_56;楼烦骑兵;;;;;;;;;;X,,,
rongdi_cavalry_56DESCR;《史记》载：“晋北（今山西北边）有林胡、楼烦”。楼烦人在战国后期逐渐融入中原，成为了某些国家的骑兵组成部分，其中一部甚至成为了项羽楚军的主力部队。;;;;;;;;;;X,,,
rongdi_cavalry_64;匈奴骑兵;;;;;;;;;;X,,,
rongdi_cavalry_64DESCR;匈奴骑兵是匈奴的一个优秀的作战单位。Tarkan是一种重型的突袭骑兵，置左右贤王，左右谷蠡王，左右大将，左右大都尉，左右大当户，左右骨都侯。匈奴谓贤曰“屠耆”，故常以太子为左屠耆王。自如左右贤王以下至当户，大者万骑，小者数千，凡二十四长，立号曰“万骑”。诸大臣皆世官。呼衍氏，兰氏，其後有须卜氏，此三姓其贵种也;;;;;;;;;;X,,,
dongyi_cavalry_38;东夷骑兵;;;;;;;;;;X,,,
dongyi_cavalry_38DESCR;春秋末期，东夷各国基本已经先后完成了融入中原体系的过程，因此在军事上也紧跟中原的步伐，发展出了自己的第一批骑兵。;;;;;;;;;;X,,,
dongyi_cavalry_48;早期骑兵;;;;;;;;;;X,,,
dongyi_cavalry_48DESCR;战国早期的骑兵已经开始在战争中扮演重要的角色，由于其机动性强，作为独立部队时可以承担切断对方补给的作用。;;;;;;;;;;X,,,
dongyi_cavalry_55;战国骑兵;;;;;;;;;;X,,,
dongyi_cavalry_55DESCR;随着赵武灵王胡服骑射改革的发生，游牧民族的一些服饰和马具也传入了中原各国，这极大地提升了骑兵的作战能力。这一时期的中原骑兵拥有了较强的冲击力和侧翼进攻能力。;;;;;;;;;;X,,,
dongyi_cavalry_62;晚期骑兵;;;;;;;;;;X,,,
dongyi_cavalry_62DESCR;战国晚期各国的战争愈演愈烈，骑兵已经成为了主导战场的力量，在几次大规模的会战中，都有骑兵战术的体现。;;;;;;;;;;X,,,
dongyi_cavalry_67;诸侯骑兵;;;;;;;;;;X,,,
dongyi_cavalry_67DESCR;秦末混战，各诸侯国复立，他们纷纷建立了自己的专属骑兵部队，这些骑兵部队吸收了战国军事经验和胡人的技术，在楚汉战争中起到了举足轻重的作用。;;;;;;;;;;X,,,
wuyue_cavalry_33;吴越轻骑;;;;;;;;;;X,,,
wuyue_cavalry_33DESCR;勾践称霸后，继续完善越国的军事体制，发展出了早期的骑兵，这是在吴国为组建战车部队而建立的养马地的基础上才得以实现的。;;;;;;;;;;X,,,
wuyue_cavalry_40;扰徙骑兵;;;;;;;;;;X,,,
wuyue_cavalry_40DESCR;进入战国时代后，中原国家开始编制骑兵部队，初期的骑兵仍以袭扰为主要目的。;;;;;;;;;;X,,,
wuyue_cavalry_48;早期骑兵;;;;;;;;;;X,,,
wuyue_cavalry_48DESCR;战国早期的骑兵已经开始在战争中扮演重要的角色，由于其机动性强，作为独立部队时可以承担切断对方补给的作用。;;;;;;;;;;X,,,
wuyue_cavalry_55;战国骑兵;;;;;;;;;;X,,,
wuyue_cavalry_55DESCR;随着赵武灵王胡服骑射改革的发生，游牧民族的一些服饰和马具也传入了中原各国，这极大地提升了骑兵的作战能力。这一时期的中原骑兵拥有了较强的冲击力和侧翼进攻能力。;;;;;;;;;;X,,,
wuyue_cavalry_62;晚期骑兵;;;;;;;;;;X,,,
wuyue_cavalry_62DESCR;战国晚期各国的战争愈演愈烈，骑兵已经成为了主导战场的力量，在几次大规模的会战中，都有骑兵战术的体现。;;;;;;;;;;X,,,
wuyue_cavalry_67;诸侯骑兵;;;;;;;;;;X,,,
wuyue_cavalry_67DESCR;秦末混战，各诸侯国复立，他们纷纷建立了自己的专属骑兵部队，这些骑兵部队吸收了战国军事经验和胡人的技术，在楚汉战争中起到了举足轻重的作用。;;;;;;;;;;X,,,
bashu_cavalry_48;早期骑兵;;;;;;;;;;X,,,
bashu_cavalry_48DESCR;战国早期的骑兵已经开始在战争中扮演重要的角色，由于其机动性强，作为独立部队时可以承担切断对方补给的作用。;;;;;;;;;;X,,,
bashu_cavalry_55;战国骑兵;;;;;;;;;;X,,,
bashu_cavalry_55DESCR;随着赵武灵王胡服骑射改革的发生，游牧民族的一些服饰和马具也传入了中原各国，这极大地提升了骑兵的作战能力。这一时期的中原骑兵拥有了较强的冲击力和侧翼进攻能力。;;;;;;;;;;X,,,
bashu_cavalry_62;晚期骑兵;;;;;;;;;;X,,,
bashu_cavalry_62DESCR;战国晚期各国的战争愈演愈烈，骑兵已经成为了主导战场的力量，在几次大规模的会战中，都有骑兵战术的体现。;;;;;;;;;;X,,,
bashu_cavalry_67;诸侯骑兵;;;;;;;;;;X,,,
bashu_cavalry_67DESCR;秦末混战，各诸侯国复立，他们纷纷建立了自己的专属骑兵部队，这些骑兵部队吸收了战国军事经验和胡人的技术，在楚汉战争中起到了举足轻重的作用。;;;;;;;;;;X,,,
manyue_cavalry_58;百越骑兵;;;;;;;;;;X,,,
manyue_cavalry_58DESCR;随着中原文化向南方更深远的地方影响，百越各部族也开始拥有了自己的骑兵部队，但这些骑兵缺乏训练，马匹也严重依赖与北方的贸易，因此作为军事存在，实力有限。;;;;;;;;;;X,,,
jingchu_cavalry_33;荆楚轻骑;;;;;;;;;;X,,,
jingchu_cavalry_33DESCR;楚国在春秋末期，楚国紧跟中原国家的脚步，开始发展自己的骑兵部队。;;;;;;;;;;X,,,
jingchu_cavalry_43;荆楚骑兵;;;;;;;;;;X,,,
jingchu_cavalry_43DESCR;荆楚骑兵,和中原的贵族一样,荆楚的卿大夫子弟也喜欢骑马打猎,这些人组成轻骑兵起到骚扰步兵的作用。;;;;;;;;;;X
jingchu_cavalry_52;楚国重骑;;;;;;;;;;X,,,
jingchu_cavalry_52DESCR;战国中期，拥有丰富自然资源的部队开始发展自己的重装骑兵部队，他们以勇敢的姿态直冲敌人的阵营，具有极大的杀伤力。;;;;;;;;;;X,,,
jingchu_cavalry_61;陷阵猛士;;;;;;;;;;X,,,
jingchu_cavalry_61DESCR;楚人历来有不屈的精神传统，战国后期，楚国连续遭遇重大失败，丢掉了春秋时代的王都郢以及历代楚王所建立的半个楚国，但楚国人发出了“楚虽三户，亡秦必楚”的誓言。陷阵部队即是以必死决心进攻敌人的部队。;;;;;;;;;;X,,,
qinguo_cavalry_45;边塞骑兵;;;;;;;;;;X,,,
qinguo_cavalry_45DESCR;早期的骑兵部队来自于边塞牧民和戍卫部队，这是由于特殊的生活环境造成的，同时也是防御北方游牧部落侵袭所需要的。;;;;;;;;;;X,,,
qinguo_cavalry_51;军功骑士;;;;;;;;;;X,,,
qinguo_cavalry_51DESCR;秦国在变法之后，采取了严格的军功授爵制度，以人头数来计算功绩并给予奖励。这一政策后来也在骑兵部队中实行，大大的激励的骑兵部队突击作战的能力。;;;;;;;;;;X,,,
qinguo_cavalry_57;陷阵骑兵;;;;;;;;;;X,,,
qinguo_cavalry_57DESCR;陷阵，是古代对于精英突击部队的称呼，不仅存在于战国时代。陷阵骑兵以精良的装备和无畏的勇气冲击敌人阵营，为战役打开胜利之门。;;;;;;;;;;X,,,
qinguo_cavalry_64;大秦铁骑;;;;;;;;;;X,,,
qinguo_cavalry_64DESCR;战国末年，秦国的铁骑是历史上著名的部队之一，这倒不是特殊装备或技巧的缘故，而是因为这支部队最终统一了中国。;;;;;;;;;;X,,,
qiguo_cavalry_47;技击骑兵;;;;;;;;;;X,,,
qiguo_cavalry_47DESCR;技击骑兵;;;;;;;;;;X,,,
qiguo_cavalry_51;孙膑散骑;;;;;;;;;;X,,,
qiguo_cavalry_51DESCR;孙膑散骑;;;;;;;;;;X,,,
qiguo_cavalry_55;匡章骑兵;;;;;;;;;;X,,,
qiguo_cavalry_55DESCR;匡章骑兵;;;;;;;;;;X,,,
qiguo_cavalry_59;齐奋击骑;;;;;;;;;;X,,,
qiguo_cavalry_59DESCR;齐奋击骑;;;;;;;;;;X,,,
qiguo_cavalry_63;齐重装骑;;;;;;;;;;X,,,
qiguo_cavalry_63DESCR;齐重装骑;;;;;;;;;;X,,,
weiguo_cavalry_46;武卒骑兵;;;;;;;;;;X,,,
weiguo_cavalry_46DESCR;武卒骑兵;;;;;;;;;;X,,,
weiguo_cavalry_53;河东骑兵;;;;;;;;;;X,,,
weiguo_cavalry_53DESCR;河东骑兵;;;;;;;;;;X,,,
weiguo_cavalry_60;信陵骑兵;;;;;;;;;;X,,,
weiguo_cavalry_60DESCR;信陵骑兵;;;;;;;;;;X,,,
zhaoguo_cavalry_45;边塞骑兵;;;;;;;;;;X,,,
zhaoguo_cavalry_45DESCR;早期的骑兵部队来自于边塞牧民和戍卫部队，这是由于特殊的生活环境造成的，同时也是防御北方游牧部落侵袭所需要的。;;;;;;;;;;X,,,
zhaoguo_cavalry_51;胡服骑兵;;;;;;;;;;X,,,
zhaoguo_cavalry_51DESCR;胡服骑兵;;;;;;;;;;X,,,
zhaoguo_cavalry_56;精锐赵骑;;;;;;;;;;X,,,
zhaoguo_cavalry_56DESCR;精锐赵骑;;;;;;;;;;X,,,
zhaoguo_cavalry_62;代郡骑兵;;;;;;;;;;X,,,
zhaoguo_cavalry_62DESCR;代郡骑兵;;;;;;;;;;X,,,
hanguo_cavalry_48;韩国轻骑;;;;;;;;;;X,,,
hanguo_cavalry_48DESCR;韩国轻骑;;;;;;;;;;X,,,
hanguo_cavalry_57;韩国重骑;;;;;;;;;;X,,,
hanguo_cavalry_57DESCR;韩国重骑;;;;;;;;;;X,,,
yanguo_cavalry_43;边塞骑兵;;;;;;;;;;X,,,
yanguo_cavalry_43DESCR;早期的骑兵部队来自于边塞牧民和戍卫部队，这是由于特殊的生活环境造成的，同时也是防御北方游牧部落侵袭所需要的。;;;;;;;;;;X,,,
yanguo_cavalry_49;东胡骑兵;;;;;;;;;;X,,,
yanguo_cavalry_49DESCR;东胡骑兵;;;;;;;;;;X,,,
yanguo_cavalry_55;燕国虎骑;;;;;;;;;;X,,,
yanguo_cavalry_55DESCR;燕国虎骑;;;;;;;;;;X,,,
yanguo_cavalry_60;辽东骑兵;;;;;;;;;;X,,,
yanguo_cavalry_60DESCR;辽东骑兵;;;;;;;;;;X,,,
chariot_1;驷马战车;;;;;;;;;;X,,,
chariot_1DESCR;驷马战车驷马战车是由四匹马牵引行走的作战车辆。西周之后，随着车战成为当时的主要作战方式，出现了性能较好的驷马战车。一般每乘战车有军士三人，驾驶战车的驭手，远战的弓（弩）手和近战的戈（戟）兵。,;;;;;;;;;;X,,
chariot_9;阙车;;;;;;;;;;X,,,
chariot_9DESCR;阙车,古时供填补空缺的兵车。《周礼·春官·车仆》：“车仆掌戎路之萃，广车之萃，阙车之萃。” 郑玄 注：“阙车，所用补阙之车也。” 孙诒让 正义：“ 郑 意战时列车为陈，或有疏阙，以此车补其数。《左》 桓 五年传云：‘为鱼丽之陈，先偏后伍，伍承弥缝。’ 杜 注云：‘以车居前，以伍次之，承偏之隙，而弥缝阙漏。’盖无论车徒，皆有弥缝补阙之部队矣。”;;;;;;;;;;X,,
chariot_18;耧车;;;;;;;;;;X,,,
chariot_18DESCR;耧车,古代战车的一种。上设望楼，用以窥探敌人的虚实。《左传·宣公十五年》：“（解扬）登诸楼车，使呼宋而告之。”亦称“轈车”、“巢车”。《说文·车部》：“轈，兵高车，加巢以望敌也。”《左传·成公十六年》：“楚子登巢车以望晋军。”后来在楼车制造的基础上，改装成云梯，作为攻城用具。《梁书·侯景传》：“（侯）景又攻东府城，设百尺楼车，钩城堞尽落，城遂陷。”明 冯梦龙 《东周列国志》第五十五回：“庄王升解扬于楼车之上，使人从旁促之。”;;;;;;;;;;X,,
chariot_26;革车;;;;;;;;;;X,,,
chariot_26DESCR;革车,古代兵车的一种。凡用兵之法，驰车千驷，革车千乘，带甲十万，千里馈粮。则内外之费，宾客之用，胶漆之材，车甲之奉，日费千金，然后十万之师举矣。　——《孙子兵法》;;;;;;;;;;X,,
chariot_34;戎路;;;;;;;;;;X,,,
chariot_34DESCR;戎路,古代帝王军中所乘的车。后泛指兵车。《周礼·春官·车仆》：“车仆，掌戎路之萃。” 郑玄 注：“戎路，王在军所乘也。”《左传·庄公九年》：“我师败绩，公丧戎路，传乘而归。”《南史·宋武帝纪》：“公纪纲礼度，万国是式，乘介蹈方，罔有迁志，是以锡公大路、戎路各一，玄牡二驷。”;;;;;;;;;;X,,
chariot_46;战国战车;;;;;;;;;;X,,,
chariot_46DESCR;战国战车,战国战车是中国古代的一种兵车，它是一种类兵的车辆，用于陆上战斗。战国战车特点是三人立于战车上，周边围绕步兵。战国战车构造巧妙，它的车厢底下装有高大的车轮，前轮直径1.24米左右。车轮分为毂、辐条和辋三部分。毂，为圆木制成，可分担车轮的压力。为了降低磨损，涂有油脂，后来还加装了铁圈。辐条，用来连接毂和辋，为防辐条的毁损和提高其强度，从商代到战国，辐条的数量都在增加。辋就是轮圈，分为双层，每层由两个半圈用铜片箍合而成。底盘的辕嵌在车厢与轴之间，垂直于轴与马具连接。  ;;;;;;;;;;X,,
chariot_8_jingchu;荆楚驷马战车;;;;;;;;;;X,,,
chariot_8_jingchuDESCR;驷马战车驷马战车是由四匹马牵引行走的作战车辆。西周之后，随着车战成为当时的主要作战方式，出现了性能较好的驷马战车。一般每乘战车有军士三人，驾驶战车的驭手，远战的弓（弩）手和近战的戈（戟）兵。,;;;;;;;;;;X,,
dongyi_chariot_5;东夷战车;;;;;;;;;;X,,,
dongyi_chariot_5DESCR;东夷族和华夏文明的历史长期交织在一起，夏商两代，甚至传说中的蚩尤时期，东夷族都曾经参与和华夏族的战斗，因此他们拥有较高的军事科技，包括战车技术的应用。;;;;;;;;;;X,,,
dongyi_chariot_12;弓箭战车;;;;;;;;;;X,,,
dongyi_chariot_12DESCR;战车在战场的主要作战方式为冲击作战，但一般也都配备负责远程射击的弓箭手一人，弓箭与战车的结合在善射的东夷民族那里得到了发扬。;;;;;;;;;;X,,,
qiguo_chariot_54;火牛冲阵;;;;;;;;;;X,,,
qiguo_chariot_54DESCR;火牛阵是战国时期一次著名的战术成功使用，齐国名将田单利用火牛作为先锋冲击燕军大营，一举成功，并随之收复了齐国七十余城。;;;;;;;;;;X,,,
cog;艨艟;;;;;;;;;;X,,,
cogDESCR;又称蒙冲、艨冲。艨艟战船常常蒙上生牛皮作为防护甲，以阻挡敌船射来的箭，船上下两重板，船的左右设置弩窗和矛穴，船上的战士从防护甲上的小孔中，对敌方进行猛烈的射击，以击破敌船。;;;;;;;;;;X,,,
early_frigate;大翼;;;;;;;;;;X,,,
early_frigateDESCR;伍子胥曰"大翼当陵军重车"，大翼乘九十人左右，其中三分之二左右驾驶船只，仅击棹的一项就需要五十人，其余部分是战斗人员计三十二人，除两名指挥人员外，还有四个人专门在两船接舷时钩推敌船的任务，所有的战斗人员都装备有保护身体的盔甲、兜鏊以及弓弩。;;;;;;;;;;X,,,
frigate;余皇;;;;;;;;;;X,,,
frigateDESCR;春秋战国时期的一种大型战船，余皇是吴国先王进行水战时专门乘坐的大型战船，是水战时的指挥战船，吴越两国水军在太湖西南激战时，吴王夫差在余皇大舟上亲自擂鼓，激励战士作战，大败越国水军于夫椒。;;;;;;;;;;X,,,
heavy_frigate;楼船;;;;;;;;;;X,,,
heavy_frigateDESCR;楼船是仿照陆军楼车制成的具有多层次建筑的大型展船，它一般高约十余丈，每一层外面都建有高约三尺的女墙，作为防御掩体，墙上开有箭孔可向敌人射击，要害部分蒙上皮革，作为保护装置，船上插满旗帜，楼船上作战时使用的武器主要有:抛石机、弩、箭、矛。;;;;;;;;;;X,,,
galley;小翼;;;;;;;;;;;X,,,
galleyDESCR;小翼当陵军之轻车，长九丈，广一长二尺，只能乘三十人，既要击棹行船，又要进行战斗，三翼战船可能分为上下两层，下层容纳击楫行船的划手，上层是船内进行战斗的兵士和指挥员。三翼战船尚不具备风帆，依靠桨的力量前进，但是，它船型瘦长，桨手多，速度很快。;;;;;;;;;;;;X,,,
galleass;中翼;;;;;;;;;;;X,,,
galleassDESCR;三翼之一，中翼一艘广一长三尺五寸，长九丈六尺，比小翼略大，速度较快。;;;;;;;;;;;;X,,,
merchantman;突冒;;;;;;;;;;;X,,,
merchantmanDESCR;冒突，"取其触冒而唐突也"，春秋时期这种战船称为突冒，这种战船相当于古代陆战中的冲车，主要用于袭击敌方战船。;;;;;;;;;;;;X,,,
yinshang_cavalry_40;扰徙骑兵;;;;;;;;;;X,,,
yinshang_cavalry_40DESCR;进入战国时代后，中原国家开始编制骑兵部队，初期的骑兵仍以袭扰为主要目的。;;;;;;;;;;X,,,
yinshang_cavalry_49;陶丘骑卫;;;;;;;;;;X,,,
yinshang_cavalry_49DESCR;一支守卫陶丘的主力骑兵部队;;;;;;;;;;X,,,
yinshang_cavalry_56;劲宋铁骑;;;;;;;;;;X,,,
yinshang_cavalry_56DESCR;五千乘之劲宋主力骑兵;;;;;;;;;;X,,,
yinshang_cavalry_62;彭城重骑;;;;;;;;;;X,,,
yinshang_cavalry_62DESCR;宋国与齐国交战时的主力骑兵部队;;;;;;;;;;X,,,
yinshang_infantry_37;景公旧军;;;;;;;;;;X,,,
yinshang_infantry_37DESCR;宋景公时期，灭亡曹国的部队。;;;;;;;;;;X,,,
yinshang_infantry_43;陶丘新军;;;;;;;;;;X,,,
yinshang_infantry_43DESCR;宋国攻灭陶丘后，所组建的一支强力部队。;;;;;;;;;;X,,,
yinshang_infantry_47;商丘武卫;;;;;;;;;;X,,,
yinshang_infantry_47DESCR;宋国为了适应战国而组建的一支新军;;;;;;;;;;X,,,
yinshang_infantry_51;戴偃甲士;;;;;;;;;;X,,,
yinshang_infantry_51DESCR;戴偃称王后，宋国强力的部队。;;;;;;;;;;X,,,
yinshang_infantry_55;五千劲旅;;;;;;;;;;X,,,
yinshang_infantry_55DESCR;五千乘之劲宋时期，宋国的主力部队;;;;;;;;;;X,,,
yinshang_infantry_59;彭城勇士;;;;;;;;;;X,,,
yinshang_infantry_59DESCR;宋国最精锐的主力部队，与齐国交战时的主力部队。;;;;;;;;;;X,,,
yinshang_infantry_63;宋王陷阵;;;;;;;;;;X,,,
yinshang_infantry_63DESCR;模仿秦国陷阵所创建的兵种集团;;;;;;;;;;X,,,
yinshang;宋国科技组;;;;;;;;;;X,,,
yinshang_infantry_42;桓公步卒;;;;;;;;;;X,,,
yinshang_cavalry_41;景公骑兵;;;;;;;;;;X,,,
yinshang_cavalry_41DESCR;由宋景公建立的一种新型战国骑兵;;;;;;;;;;X,,,
yanguo_infantry_45;燕国歩卒;;;;;;;;;;X,,,
yanguo_infantry_45DESCR;燕国歩卒，是燕国战国后远征蛮夷的硕果，更是燕国保持战国地位的象征，与中山国进行殊死搏斗的保证。;;;;;;;;;;X,,,
yanguo_infantry_53;燕王亲军;;;;;;;;;;X,,,
yanguo_infantry_53DESCR;燕王亲征，灭中山，拔山戎，斩朝鲜的亲卫军团，战无不胜，攻无不克，是燕国精锐的象征。;;;;;;;;;;X,,,
wuyue_infantry_63;越国甲军;;;;;;;;;;X,,,
wuyue_infantry_63DESCR;越国击败吴国后的几十年里，通过学习中原兵种，穿上了铠甲，但命运诅咒了这个军队，这个军队也是越国最后一支的亡国之军。;;;;;;;;;;X,,,
hanguo_infantry_43;韩国新军;;;;;;;;;;X,,,
hanguo_infantry_43DESCR;韩国为了应对战国需要，编练的一支新军，但这支新军却仅仅只是兵甲先进，作战技能依旧与原来没有改变，很快就被申不害训练出来的申不害军给淘汰。;;;;;;;;;;X,,,
wuyue_infantry_45;越国卒力;;;;;;;;;;X,,,
wuyue_infantry_45DESCR;越国为了面对不同的时期，淘汰旧部队所训练出来的新军。;;;;;;;;;;X,,,
dahan_infantry_39;乱世民兵;;;;;;;;;;X,,,
dahan_infantry_39DESCR;处于乱世的农民组建的部队。;;;;;;;;;;X,,,
dahan_infantry_45;沛县步卒;;;;;;;;;;X,,,
dahan_infantry_45DESCR;刘邦在沛县起义时，所领导的部队类型。;;;;;;;;;;X,,,
dahan_infantry_49;刘邦亲卫;;;;;;;;;;X,,,
dahan_infantry_49DESCR;刘邦攻下咸阳后领导的新军;;;;;;;;;;X,,,
dahan_infantry_53;曹参甲士;;;;;;;;;;X,,,
dahan_infantry_53DESCR;一支由曹参组建的军团，随曹参攻下二国和一百二十二个县。;;;;;;;;;;X,,,
dahan_infantry_58;韩信精锐;;;;;;;;;;X,,,
dahan_infantry_58DESCR;韩信领导的精锐部队，战无不胜，攻无不克;;;;;;;;;;X,,,
dahan_infantry_62;大汉虎贲;;;;;;;;;;X,,,
dahan_infantry_62DESCR;统一全国后的汉军;;;;;;;;;;X,,,
dahan_infantry_73;周亚夫校卫;;;;;;;;;;X,,,
dahan_infantry_73DESCR;跟随周亚夫平定七国叛乱的骁勇之军;;;;;;;;;;X,,,
dahan_infantry_80;卫青铁军;;;;;;;;;;X,,,
dahan_infantry_80DESCR;一支随卫青参与对匈奴作战的精锐大汉部队，漠北之战随卫青以弱胜强。;;;;;;;;;;X,,,
dahan_cavalry_39;起义骑兵;;;;;;;;;;X,,,
dahan_cavalry_39_39DESCR;一支由农民起义军组建的部队;;;;;;;;;;X,,,
dahan_cavalry_45;沛县轻骑;;;;;;;;;;X,,,
dahan_cavalry_45_39DESCR;随刘邦在沛县起义时的骑兵部队;;;;;;;;;;X,,,
dahan_cavalry_55;韩信重骑;;;;;;;;;;X,,,
dahan_cavalry_55DESCR;韩信所领导的骑兵部队;;;;;;;;;;X,,,
dahan_cavalry_63;大汉铁骑;;;;;;;;;;X,,,
dahan_cavalry_63DESCR;统一全国后的汉军骑兵;;;;;;;;;;X,,,
dahan_cavalry_82;霍去病骠骑;;;;;;;;;;X,,,
dahan_cavalry_82DESCR;历史上最强大的骑兵部队之一;;;;;;;;;;X,,,
weiguo_cavalry_40;扰徙骑兵;;;;;;;;;;X,,,
weiguo_cavalry_40DESCR;进入战国时代后，中原国家开始编制骑兵部队，初期的骑兵仍以袭扰为主要目的。;;;;;;;;;;X,,,
dahan_infantry_30;魏舒方阵;;;;;;;;;;X,,,
dahan_infantry_30DESCR;公元前五四一年，晋国的大夫魏舒在一次与狄军的遭遇中，由于战场地形险隘，战车无法展开，便“毁车以为行”，把甲士和步卒混编在一起，组成了我国历史上第一个独立的步兵方阵——魏舒方阵。从此步兵具有了独立的战斗力。;;;;;;;;;;X,,,
dahan_cavalry_29;走马单骑;;;;;;;;;;X,,,
dahan_cavalry_29DESCR;走马单骑是中原骑兵的雏形，其本质就是步兵以马匹为代步工具行进，可以进行侦查和突击，但没有大规模成建制作战的能力。;;;;;;;;;;X,,,
native_indian_archer;蛮族弓箭手;;;;;;;;;;X,,,
native_indian_archerDESCR;没有文明的原始部队;;;;;;;;;;X,,,
xiongnu_chariot_46;匈奴弓骑兵;;;;;;;;;;X,,,
xiongnu_chariot_46DESCR;匈奴技艺与中国异。上下山阪，出入溪涧，中国之马弗也；险道仄道，且驰且射，中国之骑弗也;;;;;;;;;;X,,,
xiongnu_cavalry_1;部落骑兵;;;;;;;;;;X,,,
xiongnu_cavalry_1DESCR;部落骑兵,,,
xiongnu_cavalry_9;犬戎骑兵;;;;;;;;;;X,,,
xiongnu_cavalry_9DESCR;犬戎骑兵,,,
xiongnu_cavalry_20;白狄骑兵;;;;;;;;;;X,,,
xiongnu_cavalry_20DESCR;白狄是春秋中前期重要的一支部族力量，其影响范围从陕西一直覆盖到河北，早期的白狄居住在黄河两岸，有着长期骑乘作战的传统。;;;;;;;;;;X,,,
xiongnu_cavalry_28;林胡骑兵;;;;;;;;;;X,,,
xiongnu_cavalry_28DESCR;《史记》载：“晋北（今山西北边）有林胡、楼烦”。林胡是名史记载的最早的北方游牧部落之一，其骑兵力量不容小觑。;;;;;;;;;;X,,,
xiongnu_cavalry_36;鲜虞骑兵;;;;;;;;;;X,,,
xiongnu_cavalry_36DESCR;鲜虞是白狄东迁后建立的国家，虽然环境发生了变化，但仍然保留了祖先骑射的技艺，拥有不俗的骑兵实力。;;;;;;;;;;X,,,
xiongnu_cavalry_43;中山骑兵;;;;;;;;;;X,,,
xiongnu_cavalry_43DESCR;中山国是鲜虞人建立的国家，在战国前期一度拥有举足轻重的地位，曾多次参与中原各国的会盟和战争，其引以为傲的一支军事力量就是他的骑兵。;;;;;;;;;;X,,,
xiongnu_cavalry_49;东胡骑兵;;;;;;;;;;X,,,
xiongnu_cavalry_49DESCR;东胡骑兵,,,
xiongnu_cavalry_56;楼烦骑兵;;;;;;;;;;X,,,
xiongnu_cavalry_56DESCR;《史记》载：“晋北（今山西北边）有林胡、楼烦”。楼烦人在战国后期逐渐融入中原，成为了某些国家的骑兵组成部分，其中一部甚至成为了项羽楚军的主力部队。;;;;;;;;;;X,,,
xiongnu_cavalry_64;匈奴骑兵;;;;;;;;;;X,,,
xiongnu_cavalry_64DESCR;匈奴骑兵是匈奴的一个优秀的作战单位。Tarkan是一种重型的突袭骑兵，置左右贤王，左右谷蠡王，左右大将，左右大都尉，左右大当户，左右骨都侯。匈奴谓贤曰“屠耆”，故常以太子为左屠耆王。自如左右贤王以下至当户，大者万骑，小者数千，凡二十四长，立号曰“万骑”。诸大臣皆世官。呼衍氏，兰氏，其後有须卜氏，此三姓其贵种也;;;;;;;;;;X,,,
xiongnu_cavalry_80;单于亲卫;;;;;;;;;;X,,,
xiongnu_cavalry_80DESCR;冒顿单于亲自率领的骁勇作战部队。;;;;;;;;;;X,,,
xiongnu_infantry_5;西戎武士;;;;;;;;;;X,,,
xiongnu_infantry_5DESCR;西戎武士，西部蛮族的武士。《史记·匈奴列传》当是之时，秦、晋为强国。晋文公攘戎翟，居于河西圁、洛之间，号曰赤翟、白翟。秦穆公得由余，西戎八国服于秦，故自陇以西有緜诸、绲戎、翟、之戎，岐、梁山、泾、漆之北有义渠、大荔、乌氏、朐衍之戎。而晋北有林胡、楼烦之戎，燕北有东胡、山戎。各分散居谿谷，自有君长，往往而聚者百有余戎，然莫能相一;;;;;;;;;;X,,,
xiongnu_infantry_13;赤狄重步;;;;;;;;;;X,,,
xiongnu_infantry_13DESCR;赤狄重步,,,
xiongnu_infantry_22;鲜虞步兵;;;;;;;;;;X,,,
xiongnu_infantry_22DESCR;鲜虞步兵,,,
xiongnu_infantry_29;白狄勇士;;;;;;;;;;X,,,
xiongnu_infantry_29DESCR;白狄是北狄的一个分支，最初居住在晋陕交界的黄河流域，后来受到秦国的武力压迫逐渐迁徙到太行山及其以东地区。早期的白狄部队，推崇个人勇武，有时会遴选精锐勇士，冲击敌人阵营。;;;;;;;;;;X,,,
xiongnu_infantry_37;中山长弓;;;;;;;;;;X,,,
xiongnu_infantry_37DESCR;中山国人擅长使用弓箭，这与其白狄祖先传统有关，在对赵国、燕国的多次作战中，中山国的弓箭手都起到了重要的作用。;;;;;;;;;;X,,,
xiongnu_infantry_47;中山苍头;;;;;;;;;;X,,,
xiongnu_infantry_47DESCR;中山苍头,,,
xiongnu_infantry_55;灵寿锐武;;;;;;;;;;X,,,
xiongnu_infantry_55DESCR;中山国为北边游牧民族建立的国家，其历史上主要的首都是灵寿，因此具有浓烈的胡风胡韵。中山国曾尽选国中力士组建一军。全军铁甲铁胄铁杖铁盔，《吕氏春秋》记载“所击无不碎，所冲无不陷。以车投车，以人投人”。;;;;;;;;;;X,,,
xiongnu_infantry_62;草原步兵;;;;;;;;;;X,,,
xiongnu_infantry_62DESCR;战国后期，北方各国的边界到达草原，开始与游牧民族发生接触，游牧民族生活在马背上，也擅长在马背上作战，但这并不意味着他们完全不熟悉步战，在劫掠中原城市的时候，来自草原的部队会下马进行作战，甚至进行攻城作战。他们尤其擅长弓箭，也不惧怕近身缠斗，但无法像中原训练有素的步兵那样结成阵势防御敌军的冲击。;;;;;;;;;;X,,,
mojia_infantry_41;非攻义士;;;;;;;;;;;X,,,
mojia_infantry_41DESCR;由各地反对兼并战争的有志之士所组成的联盟，志同道合使得他们士气高昂信仰坚定，但是缺乏整体组织度和单兵素质良莠不齐也使得整体战斗力不高。;;;;;;;;;;;X,,,
mojia_infantry_44;精锐义军;;;;;;;;;;;X,,,
mojia_infantry_44DESCR;在数次解放战争中存活下来的人员组成，他们身经百战意志坚强，但是缺乏足够的装备依旧是困扰义军的难题。;;;;;;;;;;;X,,,
mojia_infantry_47;巨子亲军;;;;;;;;;;;X,,,
mojia_infantry_47DESCR;墨政初创后由巨子亲自训练整编的部队，有较好的组织度和高昂的士气，但是由于各国对墨家的打压较为缺乏高质量装备。;;;;;;;;;;;X,,,
mojia_infantry_52;铁衣卫士;;;;;;;;;;;X,,,
mojia_infantry_52DESCR;长期的青铜禁运迫使墨家的目光看向了并不成熟的冶铁技术，在稍作改良后马上装备了军队，但是装备质量并没有和青铜装备拉开差距。;;;;;;;;;;;X,,,
mojia_infantry_57;墨者重装;;;;;;;;;;;X,,,
mojia_infantry_57DESCR;多年的研发已经使墨家有较好的冶铁技术，再结合历代巨子的练兵心得，成功打造了这支装备精良、士气高昂的重甲部队。;;;;;;;;;;;X,,,
mojia_infantry_62;禁地戍卫;;;;;;;;;;;X,,,
mojia_infantry_62DESCR;神秘的墨家禁地守备部队，选拔墨家内部的精英成员严格训练组成。;;;;;;;;;;;X,,,
mojia_cavalry_29;走马单骑;;;;;;;;;;X,,,
mojia_cavalry_29DESCR;走马单骑是中原骑兵的雏形，其本质就是步兵以马匹为代步工具行进，可以进行侦查和突击，但没有大规模成建制作战的能力。;;;;;;;;;;X,,,
mojia_cavalry_40;扰徙骑兵;;;;;;;;;;X,,,
mojia_cavalry_40DESCR;进入战国时代后，中原国家开始编制骑兵部队，初期的骑兵仍以袭扰为主要目的。;;;;;;;;;;X,,,
mojia_cavalry_48;早期骑兵;;;;;;;;;;X,,,
mojia_cavalry_48DESCR;战国早期的骑兵已经开始在战争中扮演重要的角色，由于其机动性强，作为独立部队时可以承担切断对方补给的作用。;;;;;;;;;;X,,,
mojia_cavalry_55;战国骑兵;;;;;;;;;;X,,,
mojia_cavalry_55DESCR;随着赵武灵王胡服骑射改革的发生，游牧民族的一些服饰和马具也传入了中原各国，这极大地提升了骑兵的作战能力。这一时期的中原骑兵拥有了较强的冲击力和侧翼进攻能力。;;;;;;;;;;X,,,
mojia_cavalry_62;晚期骑兵;;;;;;;;;;X,,,
mojia_cavalry_62DESCR;战国晚期各国的战争愈演愈烈，骑兵已经成为了主导战场的力量，在几次大规模的会战中，都有骑兵战术的体现。;;;;;;;;;;X,,,
mojia_cavalry_67;诸侯骑兵;;;;;;;;;;X,,,
mojia_cavalry_67DESCR;秦末混战，各诸侯国复立，他们纷纷建立了自己的专属骑兵部队，这些骑兵部队吸收了战国军事经验和胡人的技术，在楚汉战争中起到了举足轻重的作用。;;;;;;;;;;X,,,
mojia_chariot_46;改进战车;;;;;;;;;;X,,,
mojia_chariot_46DESCR;由墨子改进后的战车，速度更快。;;;;;;;;;;X,,,
mojia_chariot_50;连弩车;;;;;;;;;;;X,,,
mojia_chariot_50DESCR;墨子新研发的战场利器，虽然精度不佳但胜在射速快，且能有效打击敌方士气，咱墨家不缺箭，狠狠火力覆盖。;;;;;;;;;;;X,,,
mojia_chariot_55;转射机;;;;;;;;;;;X,,,
mojia_chariot_55DESCR;原为守城兵器，经墨子改进后在野战中也可进退自如。;;;;;;;;;;;X,,,
mojia_chariot_60;藉车;;;;;;;;;;X,,,
mojia_chariot_60DESCR;墨家终极兵器，给各国造成了极大的震撼。;;;;;;;;;;;X,,,
yanguo_infantry_38;甲胄步兵;;;;;;;;;;X,,,
yanguo_infantry_38DESCR;甲胄作为将士的防护性兵器，在冷兵器时代充当着极其重要的角色，可以较大程度地保护将士身体免遭敌方进攻性兵器的重创，进而能够增强战斗力并给敌方以更猛烈地打击。东周至秦汉之际，由于战争频繁酷烈且规模增大，穿着甲胄的重装部队在各国部队中的比例日益增多。战国时期，各大诸侯国均拥有数量庞大的重装部队;;;;;;;;;;X,,,
yanguo_cavalry_40;扰徙骑兵;;;;;;;;;;X,,,
yanguo_cavalry_40DESCR;进入战国时代后，中原国家开始编制骑兵部队，初期的骑兵仍以袭扰为主要目的。;;;;;;;;;;X,,,