;;;;;;;;;;x,,,,,,,,,
ANG;唐;;;;;;;;;;X,,,,,,,,,
ANG_ADJ;唐;;;;;;;;;;X,,,,,,,,,
ANG_ADJ2;唐人;;;;;;;;;;X,,,,,,,,,
BAG;巴;;;;;;;;;;X,,,,,,,,,
BAG_ADJ;巴;;;;;;;;;;X,,,,,,,,,
BAG_ADJ2;巴人;;;;;;;;;;X,,,,,,,,,
BAI;白狄;;;;;;;;;;X,,,,,,,,,
BAI_ADJ;白狄;;;;;;;;;;X,,,,,,,,,
BAI_ADJ2;白狄人;;;;;;;;;;X,,,,,,,,,
BAO;褒;;;;;;;;;;X,,,,,,,,,
BAO_ADJ;褒;;;;;;;;;;X,,,,,,,,,
BAO_ADJ2;褒人;;;;;;;;;;X,,,,,,,,,
BEI;邶;;;;;;;;;;X,,,,,,,,,
BEI_ADJ;邶;;;;;;;;;;X,,,,,,,,,
BEI_ADJ2;邶人;;;;;;;;;;X,,,,,,,,,
BER;北戎;;;;;;;;;;X,,,,,,,,,
BER_ADJ;北戎;;;;;;;;;;X,,,,,,,,,
BER_ADJ2;北戎;;;;;;;;;;X,,,,,,,,,
BIY;逼阳;;;;;;;;;;X,,,,,,,,,
BIY_ADJ;逼阳;;;;;;;;;;X,,,,,,,,,
BIY_ADJ2;逼阳人;;;;;;;;;;X,,,,,,,,,
BOG;荡社氏;;;;;;;;;;X,,,,,,,,,
BOG_ADJ;荡社氏;;;;;;;;;;X,,,,,,,,,
BOG_ADJ2;荡社氏人;;;;;;;;;;X,,,,,,,,,
CAI;蔡;;;;;;;;;;X,,,,,,,,,
CAI_ADJ;蔡;;;;;;;;;;X,,,,,,,,,
CAI_ADJ2;蔡人;;;;;;;;;;X,,,,,,,,,
CAO;曹;;;;;;;;;;X,,,,,,,,,
CAO_ADJ;曹;;;;;;;;;;X,,,,,,,,,
CAO_ADJ2;曹人;;;;;;;;;;X,,,,,,,,,
CHA;长狄;;;;;;;;;;X,,,,,,,,,
CHA_ADJ;长狄;;;;;;;;;;X,,,,,,,,,
CHA_ADJ2;长狄;;;;;;;;;;X,,,,,,,,,
CHE;陈;;;;;;;;;;X,,,,,,,,,
CHE_ADJ;陈;;;;;;;;;;X,,,,,,,,,
CHE_ADJ2;陈人;;;;;;;;;;X,,,,,,,,,
CHI;赤狄;;;;;;;;;;X,,,,,,,,,
CHI_ADJ;赤狄;;;;;;;;;;X,,,,,,,,,
CHI_ADJ2;赤狄人;;;;;;;;;;X,,,,,,,,,
CHG;郕;;;;;;;;;;X,,,,,,,,,
CHG_ADJ;郕;;;;;;;;;;X,,,,,,,,,
CHG_ADJ2;郕人;;;;;;;;;;X,,,,,,,,,
CHU;楚;;;;;;;;;;X,,,,,,,,,
CHU_ADJ;楚;;;;;;;;;;X,,,,,,,,,
CHU_ADJ2;楚人;;;;;;;;;;X,,,,,,,,,
DAG;戴;;;;;;;;;;X,,,,,,,,,
DAG_ADJ;戴;;;;;;;;;;X,,,,,,,,,
DAG_ADJ2;戴人;;;;;;;;;;X,,,,,,,,,
DAI;代;;;;;;;;;;X,,,,,,,,,
DAI_ADJ;代;;;;;;;;;;X,,,,,,,,,
DAI_ADJ2;代人;;;;;;;;;;X,,,,,,,,,
DAR;大戎;;;;;;;;;;X,,,,,,,,,
DAR_ADJ;大戎;;;;;;;;;;X,,,,,,,,,
DAR_ADJ2;大戎人;;;;;;;;;;X,,,,,,,,,
DBG;东不羹;;;;;;;;;;X,,,,,,,,,
DBG_ADJ;东不羹;;;;;;;;;;X,,,,,,,,,
DBG_ADJ2;东不羹人;;;;;;;;;;X,,,,,,,,,
DEG;邓;;;;;;;;;;X,,,,,,,,,
DEG_ADJ;邓;;;;;;;;;;X,,,,,,,,,
DEG_ADJ2;邓人;;;;;;;;;;X,,,,,,,,,
DGG;东虢;;;;;;;;;;X,,,,,,,,,
DGG_ADJ;东虢;;;;;;;;;;X,,,,,,,,,
DGG_ADJ2;东虢人;;;;;;;;;;X,,,,,,,,,
DGU;滇;;;;;;;;;;X,,,,,,,,,
DGU_ADJ;滇;;;;;;;;;;X,,,,,,,,,
DGU_ADJ2;滇人;;;;;;;;;;X,,,,,,,,,
DHU;东胡;;;;;;;;;;X,,,,,,,,,
DHU_ADJ;东胡;;;;;;;;;;X,,,,,,,,,
DHU_ADJ2;东胡人;;;;;;;;;;X,,,,,,,,,
DOC;铎辰;;;;;;;;;;X,,,,,,,,,
DOC_ADJ;铎辰;;;;;;;;;;X,,,,,,,,,
DOC_ADJ2;铎辰;;;;;;;;;;X,,,,,,,,,
DXU;须句;;;;;;;;;;X,,,,,,,,,
DXU_ADJ;须句;;;;;;;;;;X,,,,,,,,,
DXU_ADJ2;须句人;;;;;;;;;;X,,,,,,,,,
EGU;贰;;;;;;;;;;X,,,,,,,,,
EGU_ADJ;贰;;;;;;;;;;X,,,,,,,,,
EGU_ADJ2;贰人;;;;;;;;;;X,,,,,,,,,
FAN;房;;;;;;;;;;X,,,,,,,,,
FAN_ADJ;房;;;;;;;;;;X,,,,,,,,,
FAN_ADJ2;房人;;;;;;;;;;X,,,,,,,,,
FEG;费;;;;;;;;;;X,,,,,,,,,
FEG_ADJ;费;;;;;;;;;;X,,,,,,,,,
FEG_ADJ2;费人;;;;;;;;;;X,,,,,,,,,
FEI;肥;;;;;;;;;;X,,,,,,,,,
FEI_ADJ;肥国;;;;;;;;;;X,,,,,,,,,
FEI_ADJ2;肥人;;;;;;;;;;X,,,,,,,,,
FGO;樊;;;;;;;;;;X,,,,,,,,,
FGO_ADJ;樊;;;;;;;;;;X,,,,,,,,,
FGO_ADJ2;樊人;;;;;;;;;;X,,,,,,,,,
GAL;皋落氏;;;;;;;;;;X,,,,,,,,,
GAL_ADJ;皋落氏;;;;;;;;;;X,,,,,,,,,
GAL_ADJ2;皋落氏;;;;;;;;;;X,,,,,,,,,
GAN;管;;;;;;;;;;X,,,,,,,,,
GAN_ADJ;管;;;;;;;;;;X,,,,,,,,,
GAN_ADJ2;管人;;;;;;;;;;X,,,,,,,,,
GAO;郜;;;;;;;;;;X,,,,,,,,,
GAO_ADJ;郜;;;;;;;;;;X,,,,,,,,,
GAO_ADJ2;郜人;;;;;;;;;;X,,,,,,,,,
GNG;共;;;;;;;;;;X,,,,,,,,,
GNG_ADJ;共;;;;;;;;;;X,,,,,,,,,
GNG_ADJ2;共人;;;;;;;;;;X,,,,,,,,,
GUG;鼓;;;;;;;;;;X,,,,,,,,,
GUG_ADJ;鼓国;;;;;;;;;;X,,,,,,,,,
GUG_ADJ2;鼓人;;;;;;;;;;X,,,,,,,,,
GUI;邽;;;;;;;;;;X,,,,,,,,,
GUI_ADJ;邽;;;;;;;;;;X,,,,,,,,,
GUI_ADJ2;邽人;;;;;;;;;;X,,,,,,,,,
GUO;虢;;;;;;;;;;X,,,,,,,,,
GUO_ADJ;虢;;;;;;;;;;X,,,,,,,,,
GUO_ADJ2;虢人;;;;;;;;;;X,,,,,,,,,
GUW;榖;;;;;;;;;;X,,,,,,,,,
GUW_ADJ;榖;;;;;;;;;;X,,,,,,,,,
GUW_ADJ2;榖人;;;;;;;;;;X,,,,,,,,,
GUZ;孤竹;;;;;;;;;;X,,,,,,,,,
GUZ_ADJ;孤竹;;;;;;;;;;X,,,,,,,,,
GUZ_ADJ2;孤竹人;;;;;;;;;;X,,,,,,,,,
HAG;滑;;;;;;;;;;X,,,,,,,,,
HAG_ADJ;滑;;;;;;;;;;X,,,,,,,,,
HAG_ADJ2;滑人;;;;;;;;;;X,,,,,,,,,
HDA;邯郸;;;;;;;;;;X,,,,,,,,,
HDA_ADJ;邯郸;;;;;;;;;;X,,,,,,,,,
HDA_ADJ2;邯郸人;;;;;;;;;;X,,,,,,,,,
HAN;韩;;;;;;;;;;X,,,,,,,,,
HAN_ADJ;韩;;;;;;;;;;X,,,,,,,,,
HAN_ADJ2;韩人;;;;;;;;;;X,,,,,,,,,
HEN;轸;;;;;;;;;;X,,,,,,,,,
HEN_ADJ;轸;;;;;;;;;;X,,,,,,,,,
HEN_ADJ2;轸人;;;;;;;;;;X,,,,,,,,,
HNG;韩;;;;;;;;;;X,,,,,,,,,
HNG_ADJ;韩;;;;;;;;;;X,,,,,,,,,
HNG_ADJ2;韩人;;;;;;;;;;X,,,,,,,,,
HUA;黄;;;;;;;;;;X,,,,,,,,,
HUA_ADJ;黄;;;;;;;;;;X,,,,,,,,,
HUA_ADJ2;黄人;;;;;;;;;;X,,,,,,,,,
HUG;胡;;;;;;;;;;X,,,,,,,,,
HUG_ADJ;胡;;;;;;;;;;X,,,,,,,,,
HUG_ADJ2;胡人;;;;;;;;;;X,,,,,,,,,
HUR;豲;;;;;;;;;;X,,,,,,,,,
HUR_ADJ;豲;;;;;;;;;;X,,,,,,,,,
HUR_ADJ2;豲人;;;;;;;;;;X,,,,,,,,,
HUO;霍;;;;;;;;;;X,,,,,,,,,
HUO_ADJ;霍;;;;;;;;;;X,,,,,,,,,
HUO_ADJ2;霍人;;;;;;;;;;X,,,,,,,,,
HYI;淮夷;;;;;;;;;;X,,,,,,,,,
HYI_ADJ;淮夷;;;;;;;;;;X,,,,,,,,,
HYI_ADJ2;淮夷人;;;;;;;;;;X,,,,,,,,,
HZS;河宗氏;;;;;;;;;;X,,,,,,,,,
HZS_ADJ;河宗氏;;;;;;;;;;X,,,,,,,,,
HZS_ADJ2;河宗氏;;;;;;;;;;X,,,,,,,,,
JAG;江;;;;;;;;;;X,,,,,,,,,
JAG_ADJ;江;;;;;;;;;;X,,,,,,,,,
JAG_ADJ2;江人;;;;;;;;;;X,,,,,,,,,
JIA;贾;;;;;;;;;;X,,,,,,,,,
JIA_ADJ;贾;;;;;;;;;;X,,,,,,,,,
JIA_ADJ2;贾人;;;;;;;;;;X,,,,,,,,,
JIC;冀;;;;;;;;;;X,,,,,,,,,
JIC_ADJ;冀;;;;;;;;;;X,,,,,,,,,
JIC_ADJ2;冀人;;;;;;;;;;X,,,,,,,,,
JIE;介;;;;;;;;;;X,,,,,,,,,
JIE_ADJ;介;;;;;;;;;;X,,,,,,,,,
JIE_ADJ2;介人;;;;;;;;;;X,,,,,,,,,
JIG;纪;;;;;;;;;;X,,,,,,,,,
JIG_ADJ;纪;;;;;;;;;;X,,,,,,,,,
JIG_ADJ2;纪人;;;;;;;;;;X,,,,,,,,,
JII;极;;;;;;;;;;X,,,,,,,,,
JII_ADJ;极;;;;;;;;;;X,,,,,,,,,
JII_ADJ2;极人;;;;;;;;;;X,,,,,,,,,
JIN; 晋 ;;;;;;;;;;X,,,,,,,,,
JIN_ADJ;晋;;;;;;;;;;X,,,,,,,,,
JIN_ADJ2;晋人;;;;;;;;;;X,,,,,,,,,
JIO;绞;;;;;;;;;;X,,,,,,,,,
JIO_ADJ;绞;;;;;;;;;;X,,,,,,,,,
JIO_ADJ2;绞人;;;;;;;;;;X,,,,,,,,,
JIR;冀戎;;;;;;;;;;X,,,,,,,,,
JIR_ADJ;冀戎;;;;;;;;;;X,,,,,,,,,
JIR_ADJ2;冀戎;;;;;;;;;;X,,,,,,,,,
JIS;甲氏;;;;;;;;;;X,,,,,,,,,
JIS_ADJ;甲氏;;;;;;;;;;X,,,,,,,,,
JIS_ADJ2;甲氏;;;;;;;;;;X,,,,,,,,,
JSG;箕氏;;;;;;;;;;X,,,,,,,,,
JSG_ADJ;箕氏之;;;;;;;;;;X,,,,,,,,,
JSG_ADJ2;箕氏;;;;;;;;;;X,,,,,,,,,
JIW;蓟;;;;;;;;;;X,,,,,,,,,
JIW_ADJ;蓟;;;;;;;;;;X,,,,,,,,,
JIW_ADJ2;蓟人;;;;;;;;;;X,,,,,,,,,
JNG;蒋;;;;;;;;;;X,,,,,,,,,
JNG_ADJ;蒋;;;;;;;;;;X,,,,,,,,,
JNG_ADJ2;蒋人;;;;;;;;;;X,,,,,,,,,
JOG;焦;;;;;;;;;;X,,,,,,,,,
JOG_ADJ;焦;;;;;;;;;;X,,,,,,,,,
JOG_ADJ2;焦人;;;;;;;;;;X,,,,,,,,,
JUG;莒;;;;;;;;;;X,,,,,,,,,
JUG_ADJ;莒;;;;;;;;;;X,,,,,,,,,
JUG_ADJ2;莒人;;;;;;;;;;X,,,,,,,,,
JUN;麇;;;;;;;;;;X,,,,,,,,,
JUN_ADJ;麇;;;;;;;;;;X,,,,,,,,,
JUN_ADJ2;麇人;;;;;;;;;;X,,,,,,,,,
JUU;苴;;;;;;;;;;X,,,,,,,,,
JUU_ADJ;苴;;;;;;;;;;X,,,,,,,,,
JUU_ADJ2;苴人;;;;;;;;;;X,,,,,,,,,
KUA;郐;;;;;;;;;;X,,,,,,,,,
KUA_ADJ;郐;;;;;;;;;;X,,,,,,,,,
KUA_ADJ2;郐人;;;;;;;;;;X,,,,,,,,,
KUI;夔;;;;;;;;;;X,,,,,,,,,
KUI_ADJ;夔;;;;;;;;;;X,,,,,,,,,
KUI_ADJ2;夔人;;;;;;;;;;X,,,,,,,,,
LAI;莱;;;;;;;;;;X,,,,,,,,,
LAI_ADJ;莱;;;;;;;;;;X,,,,,,,,,
LAI_ADJ2;莱人;;;;;;;;;;X,,,,,,,,,
LAO; 蓼 ;;;;;;;;;;X,,,,,,,,,
LAO_ADJ;蓼;;;;;;;;;;X,,,,,,,,,
LAO_ADJ2;蓼人;;;;;;;;;;X,,,,,,,,,
LHR;陆浑戎;;;;;;;;;;X,,,,,,,,,
LHR_ADJ;陆浑戎;;;;;;;;;;X,,,,,,,,,
LHR_ADJ2;陆浑戎;;;;;;;;;;X,,,,,,,,,
LHU;林胡;;;;;;;;;;X,,,,,,,,,
LHU_ADJ;林胡;;;;;;;;;;X,,,,,,,,,
LHU_ADJ2;林胡人;;;;;;;;;;X,,,,,,,,,
LIA;蓼;;;;;;;;;;X,,,,,,,,,
LIA_ADJ;蓼;;;;;;;;;;X,,,,,,,,,
LIA_ADJ2;蓼人;;;;;;;;;;X,,,,,,,,,
LIG;厉;;;;;;;;;;X,,,,,,,,,
LIG_ADJ;厉;;;;;;;;;;X,,,,,,,,,
LIG_ADJ2;厉人;;;;;;;;;;X,,,,,,,,,
LIO;黎;;;;;;;;;;X,,,,,,,,,
LIO_ADJ;黎;;;;;;;;;;X,,,,,,,,,
LIO_ADJ2;黎人;;;;;;;;;;X,,,,,,,,,
LIR;骊戎;;;;;;;;;;X,,,,,,,,,
LIR_ADJ;骊戎;;;;;;;;;;X,,,,,,,,,
LIR_ADJ2;骊戎人;;;;;;;;;;X,,,,,,,,,
LIU;六;;;;;;;;;;X,,,,,,,,,
LIU_ADJ;六;;;;;;;;;;X,,,,,,,,,
LIU_ADJ2;六人;;;;;;;;;;X,,,,,,,,,
LIY;留吁;;;;;;;;;;X,,,,,,,,,
LIY_ADJ;留吁;;;;;;;;;;X,,,,,,,,,
LIY_ADJ2;留吁;;;;;;;;;;X,,,,,,,,,
LNG;梁;;;;;;;;;;X,,,,,,,,,
LNG_ADJ;梁;;;;;;;;;;X,,,,,,,,,
LNG_ADJ2;梁人;;;;;;;;;;X,,,,,,,,,
LOU;楼烦;;;;;;;;;;X,,,,,,,,,
LOU_ADJ;楼烦;;;;;;;;;;X,,,,,,,,,
LOU_ADJ2;楼烦人;;;;;;;;;;X,,,,,,,,,
LUC;卢;;;;;;;;;;X,,,,,,,,,
LUC_ADJ;卢;;;;;;;;;;X,,,,,,,,,
LUC_ADJ2;卢人;;;;;;;;;;X,,,,,,,,,
LUG; 鲁 ;;;;;;;;;;X,,,,,,,,,
LUG_ADJ;鲁;;;;;;;;;;X,,,,,,,,,
LUG_ADJ2;鲁人;;;;;;;;;;X,,,,,,,,,
LUK;卢;;;;;;;;;;X,,,,,,,,,
LUK_ADJ;卢;;;;;;;;;;X,,,,,,,,,
LUK_ADJ2;卢人;;;;;;;;;;X,,,,,,,,,
LUO;罗;;;;;;;;;;X,,,,,,,,,
LUO_ADJ;罗;;;;;;;;;;X,,,,,,,,,
LUO_ADJ2;罗人;;;;;;;;;;X,,,,,,,,,
LUS;潞氏;;;;;;;;;;X,,,,,,,,,
LUS_ADJ;潞氏;;;;;;;;;;X,,,,,,,,,
LUS_ADJ2;潞氏;;;;;;;;;;X,,,,,,,,,
LUY;骆越;;;;;;;;;;X,,,,,,,,,
LUY_ADJ;骆越;;;;;;;;;;X,,,,,,,,,
LUY_ADJ2;骆越;;;;;;;;;;X,,,,,,,,,
LZG;令支;;;;;;;;;;X,,,,,,,,,
LZG_ADJ;令支;;;;;;;;;;X,,,,,,,,,
LZG_ADJ2;令支人;;;;;;;;;;X,,,,,,,,,
MAO;茅;;;;;;;;;;X,,,,,,,,,
MAO_ADJ;茅;;;;;;;;;;X,,,,,,,,,
MAO_ADJ2;茅人;;;;;;;;;;X,,,,,,,,,
MIA;苗;;;;;;;;;;X,,,,,,,,,
MIA_ADJ;苗;;;;;;;;;;X,,,,,,,,,
MIA_ADJ2;苗人;;;;;;;;;;X,,,,,,,,,
MIN;闽越;;;;;;;;;;X,,,,,,,,,
MIN_ADJ;闽越;;;;;;;;;;X,,,,,,,,,
MIN_ADJ2;闽越人;;;;;;;;;;X,,,,,,,,,
MOU;牟;;;;;;;;;;X,,,,,,,,,
MOU_ADJ;牟;;;;;;;;;;X,,,,,,,,,
MOU_ADJ2;牟人;;;;;;;;;;X,,,,,,,,,
MZR;绵诸戎;;;;;;;;;;X,,,,,,,,,
MZR_ADJ;绵诸戎;;;;;;;;;;X,,,,,,,,,
MZR_ADJ2;绵诸戎;;;;;;;;;;X,,,,,,,,,
NAN;南越;;;;;;;;;;X,,,,,,,,,
NAN_ADJ;南越;;;;;;;;;;X,,,,,,,,,
NAN_ADJ2;南越人;;;;;;;;;;X,,,,,,,,,
NAT;蛮夷;;;;;;;;;;X,,,,,,,,,
NAT_ADJ;蛮夷;;;;;;;;;;X,,,,,,,,,
NAT_ADJ2;蛮夷;;;;;;;;;;X,,,,,,,,,
NPC;系统国家;;;;;;;;;;X,,,,,,,,,
NPC_ADJ;系统国家;;;;;;;;;;X,,,,,,,,,
NPC_ADJ2;系统NPC;;;;;;;;;;X,,,,,,,,,
NYA;南燕;;;;;;;;;;X,,,,,,,,,
NYA_ADJ;南燕;;;;;;;;;;X,,,,,,,,,
NYA_ADJ2;南燕人;;;;;;;;;;X,,,,,,,,,
OUY;瓯越;;;;;;;;;;X,,,,,,,,,
OUY_ADJ;瓯越;;;;;;;;;;X,,,,,,,,,
OUY_ADJ2;瓯越人;;;;;;;;;;X,,,,,,,,,
PAP; 周王 ;;;;;;;;;;X,,,,,,,,,
PAP_ADJ;周王;;;;;;;;;;X,,,,,,,,,
PAP_ADJ2;王人;;;;;;;;;;X,,,,,,,,,
PIR;海贼;;;;;;;;;;X,,,,,,,,,
PIR_ADJ;海贼;;;;;;;;;;X,,,,,,,,,
PIR_ADJ2;海贼;;;;;;;;;;X,,,,,,,,,
PUG;蒲;;;;;;;;;;X,,,,,,,,,
PUG_ADJ;蒲;;;;;;;;;;X,,,,,,,,,
PUG_ADJ2;蒲人;;;;;;;;;;X,,,,,,,,,
QIA;羌;;;;;;;;;;X,,,,,,,,,
QIA_ADJ;羌;;;;;;;;;;X,,,,,,,,,
QIA_ADJ2;羌人;;;;;;;;;;X,,,,,,,,,
QIC;其;;;;;;;;;;X,,,,,,,,,
QIC_ADJ;其;;;;;;;;;;X,,,,,,,,,
QIC_ADJ2;其人;;;;;;;;;;X,,,,,,,,,
QIG;齐;;;;;;;;;;X,,,,,,,,,
QIG_ADJ;齐;;;;;;;;;;X,,,,,,,,,
QIG_ADJ2;齐人;;;;;;;;;;X,,,,,,,,,
QIN; 秦 ;;;;;;;;;;X,,,,,,,,,
QIN_ADJ;秦;;;;;;;;;;X,,,,,,,,,
QIN_ADJ2;秦人;;;;;;;;;;X,,,,,,,,,
QIO;杞;;;;;;;;;;X,,,,,,,,,
QIO_ADJ;杞;;;;;;;;;;X,,,,,,,,,
QIO_ADJ2;杞人;;;;;;;;;;X,,,,,,,,,
QIY;仇由;;;;;;;;;;X,,,,,,,,,
QIY_ADJ;仇由;;;;;;;;;;X,,,,,,,,,
QIY_ADJ2;仇由人;;;;;;;;;;X,,,,,,,,,
QJR;廧咎如氏;;;;;;;;;;X,,,,,,,,,
QJR_ADJ;廧咎如氏;;;;;;;;;;X,,,,,,,,,
QJR_ADJ2;廧咎如氏;;;;;;;;;;X,,,,,,,,,
QRO;犬戎;;;;;;;;;;X,,,,,,,,,
QRO_ADJ;犬戎;;;;;;;;;;X,,,,,,,,,
QRO_ADJ2;犬戎人;;;;;;;;;;X,,,,,,,,,
QUA;权;;;;;;;;;;X,,,,,,,,,
QUA_ADJ;权;;;;;;;;;;X,,,,,,,,,
QUA_ADJ2;权人;;;;;;;;;;X,,,,,,,,,
QUW;曲沃;;;;;;;;;;X,,,,,,,,,
QUW_ADJ;曲沃;;;;;;;;;;X,,,,,,,,,
QUW_ADJ2;曲沃人;;;;;;;;;;X,,,,,,,,,
REB;叛军;;;;;;;;;;X,,,,,,,,,
REB_ADJ;叛军;;;;;;;;;;X,,,,,,,,,
REB_ADJ2;叛军;;;;;;;;;;X,,,,,,,,,
RGO;芮;;;;;;;;;;X,,,,,,,,,
RGO_ADJ;芮;;;;;;;;;;X,,,,,,,,,
RGO_ADJ2;芮人;;;;;;;;;;X,,,,,,,,,
RUO;鄀;;;;;;;;;;X,,,,,,,,,
RUO_ADJ;鄀;;;;;;;;;;X,,,,,,,,,
RUO_ADJ2;鄀人;;;;;;;;;;X,,,,,,,,,
SGU;蜀;;;;;;;;;;X,,,,,,,,,
SGU_ADJ;蜀;;;;;;;;;;X,,,,,,,,,
SGU_ADJ2;蜀人;;;;;;;;;;X,,,,,,,,,
SHE;申;;;;;;;;;;X,,,,,,,,,
SHE_ADJ;申;;;;;;;;;;X,,,,,,,,,
SHE_ADJ2;申人;;;;;;;;;;X,,,,,,,,,
SHI;邿;;;;;;;;;;X,,,,,,,,,
SHI_ADJ;邿;;;;;;;;;;X,,,,,,,,,
SHI_ADJ2;邿人;;;;;;;;;;X,,,,,,,,,
SHN;沈;;;;;;;;;;X,,,,,,,,,
SHN_ADJ;沈;;;;;;;;;;X,,,,,,,,,
SHN_ADJ2;沈人;;;;;;;;;;X,,,,,,,,,
SHU;舒;;;;;;;;;;X,,,,,,,,,
SHU_ADJ;舒;;;;;;;;;;X,,,,,,,,,
SHU_ADJ2;舒人;;;;;;;;;;X,,,,,,,,,
SJG;舒鸠;;;;;;;;;;X,,,,,,,,,
SJG_ADJ;舒鸠;;;;;;;;;;X,,,,,,,,,
SJG_ADJ2;舒鸠人;;;;;;;;;;X,,,,,,,,,
SLG;舒廖;;;;;;;;;;X,,,,,,,,,
SLG_ADJ;舒廖;;;;;;;;;;X,,,,,,,,,
SLG_ADJ2;舒廖人;;;;;;;;;;X,,,,,,,,,
SON; 宋 ;;;;;;;;;;X,,,,,,,,,
SON_ADJ;宋;;;;;;;;;;X,,,,,,,,,
SON_ADJ2;宋人;;;;;;;;;;X,,,,,,,,,
SUG;遂;;;;;;;;;;X,,,,,,,,,
SUG_ADJ;遂;;;;;;;;;;X,,,,,,,,,
SUG_ADJ2;遂人;;;;;;;;;;X,,,,,,,,,
SUI;随;;;;;;;;;;X,,,,,,,,,
SUI_ADJ;随;;;;;;;;;;X,,,,,,,,,
SUI_ADJ2;随人;;;;;;;;;;X,,,,,,,,,
SUS;肃慎;;;;;;;;;;X,,,,,,,,,
SUS_ADJ;肃慎;;;;;;;;;;X,,,,,,,,,
SUS_ADJ2;肃慎人;;;;;;;;;;X,,,,,,,,,
SYG;舒庸;;;;;;;;;;X,,,,,,,,,
SYG_ADJ;舒庸;;;;;;;;;;X,,,,,,,,,
SYG_ADJ2;舒庸人;;;;;;;;;;X,,,,,,,,,
SZG;仙境;;;;;;;;;;X,,,,,,,,,
SZG_ADJ;仙境;;;;;;;;;;X,,,,,,,,,
SZG_ADJ2;仙境;;;;;;;;;;X,,,,,,,,,
TAG;郯;;;;;;;;;;X,,,,,,,,,
TAG_ADJ;郯;;;;;;;;;;X,,,,,,,,,
TAG_ADJ2;郯人;;;;;;;;;;X,,,,,,,,,
TAN;谭;;;;;;;;;;X,,,,,,,,,
TAN_ADJ;谭;;;;;;;;;;X,,,,,,,,,
TAN_ADJ2;谭人;;;;;;;;;;X,,,,,,,,,
TEN;滕;;;;;;;;;;X,,,,,,,,,
TEN_ADJ;滕;;;;;;;;;;X,,,,,,,,,
TEN_ADJ2;滕人;;;;;;;;;;X,,,,,,,,,
TUH;屠何;;;;;;;;;;X,,,,,,,,,
TUH_ADJ;屠何;;;;;;;;;;X,,,,,,,,,
TUH_ADJ2;屠何;;;;;;;;;;X,,,,,,,,,
WEG; 卫 ;;;;;;;;;;X,,,,,,,,,
WEG_ADJ;卫;;;;;;;;;;X,,,,,,,,,
WEG_ADJ2;卫人;;;;;;;;;;X,,,,,,,,,
WEI;魏;;;;;;;;;;X,,,,,,,,,
WEI_ADJ;魏;;;;;;;;;;X,,,,,,,,,
WEI_ADJ2;魏人;;;;;;;;;;X,,,,,,,,,
WEN;温;;;;;;;;;;X,,,,,,,,,
WEN_ADJ;温;;;;;;;;;;X,,,,,,,,,
WEN_ADJ2;温人;;;;;;;;;;X,,,,,,,,,
WEO;魏;;;;;;;;;;X,,,,,,,,,
WEO_ADJ;魏;;;;;;;;;;X,,,,,,,,,
WEO_ADJ2;魏人;;;;;;;;;;X,,,,,,,,,
WUG;吴;;;;;;;;;;X,,,,,,,,,
WUG_ADJ;吴;;;;;;;;;;X,,,,,,,,,
WUG_ADJ2;吴人;;;;;;;;;;X,,,,,,,,,
WUS;乌氏;;;;;;;;;;X,,,,,,,,,
WUS_ADJ;乌氏;;;;;;;;;;X,,,,,,,,,
WUS_ADJ2;乌氏;;;;;;;;;;X,,,,,,,,,
WUZ;无终;;;;;;;;;;X,,,,,,,,,
WUZ_ADJ;无终;;;;;;;;;;X,,,,,,,,,
WUZ_ADJ2;无终人;;;;;;;;;;X,,,,,,,,,
XBG;西不羹;;;;;;;;;;X,,,,,,,,,
XBG_ADJ;西不羹;;;;;;;;;;X,,,,,,,,,
XBG_ADJ2;西不羹人;;;;;;;;;;X,,,,,,,,,
XGG;小虢;;;;;;;;;;X,,,,,,,,,
XGG_ADJ;小虢;;;;;;;;;;X,,,,,,,,,
XGG_ADJ2;小虢;;;;;;;;;;X,,,,,,,,,
XGO;邢;;;;;;;;;;X,,,,,,,,,
XGO_ADJ;邢;;;;;;;;;;X,,,,,,,,,
XGO_ADJ2;邢人;;;;;;;;;;X,,,,,,,,,
XGU;弦;;;;;;;;;;X,,,,,,,,,
XGU_ADJ;弦;;;;;;;;;;X,,,,,,,,,
XGU_ADJ2;弦人;;;;;;;;;;X,,,,,,,,,
XIA;萧;;;;;;;;;;X,,,,,,,,,
XIA_ADJ;萧;;;;;;;;;;X,,,,,,,,,
XIA_ADJ2;萧人;;;;;;;;;;X,,,,,,,,,
XIG;息;;;;;;;;;;X,,,,,,,,,
XIG_ADJ;息;;;;;;;;;;X,,,,,,,,,
XIG_ADJ2;息人;;;;;;;;;;X,,,,,,,,,
XIY;鲜虞;;;;;;;;;;X,,,,,,,,,
XIY_ADJ;鲜虞;;;;;;;;;;X,,,,,,,,,
XIY_ADJ2;鲜虞;;;;;;;;;;X,,,,,,,,,
XNC;项;;;;;;;;;;X,,,,,,,,,
XNC_ADJ;项;;;;;;;;;;X,,,,,,,,,
XNC_ADJ2;项人;;;;;;;;;;X,,,,,,,,,
XNG;向;;;;;;;;;;X,,,,,,,,,
XNG_ADJ;向;;;;;;;;;;X,,,,,,,,,
XNG_ADJ2;向人;;;;;;;;;;X,,,,,,,,,
XOU;西瓯;;;;;;;;;;X,,,,,,,,,
XOU_ADJ;西瓯;;;;;;;;;;X,,,,,,,,,
XOU_ADJ2;西瓯人;;;;;;;;;;X,,,,,,,,,
XUE;薛;;;;;;;;;;X,,,,,,,,,
XUE_ADJ;薛;;;;;;;;;;X,,,,,,,,,
XUE_ADJ2;薛人;;;;;;;;;;X,,,,,,,,,
XUG;许;;;;;;;;;;X,,,,,,,,,
XUG_ADJ;许;;;;;;;;;;X,,,,,,,,,
XUG_ADJ2;许人;;;;;;;;;;X,,,,,,,,,
XUN;郇;;;;;;;;;;X,,,,,,,,,
XUN_ADJ;郇;;;;;;;;;;X,,,,,,,,,
XUN_ADJ2;郇人;;;;;;;;;;X,,,,,,,,,
XZG;小邾;;;;;;;;;;X,,,,,,,,,
XZG_ADJ;小邾;;;;;;;;;;X,,,,,,,,,
XZG_ADJ2;小邾人;;;;;;;;;;X,,,,,,,,,
YAG;养;;;;;;;;;;X,,,,,,,,,
YAG_ADJ;养;;;;;;;;;;X,,,,,,,,,
YAG_ADJ2;养人;;;;;;;;;;X,,,,,,,,,
YAN; 燕 ;;;;;;;;;;X,,,,,,,,,
YAN_ADJ;燕;;;;;;;;;;X,,,,,,,,,
YAN_ADJ2;燕人;;;;;;;;;;X,,,,,,,,,
YGG;阳;;;;;;;;;;X,,,,,,,,,
YGG_ADJ;阳;;;;;;;;;;X,,,,,,,,,
YGG_ADJ2;阳人;;;;;;;;;;X,,,,,,,,,
YGO;越;;;;;;;;;;X,,,,,,,,,
YGO_ADJ;越;;;;;;;;;;X,,,,,,,,,
YGO_ADJ2;越人;;;;;;;;;;X,,,,,,,,,
YIC;英;;;;;;;;;;X,,,,,,,,,
YIC_ADJ;英;;;;;;;;;;X,,,,,,,,,
YIC_ADJ2;英人;;;;;;;;;;X,,,,,,,,,
YIG;夷;;;;;;;;;;X,,,,,,,,,
YIG_ADJ;夷;;;;;;;;;;X,,,,,,,,,
YIG_ADJ2;夷人;;;;;;;;;;X,,,,,,,,,
YIN;应;;;;;;;;;;X,,,,,,,,,
YIN_ADJ;应;;;;;;;;;;X,,,,,,,,,
YIN_ADJ2;应人;;;;;;;;;;X,,,,,,,,,
YNG;杨;;;;;;;;;;X,,,,,,,,,
YNG_ADJ;杨;;;;;;;;;;X,,,,,,,,,
YNG_ADJ2;杨人;;;;;;;;;;X,,,,,,,,,
YOG;雍;;;;;;;;;;X,,,,,,,,,
YOG_ADJ;雍;;;;;;;;;;X,,,,,,,,,
YOG_ADJ2;雍人;;;;;;;;;;X,,,,,,,,,
YON;庸;;;;;;;;;;X,,,,,,,,,
YON_ADJ;庸;;;;;;;;;;X,,,,,,,,,
YON_ADJ2;庸人;;;;;;;;;;X,,,,,,,,,
YQU;义渠;;;;;;;;;;X,,,,,,,,,
YQU_ADJ;义渠;;;;;;;;;;X,,,,,,,,,
YQU_ADJ2;义渠人;;;;;;;;;;X,,,,,,,,,
YUA;原;;;;;;;;;;X,,,,,,,,,
YUA_ADJ;原;;;;;;;;;;X,,,,,,,,,
YUA_ADJ2;原人;;;;;;;;;;X,,,,,,,,,
YUE;月氏;;;;;;;;;;X,,,,,,,,,
YUE_ADJ;月氏;;;;;;;;;;X,,,,,,,,,
YUE_ADJ2;月氏人;;;;;;;;;;X,,,,,,,,,
YUG;虞;;;;;;;;;;X,,,,,,,,,
YUG_ADJ;虞;;;;;;;;;;X,,,,,,,,,
YUG_ADJ2;虞人;;;;;;;;;;X,,,,,,,,,
YUN;郧;;;;;;;;;;X,,,,,,,,,
YUN_ADJ;郧;;;;;;;;;;X,,,,,,,,,
YUN_ADJ2;郧人;;;;;;;;;;X,,,,,,,,,
YUO;鄅;;;;;;;;;;X,,,,,,,,,
YUO_ADJ;鄅;;;;;;;;;;X,,,,,,,,,
YUO_ADJ2;鄅人;;;;;;;;;;X,,,,,,,,,
YXU;徐;;;;;;;;;;X,,,,,,,,,
YXU_ADJ;徐;;;;;;;;;;X,,,,,,,,,
YXU_ADJ2;徐人;;;;;;;;;;X,,,,,,,,,
YYG;扬越;;;;;;;;;;X,,,,,,,,,
YYG_ADJ;扬越;;;;;;;;;;X,,,,,,,,,
YYG_ADJ2;扬越人;;;;;;;;;;X,,,,,,,,,
ZGO;郑;;;;;;;;;;X,,,,,,,,,
ZGO_ADJ;郑;;;;;;;;;;X,,,,,,,,,
ZGO_ADJ2;郑人;;;;;;;;;;X,,,,,,,,,
ZMI;密;;;;;;;;;;X,,,,,,,,,
ZMI_ADJ;密;;;;;;;;;;X,,,,,,,,,
ZMI_ADJ2;密人;;;;;;;;;;X,,,,,,,,,
ZZI;祭;;;;;;;;;;X,,,,,,,,,
ZZI_ADJ;祭;;;;;;;;;;X,,,,,,,,,
ZZI_ADJ2;祭人;;;;;;;;;;X,,,,,,,,,
ZHA;鄣;;;;;;;;;;X,,,,,,,,,
ZHA_ADJ;鄣;;;;;;;;;;X,,,,,,,,,
ZHA_ADJ2;鄣人;;;;;;;;;;X,,,,,,,,,
ZHG;周;;;;;;;;;;X,,,,,,,,,
ZHG_ADJ;周;;;;;;;;;;X,,,,,,,,,
ZHG_ADJ2;周人;;;;;;;;;;X,,,,,,,,,
ZHL;钟离;;;;;;;;;;X,,,,,,,,,
ZHL_ADJ;钟离;;;;;;;;;;X,,,,,,,,,
ZHL_ADJ2;钟离人;;;;;;;;;;X,,,,,,,,,
ZHO;赵;;;;;;;;;;X,,,,,,,,,
ZHO_ADJ;赵;;;;;;;;;;X,,,,,,,,,
ZHO_ADJ2;赵人;;;;;;;;;;X,,,,,,,,,
ZHS;中山;;;;;;;;;;X,,,,,,,,,
ZHS_ADJ;中山;;;;;;;;;;X,,,,,,,,,
ZHS_ADJ2;中山人;;;;;;;;;;X,,,,,,,,,
ZHU;邾;;;;;;;;;;X,,,,,,,,,
ZHU_ADJ;邾;;;;;;;;;;X,,,,,,,,,
ZHU_ADJ2;邾人;;;;;;;;;;X,,,,,,,,,
ZLA;州来;;;;;;;;;;X,,,,,,,,,
ZLA_ADJ;州来;;;;;;;;;;X,,,,,,,,,
ZLA_ADJ2;州来人;;;;;;;;;;X,,,,,,,,,
ZNG;鄫;;;;;;;;;;X,,,,,,,,,
ZNG_ADJ;鄫;;;;;;;;;;X,,,,,,,,,
ZNG_ADJ2;鄫人;;;;;;;;;;X,,,,,,,,,
ZWG;钟吾;;;;;;;;;;X,,,,,,,,,
ZWG_ADJ;钟吾;;;;;;;;;;X,,,,,,,,,
ZWG_ADJ2;钟吾人;;;;;;;;;;X,,,,,,,,,
LSS;骊山氏;;;;;;;;;;X,,,,,,,,,
LSS_ADJ;骊山氏;;;;;;;;;;X,,,,,,,,,
LSS_ADJ2;骊山氏;;;;;;;;;;X,,,,,,,,,
XSG;西申;;;;;;;;;;X,,,,,,,,,
XSG_ADJ;西申;;;;;;;;;;X,,,,,,,,,
XSG_ADJ2;西申;;;;;;;;;;X,,,,,,,,,
PXS;彭戏氏;;;;;;;;;;X,,,,,,,,,
PXS_ADJ;彭戏氏;;;;;;;;;;X,,,,,,,,,
PXS_ADJ2;彭戏氏;;;;;;;;;;X,,,,,,,,,
MJR;茅津戎;;;;;;;;;;X,,,,,,,,,
MJR_ADJ;茅津戎;;;;;;;;;;X,,,,,,,,,
MJR_ADJ2;茅津戎;;;;;;;;;;X,,,,,,,,,
XHM;休溷;;;;;;;;;;X,,,,,,,,,
XHM_ADJ;休溷;;;;;;;;;;X,,,,,,,,,
XHM_ADJ2;休溷;;;;;;;;;;X,,,,,,,,,
HNX;邗;;;;;;;;;;X,,,,,,,,,
HNX_ADJ;邗;;;;;;;;;;X,,,,,,,,,
HNX_ADJ2;邗;;;;;;;;;;X,,,,,,,,,
QON;邛;;;;;;;;;;X,,,,,,,,,
QON_ADJ;邛;;;;;;;;;;X,,,,,,,,,
QON_ADJ2;邛;;;;;;;;;;X,,,,,,,,,
ZUO;笮;;;;;;;;;;X,,,,,,,,,
ZUO_ADJ;笮;;;;;;;;;;X,,,,,,,,,
ZUO_ADJ2;笮;;;;;;;;;;X,,,,,,,,,
YLG;夜郎;;;;;;;;;;X,,,,,,,,,
YLG_ADJ;夜郎;;;;;;;;;;X,,,,,,,,,
YLG_ADJ2;夜郎;;;;;;;;;;X,,,,,,,,,
ZKG;牂牁;;;;;;;;;;X,,,,,,,,,
ZKG_ADJ;牂牁;;;;;;;;;;X,,,,,,,,,
ZKG_ADJ2;牂牁;;;;;;;;;;X,,,,,,,,,
ZOU;州;;;;;;;;;;X,,,,,,,,,
ZOU_ADJ;州;;;;;;;;;;X,,,,,,,,,
ZOU_ADJ2;州;;;;;;;;;;X,,,,,,,,,
DUN;顿;;;;;;;;;;X,,,,,,,,,
DUN_ADJ;顿;;;;;;;;;;X,,,,,,,,,
DUN_ADJ2;顿;;;;;;;;;;X,,,,,,,,,
YLR;伊洛之戎;;;;;;;;;;X,,,,,,,,,
YLR_ADJ;伊洛之戎;;;;;;;;;;X,,,,,,,,,
YLR_ADJ2;伊洛之戎;;;;;;;;;;X,,,,,,,,,
CHO;巢;;;;;;;;;;X,,,,,,,,,
CHO_ADJ;巢;;;;;;;;;;X,,,,,,,,,
CHO_ADJ2;巢;;;;;;;;;;X,,,,,,,,,
YSG;商;;;;;;;;;;X,,,,,,,,,
YSG_ADJ;商;;;;;;;;;;X,,,,,,,,,
YSG_ADJ2;商;;;;;;;;;;X,,,,,,,,,
HNW;汉;;;;;;;;;;X,,,,,,,,,
HNW_ADJ;汉;;;;;;;;;;X,,,,,,,,,
HNW_ADJ2;汉人;;;;;;;;;;X,,,,,,,,,
XCW;西楚;;;;;;;;;;X,,,,,,,,,
XCW_ADJ;西楚;;;;;;;;;;X,,,,,,,,,
XCW_ADJ2;西楚人;;;;;;;;;;X,,,,,,,,,
YOW;雍;;;;;;;;;;X,,,,,,,,,
YOW_ADJ;雍;;;;;;;;;;X,,,,,,,,,
YOW_ADJ2;雍人;;;;;;;;;;X,,,,,,,,,
SAI;塞;;;;;;;;;;X,,,,,,,,,
SAI_ADJ;塞;;;;;;;;;;X,,,,,,,,,
SAI_ADJ2;塞;;;;;;;;;;X,,,,,,,,,
DIW;翟;;;;;;;;;;X,,,,,,,,,
DIW_ADJ;翟;;;;;;;;;;X,,,,,,,,,
DIW_ADJ2;翟;;;;;;;;;;X,,,,,,,,,
SCW;河南;;;;;;;;;;X,,,,,,,,,
SCW_ADJ;河南;;;;;;;;;;X,,,,,,,,,
SCW_ADJ2;河南;;;;;;;;;;X,,,,,,,,,
CSW;常山;;;;;;;;;;X,,,,,,,,,
CSW_ADJ;常山;;;;;;;;;;X,,,,,,,,,
CSW_ADJ2;常山;;;;;;;;;;X,,,,,,,,,
HSW;衡山;;;;;;;;;;X,,,,,,,,,
HSW_ADJ;衡山;;;;;;;;;;X,,,,,,,,,
HSW_ADJ2;衡山;;;;;;;;;;X,,,,,,,,,
JJW;九江;;;;;;;;;;X,,,,,,,,,
JJW_ADJ;九江;;;;;;;;;;X,,,,,,,,,
JJW_ADJ2;九江;;;;;;;;;;X,,,,,,,,,
JBW;济北;;;;;;;;;;X,,,,,,,,,
JBW_ADJ;济北;;;;;;;;;;X,,,,,,,,,
JBW_ADJ2;济北;;;;;;;;;;X,,,,,,,,,
JDW;胶东;;;;;;;;;;X,,,,,,,,,
JDW_ADJ;胶东;;;;;;;;;;X,,,,,,,,,
JDW_ADJ2;胶东;;;;;;;;;;X,,,,,,,,,
LJW;临江;;;;;;;;;;X,,,,,,,,,
LJW_ADJ;临江;;;;;;;;;;X,,,,,,,,,
LJW_ADJ2;临江;;;;;;;;;;X,,,,,,,,,
LDW;辽东;;;;;;;;;;X,,,,,,,,,
LDW_ADJ;辽东;;;;;;;;;;X,,,,,,,,,
LDW_ADJ2;辽东;;;;;;;;;;X,,,,,,,,,
YNW;殷;;;;;;;;;;X,,,,,,,,,
YNW_ADJ;殷;;;;;;;;;;X,,,,,,,,,
YNW_ADJ2;殷;;;;;;;;;;X,,,,,,,,,
XNU;匈奴;;;;;;;;;;X,,,,,,,,,
XNU_ADJ;匈奴;;;;;;;;;;X,,,,,,,,,
XNU_ADJ2;匈奴;;;;;;;;;;X,,,,,,,,,
ZHI;智;;;;;;;;;;X,,,,,,,,,
ZHI_ADJ;智;;;;;;;;;;X,,,,,,,,,
ZHI_ADJ2;智;;;;;;;;;;X,,,,,,,,,
FAS;范氏;;;;;;;;;;X,,,,,,,,,
FAS_ADJ;范氏;;;;;;;;;;X,,,,,,,,,
FAS_ADJ2;范氏;;;;;;;;;;X,,,,,,,,,
ZXS;中行氏;;;;;;;;;;X,,,,,,,,,
ZXS_ADJ;中行氏;;;;;;;;;;X,,,,,,,,,
ZXS_ADJ2;中行氏;;;;;;;;;;X,,,,,,,,,
XYA;帝国西域;;;;;;;;;;X,,,,,,,,,
XYA_ADJ;帝国西域;;;;;;;;;;X,,,,,,,,,
XYA_ADJ2;帝国西域;;;;;;;;;;X,,,,,,,,,
XYB;共和西域;;;;;;;;;;X,,,,,,,,,
XYB_ADJ;共和西域;;;;;;;;;;X,,,,,,,,,
XYB_ADJ2;共和西域;;;;;;;;;;X,,,,,,,,,
XYC;游牧西域;;;;;;;;;;X,,,,,,,,,
XYC_ADJ;游牧西域;;;;;;;;;;X,,,,,,,,,
XYC_ADJ2;游牧西域;;;;;;;;;;X,,,,,,,,,
XYD;南西域;;;;;;;;;;X,,,,,,,,,
XYD_ADJ;南西域;;;;;;;;;;X,,,,,,,,,
XYD_ADJ2;南西域;;;;;;;;;;X,,,,,,,,,
XYE;北西域;;;;;;;;;;X,,,,,,,,,
XYE_ADJ;北西域;;;;;;;;;;X,,,,,,,,,
XYE_ADJ2;北西域;;;;;;;;;;X,,,,,,,,,
DHF;西域都护府;;;;;;;;;;X,,,,,,,,,
DHF_ADJ;西域都护府;;;;;;;;;;X,,,,,,,,,
DHF_ADJ2;西域都护府;;;;;;;;;;X,,,,,,,,,
XYF;皮山;;;;;;;;;;X,,,,,,,,,
XYF_ADJ;皮山;;;;;;;;;;X,,,,,,,,,
XYF_ADJ2;皮山;;;;;;;;;;X,,,,,,,,,
XYG;难兜;;;;;;;;;;X,,,,,,,,,
XYG_ADJ;难兜;;;;;;;;;;X,,,,,,,,,
XYG_ADJ2;难兜;;;;;;;;;;X,,,,,,,,,
XYH;尉犁;;;;;;;;;;X,,,,,,,,,
XYH_ADJ;尉犁;;;;;;;;;;X,,,,,,,,,
XYH_ADJ2;尉犁;;;;;;;;;;X,,,,,,,,,
XYI;婼羌;;;;;;;;;;X,,,,,,,,,
XYI_ADJ;婼羌;;;;;;;;;;X,,,,,,,,,
XYI_ADJ2;婼羌;;;;;;;;;;X,,,,,,,,,
XYJ;于阗;;;;;;;;;;X,,,,,,,,,
XYJ_ADJ;于阗;;;;;;;;;;X,,,,,,,,,
XYJ_ADJ2;于阗;;;;;;;;;;X,,,,,,,,,
XYK;渠勒;;;;;;;;;;X,,,,,,,,,
XYK_ADJ;渠勒;;;;;;;;;;X,,,,,,,,,
XYK_ADJ2;渠勒;;;;;;;;;;X,,,,,,,,,
XYL;戎卢;;;;;;;;;;X,,,,,,,,,
XYL_ADJ;戎卢;;;;;;;;;;X,,,,,,,,,
XYL_ADJ2;戎卢;;;;;;;;;;X,,,,,,,,,
XYM;且末;;;;;;;;;;X,,,,,,,,,
XYM_ADJ;且末;;;;;;;;;;X,,,,,,,,,
XYM_ADJ2;且末;;;;;;;;;;X,,,,,,,,,
XYN;劫;;;;;;;;;;X,,,,,,,,,
XYN_ADJ;劫;;;;;;;;;;X,,,,,,,,,
XYN_ADJ2;劫;;;;;;;;;;X,,,,,,,,,
XYO;车师;;;;;;;;;;X,,,,,,,,,
XYO_ADJ;车师;;;;;;;;;;X,,,,,,,,,
XYO_ADJ2;车师;;;;;;;;;;X,,,,,,,,,
XYP;鬼兹;;;;;;;;;;X,,,,,,,,,
XYP_ADJ;鬼兹;;;;;;;;;;X,,,,,,,,,
XYP_ADJ2;鬼兹;;;;;;;;;;X,,,,,,,,,
XYQ;姑墨;;;;;;;;;;X,,,,,,,,,
XYQ_ADJ;姑墨;;;;;;;;;;X,,,,,,,,,
XYQ_ADJ2;姑墨;;;;;;;;;;X,,,,,,,,,
XYR;温宿;;;;;;;;;;X,,,,,,,,,
XYR_ADJ;温宿;;;;;;;;;;X,,,,,,,,,
XYR_ADJ2;温宿;;;;;;;;;;X,,,,,,,,,
XYS;乌孙;;;;;;;;;;X,,,,,,,,,
XYS_ADJ;乌孙;;;;;;;;;;X,,,,,,,,,
XYS_ADJ2;乌孙;;;;;;;;;;X,,,,,,,,,
XYT;大宛;;;;;;;;;;X,,,,,,,,,
XYT_ADJ;大宛;;;;;;;;;;X,,,,,,,,,
XYT_ADJ2;大宛;;;;;;;;;;X,,,,,,,,,
XYU;楼兰;;;;;;;;;;X,,,,,,,,,
XYU_ADJ;楼兰;;;;;;;;;;X,,,,,,,,,
XYU_ADJ2;楼兰;;;;;;;;;;X,,,,,,,,,
XYV;扜弥;;;;;;;;;;X,,,,,,,,,
XYV_ADJ;扜弥;;;;;;;;;;X,,,,,,,,,
XYV_ADJ2;扜弥;;;;;;;;;;X,,,,,,,,,
XYW;精绝;;;;;;;;;;X,,,,,,,,,
XYW_ADJ;精绝;;;;;;;;;;X,,,,,,,,,
XYW_ADJ2;精绝;;;;;;;;;;X,,,,,,,,,
XYX;乌秆;;;;;;;;;;X,,,,,,,,,
XYX_ADJ;乌秆;;;;;;;;;;X,,,,,,,,,
XYX_ADJ2;乌秆;;;;;;;;;;X,,,,,,,,,
XYY;西夜;;;;;;;;;;X,,,,,,,,,
XYY_ADJ;西夜;;;;;;;;;;X,,,,,,,,,
XYY_ADJ2;西夜;;;;;;;;;;X,,,,,,,,,
XYZ;子合;;;;;;;;;;X,,,,,,,,,
XYZ_ADJ;子合;;;;;;;;;;X,,,,,,,,,
XYZ_ADJ2;子合;;;;;;;;;;X,,,,,,,,,
AXY;蒲犁;;;;;;;;;;X,,,,,,,,,
AXY_ADJ;蒲犁;;;;;;;;;;X,,,,,,,,,
AXY_ADJ2;蒲犁;;;;;;;;;;X,,,,,,,,,
BXY;依耐;;;;;;;;;;X,,,,,,,,,
BXY_ADJ;依耐;;;;;;;;;;X,,,,,,,,,
BXY_ADJ2;依耐;;;;;;;;;;X,,,,,,,,,
CXY;小宛;;;;;;;;;;X,,,,,,,,,
CXY_ADJ;小宛;;;;;;;;;;X,,,,,,,,,
CXY_ADJ2;小宛;;;;;;;;;;X,,,,,,,,,
DXY;无雷;;;;;;;;;;X,,,,,,,,,
DXY_ADJ;无雷;;;;;;;;;;X,,,,,,,,,
DXY_ADJ2;无雷;;;;;;;;;;X,,,,,,,,,
EXY;桃槐;;;;;;;;;;X,,,,,,,,,
EXY_ADJ;桃槐;;;;;;;;;;X,,,,,,,,,
EXY_ADJ2;桃槐;;;;;;;;;;X,,,,,,,,,
FXY;休循;;;;;;;;;;X,,,,,,,,,
FXY_ADJ;休循;;;;;;;;;;X,,,,,,,,,
FXY_ADJ2;休循;;;;;;;;;;X,,,,,,,,,
GXY;捐毒;;;;;;;;;;X,,,,,,,,,
GXY_ADJ;捐毒;;;;;;;;;;X,,,,,,,,,
GXY_ADJ2;捐毒;;;;;;;;;;X,,,,,,,,,
HXY;莎车;;;;;;;;;;X,,,,,,,,,
HXY_ADJ;莎车;;;;;;;;;;X,,,,,,,,,
HXY_ADJ2;莎车;;;;;;;;;;X,,,,,,,,,
IXY;疏勒;;;;;;;;;;X,,,,,,,,,
IXY_ADJ;疏勒;;;;;;;;;;X,,,,,,,,,
IXY_ADJ2;疏勒;;;;;;;;;;X,,,,,,,,,
JXY;尉头;;;;;;;;;;X,,,,,,,,,
JXY_ADJ;尉头;;;;;;;;;;X,,,,,,,,,
JXY_ADJ2;尉头;;;;;;;;;;X,,,,,,,,,
KXY;危须;;;;;;;;;;X,,,,,,,,,
KXY_ADJ;危须;;;;;;;;;;X,,,,,,,,,
KXY_ADJ2;危须;;;;;;;;;;X,,,,,,,,,
LXY;焉者;;;;;;;;;;X,,,,,,,,,
LXY_ADJ;焉者;;;;;;;;;;X,,,,,,,,,
LXY_ADJ2;焉者;;;;;;;;;;X,,,,,,,,,
MXY;墨山;;;;;;;;;;X,,,,,,,,,
MXY_ADJ;墨山;;;;;;;;;;X,,,,,,,,,
MXY_ADJ2;墨山;;;;;;;;;;X,,,,,,,,,
NXY;狐胡;;;;;;;;;;X,,,,,,,,,
NXY_ADJ;狐胡;;;;;;;;;;X,,,,,,,,,
NXY_ADJ2;狐胡;;;;;;;;;;X,,,,,,,,,
OXY;渠犁;;;;;;;;;;X,,,,,,,,,
OXY_ADJ;渠犁;;;;;;;;;;X,,,,,,,,,
OXY_ADJ2;渠犁;;;;;;;;;;X,,,,,,,,,
introduction_ANG_title;唐国起源:求你好好看完好不！;;;;;;;;;;;;;x,,,,,,,,,
introduction_ANG_desc;唐国，位于今随州西北唐县镇。据《史记·楚世家》正义引《世本》曰：“唐姬姓之国也”。唐国属“汉阳诸姬”之一。在铭文与典籍中，涉及的唐侯只有唐惠侯和唐成公。;;;;;;;;;;;;;x,,,,,,,,,
introduction_BAG_title;巴国起源:求你好好看完好不！;;;;;;;;;;;;;x,,,,,,,,,
introduction_BAG_desc;巴国，字面意为大蛇国，先秦时期位处信封盆地东部，国都为江州，即今重庆渝中区。始于先夏，在周武王伐纣时有功，被封为子国，而叫巴子国，简称巴国，鼎盛时包含今重庆全境、四川东部、陕西南部、湖北西部、贵州北部。;;;;;;;;;;;;;x,,,,,,,,,
introduction_BAI_title;白狄起源;;;;;;;;;;;;;x,,,,,,,,,
introduction_BAI_desc;白狄，亦作白翟，古代少数民族之一，春秋前期主要分布于陕北一带。前550年，因受秦国的压迫和晋国和戎政策的诱惑，东迁至今河北石家庄一带。东迁后的白狄主要由鲜虞氏、肥氏、鼓氏、仇由氏 4个氏族组成。据说是白姓人的祖先。;;;;;;;;;;;;;x,,,,,,,,,
introduction_BAO_title;褒国起源:求你好好看完好不！;;;;;;;;;;;;;x,,,,,,,,,
introduction_BAO_desc;褒国在今汉中市以北，地域包括汉台区、勉县、留坝县。褒国开国国君是有褒氏，其人聪明睿智，勤劳勇敢。因佐理大禹治水，被分封到褒国，历经夏、商、周三朝，褒国末代国君叫褒珦，因耿直直谏被囚入牢狱。其子洪德为救其父，献褒姒于周幽王，以赎其父之罪。;;;;;;;;;;;;;x,,,,,,,,,
introduction_BEI_title;邶国起源:求你好好看完好不！;;;;;;;;;;;;;x,,,,,,,,,
introduction_BEI_desc;周代诸侯国，子姓，周武王灭商之后，为了安置殷商遗民，将商王畿之地分为邶、鄘、卫三地，封商纣王子武庚于殷地，称邶国。邯郸划属邶国，属周武王六弟霍叔封地，纣王的儿子武庚也居住邶国。但周武王去世后，其子周成王继位，其叔周公旦摄政。因管叔、蔡叔、霍叔等人素与周公旦不和，便与武庚等联合发动叛乱，史称“管蔡之乱”，但叛乱不久就被镇压，邶国的封号被取消，邯郸又划归卫国管辖。;;;;;;;;;;;;;x,,,,,,,,,
introduction_BER_title;北戎起源;;;;;;;;;;;;;x,,,,,,,,,
introduction_BER_desc;北戎，不确切应属何种群，或属于狄的一支，散居于黄河中下游北岸一带，杂居于齐、晋、郑、邢诸国之间，常与诸侯国交战。;;;;;;;;;;;;;x,,,,,,,,,
introduction_BIY_title;逼阳起源;;;;;;;;;;;;;x,,,,,,,,,
introduction_BIY_desc;逼阳, 春秋小国,子爵。其址在今山东省枣庄市台儿庄区涧头集、张山子镇一带。《世本》云：“逼阳,妘姓,祝融之孙,陆终第四子求言之后。”《国语·郑语》曰: “妘姓邬、郐、路、逼阳,曹姓邹、莒皆为守卫,或在王室,或在夷狄”, 可知逼阳与曹姓国及其他妘姓国皆为周时诸侯国。;;;;;;;;;;;;;x
introduction_BOG_title;亳国起源:求你好好看完好不！;;;;;;;;;;;;;x,,,,,,,,,
introduction_BOG_desc;亳王，西戎君主的名号。《史记·秦本纪》：“宁公二年，公徙居平阳 。遣兵伐荡社 。三年，与亳战，亳王奔戎，遂灭荡社”司马贞索隐：“西戎之君号曰亳王 盖成汤之胤。其邑曰荡社。”;;;;;;;;;;;;;x,,,,,,,,,
introduction_CAI_title;蔡国起源:求你好好看完好不！;;;;;;;;;;;;;x,,,,,,,,,
introduction_CAI_desc;蔡国，国君为姫姓。周武王克商后，封其五弟叔度（姬度）于蔡。杨宽先生认为“蔡”“祭”古音同，通用。蔡叔所封之蔡原在祭，建都于蔡，辖地大致在今河南驻马店市上蔡县一带。\n\n初始天赋：蛇蝎为心\n必杀联姻国继承人。;;;;;;;;;;;;;x,,,,,,,,,
introduction_CAO_title;曹国起源:求你好好看完好不！;;;;;;;;;;;;;x,,,,,,,,,
introduction_CAO_desc;曹国，春秋战国时代的一个诸侯国，伯爵，国君为姬姓。周文王子曹叔振铎（姬振铎）后裔。建都陶丘，辖地大致为现在的定陶附近。曹国是武王的弟弟叔铎的封国，在山东省定陶。\n\n初始天赋：天下之中\n开局决议获得十个商人，每一个漆器省份+5贸易效率和贸易距离，上限为25。；;;;;;;;;;;;;;x,,,,,,,,,
introduction_CHA_title;长狄起源;;;;;;;;;;;;;x,,,,,,,,,
introduction_CHA_desc;亦作""长翟""。我国古代少数民族之一。 分布于齐、鲁、宋、卫之间；一说流动于西起山西平阳、潞安，东至山东边境一带。曾攻打过齐、鲁、宋、卫等国。曾从属于赤狄，组成北狄国。《左传》载有兄弟五人，为侨如，焚如，荣如，简如，缘如。周襄王二十四年（前628）北狄内乱而分裂。;;;;;;;;;;;;;x",,,,,,,,,
introduction_CHE_title;陈国起源:求你好好看完好不！;;;;;;;;;;;;;x,,,,,,,,,
introduction_CHE_desc;陈国，出土金文作敶，国君妫姓陈氏，是虞舜后裔。建国君主为担任周文王的陶正一职的虞阏父（又称遏父）之子满，史称陈胡公，为陈氏与胡氏的得姓始祖。周武王并将长女太姬嫁给他，备以三恪，奉祀虞帝。陈建都宛丘（今河南淮阳城关一带），辖地最大时达十四邑，大致为现在的河南东部和安徽一部分。陈亡后，陈的分支——仕齐的陈公子完的后裔于公元前386年取代了姜姓齐国，史称田氏代齐。\n\n初始天赋：陶正之后\n每一块漆器领土都可以增加1%的威望加成，上限为5%。且会不定期出现增益事件；\n\n解锁天赋：虞舜之后\n（君主内政属性达到7。可解锁）会不定期增加随机省份的税基；;;;;;;;;;;;;;x,,,,,,,,,
introduction_CHG_title;郕国起源:求你好好看完好不！;;;;;;;;;;;;;x,,,,,,,,,
introduction_CHG_desc;郕，史书又作成、盛，互通。 郕国在周成王东征之后被封在山东宁阳一带，位伯爵。 始封君为周文王之子叔武。史不载其世系与国君谥号。1975年陕西岐山县董家村发现成伯孙父鬲，或疑郕国本封于西周畿内，春秋时改封于山东。位置在今宁阳县东北(一说在河南范县)。;;;;;;;;;;;;;x,,,,,,,,,
introduction_CHI_title;赤狄起源;;;;;;;;;;;;;x,,,,,,,,,
introduction_CHI_desc;亦作""赤翟""。春秋时狄人的一支。或说因其俗尚赤衣而得名。主要分布于今山西长治一带，与晋人相杂居",是春秋时期实力最强影响最大的狄族部落。主要有十五个氏族组成，即即潞氏、皋落氏，留吁氏，甲氏，铎辰氏，廧咎如氏，有狄氏．袁纥氏，斛律氏，解批氏，护骨氏，异奇斤氏等等。;;;;;;;;;;;;;x,,,,,,,,
introduction_CHO_title;巢国起源:求你好好看完好不！;;;;;;;;;;;;;x,,,,,,,,,
introduction_CHO_desc;有巢氏部落是中华民族最早形成而堪称第一的氏族部落，这个部落早期一直生息于巢湖流域及周边地区，今巢湖市域是有巢氏氏族部落活动的中心，周代商而立，则多次遣师征讨并战胜了巢国，视巢国地大势强不便控制，遂将其地析分为巢、庐二国，因赐爵位不同，而分别被称为“巢伯国”、“庐子国”，庐国新都于今合肥城城区，巢国仍都于今巢城城区;;;;;;;;;;;;;x,,,,,,,,,
introduction_CHU_title;楚国起源:求你好好看完好不！;;;;;;;;;;;;;x,,,,,,,,,
introduction_CHU_desc;楚国又称作荆，楚国祖先族姓芈，熊氏，最早兴起于古丹淅之地（今河南省淅川县东南部）的楚部落。楚之先祖出自帝颛顼高阳氏。高阳者，黄帝之孙，昌意之子也。颛顼帝后第五代吴回，是帝高辛氏的火正，主管天火与地火，能光融天下，帝喾命曰祝融。吴回之子陆终，生有六子，幼子曰季连，芈姓，是楚之先祖。季连之后曰鬻熊，是周文王的老师，其曾孙熊绎，当成王时，封为楚子，建都于丹阳（今河南省淅川县），建立了楚国。\n\n初始天赋：用兵他国\n减少损耗的军事buff。；\n\n解锁天赋：祝融苗裔\n（至少拥有40个省份，文化科技24级，正统性90%，可解锁）自动可接受三苗、群蛮的文化；对于淮夷、江汉、句吴文化，文化同化几率提高为四倍\n\n解锁天赋：山河广袤\n（工业科技39级，行政科技39级，军事科技39级，文化科技39级，君主内政属性大于等于6。可解锁）即使没有物产开发理念，也可获得物产开发带来的增益buff（二者不可叠加）;;;;;;;;;;;;;x,,,,,,,,,
introduction_DAG_title;戴国起源:求你好好看完好不！;;;;;;;;;;;;;x,,,,,,,,,
introduction_DAG_desc;戴国，中国历史上春秋时代的一个诸侯国，公爵，国君为子姓。也有一种说法是姬姓。位置在今天的河南省兰考县。戴国位于郑国与梁国之间，郑、宋两国不和，戴国多受欺凌，春秋初期戴国势力较弱，戴国实为郑国附庸。;;;;;;;;;;;;;x,,,,,,,,,
introduction_DAI_title;代国起源:求你好好看完好不！;;;;;;;;;;;;;x,,,,,,,,,
introduction_DAI_desc;春秋时代末期，在今河北省西北部、山西省东北部，活跃着一个以少数民族为主体建立的国家，这就是代国。 周代诸侯国，故地在今河北蔚县，始封之君不详。\n\n初始天赋：代子立国\n每一个马匹省份增加0.4将领勇武值，降低0.04战车组建费用和降低0.01骑兵组建费用，上限为增加2将领勇武值以及-0.2战车和-0.25骑兵组建费用。；;;;;;;;;;;;;;x,,,,,,,,,
introduction_DAR_title;大戎起源;;;;;;;;;;;;;x,,,,,,,,,
introduction_DAR_desc;大戎，春秋时分布在晋国境内，当今山西太原附近。一说是周的同姓子孙。《左传·庄公二十八年》：“晋献公……又娶二女於戎，大戎狐姬生重耳，小戎子生夷吾。”杜预注：“大戎，唐叔子孙别在戎狄者。”;;;;;;;;;;;;;x,,,,,,,,,
introduction_DBG_title;东不羹起源;;;;;;;;;;;;;x,,,,,,,,,
introduction_DBG_desc;东不羹，古国名。周封侯国，赢姓，少昊后裔，为楚所灭。楚灵王为巩固北方领土，将陈、蔡和东、西不羹扩建为重要的军事大城。《左传》：“楚筑不羹二城，有东西二城。”《集解》昭日：“颍川定陵有东不羹，襄城有西不羹”。;;;;;;;;;;;;;x,,,,,,,,,
introduction_DEG_title;邓国起源:求你好好看完好不！;;;;;;;;;;;;;x,,,,,,,,,
introduction_DEG_desc;邓国，侯爵，曼姓国。邓国的先人早期就活动于黄河中下游地区，商代的邓为侯国，约在河南邓州市境内，卜辞中有“王在登”的记述，登即邓。据《明嘉靖邓州志》载：“夏，帝仲康封其子于邓”，此邓之始。;;;;;;;;;;;;;x,,,,,,,,,
introduction_DGG_title;东虢国起源:求你好好看完好不！;;;;;;;;;;;;;x,,,,,,,,,
introduction_DGG_desc;东虢当是文王同母亲弟弟虢叔的封国。今河南省荥阳市广武乡有""平城""，即东虢都邑。东虢史事文献少见。东虢君自周文王时即在王室为公卿，曾任周武王师。不知何故直到周幽王时，东虢还是一个""子男""小国。蔡运章先生据金文记载，认为虢叔旅钟诸器中的""虢叔旅""即是周夷王",周孝王时的东虢君。他作为执政大臣，曾参与周王的册命典礼，还代表周王处理下级贵族间的纠纷。;;;;;;;;;;;;;x,,,,,,,,
introduction_DGU_title;滇国起源:求你好好看完好不！;;;;;;;;;;;;;x,,,,,,,,,
introduction_DGU_desc;“楚顷襄王时，使将军庄将兵循江上，略近蜀黔中以西。至滇地方三百里，旁平地肥沃数千里，以兵威定属楚”，指出在楚顷襄王时，庄奉命南征。大约在前279年时，领兵通过黔中郡，经过沅水往南，攻略西南。连克且兰(今贵州省福泉市一带)，征服夜郎(今贵州省桐梓县一带)，一直攻到滇池(今云南省昆明市一带)，征服了黔中、夜郎、滇等地区。庄以兵威戡定其地属楚，正要归报楚王，而楚国的巫郡、黔中郡在前277年时再度被秦国攻占，庄回国之路断绝，遂留在滇池自立为滇王，号“庄王”。;;;;;;;;;;;;;x,,,,,,,,,
introduction_DHU_title;东胡起源;;;;;;;;;;;;;x,,,,,,,,,
introduction_DHU_desc;东胡是中国东北部的古老游牧民族。自商代初年到西汉，东胡存在了大约1300年。东胡，濊貊，肃慎被称为古东北三大民族。东胡语言属阿尔泰语系。东胡是一个部落联盟，包括了当时族属相同而名号不一的大小部落。早在商朝，就有东胡的活动记载。据《史记匈奴列传》中记载，在春秋战国时，主要活动在当时燕国的北部和东北部，也就是今西辽河的上游老哈河、西拉木伦河流域。;;;;;;;;;;;;;x,,,,,,,,,
introduction_DOC_title;铎辰氏起源;;;;;;;;;;;;;x,,,,,,,,,
introduction_DOC_desc;古族名。春秋时赤狄的一支。分布在今山西长治县。周定王14年（公元前593年）并于晋国。;;;;;;;;;;;;;x,,,,,,,,,
introduction_DUN_title;顿国起源:求你好好看完好不！;;;;;;;;;;;;;x,,,,,,,,,
introduction_DUN_desc;顿国，是公元前1046年周武王灭商后周王朝在淮水中上游地区分封的姬姓国之一。后为陈国所迫迁于项城，亡于楚国。;;;;;;;;;;;;;x,,,,,,,,,
introduction_DXU_title;须句起源;;;;;;;;;;;;;x,,,,,,,,,
introduction_DXU_desc;须句，又作须朐，风姓。故址在今山东东平县西北。须句早期的历史不见于文献记载。春秋前期，作为小国的须句屡遭邾国的侵犯。公元前620年，鲁文公又出兵伐邾夺取须句，但未再使须句复国，而是把逃奔鲁国的郑文公之子安置在那里，须句已人于鲁。;;;;;;;;;;;;;x,,,,,,,,,
introduction_EGU_title;贰国起源:求你好好看完好不！;;;;;;;;;;;;;x,,,,,,,,,
introduction_EGU_desc;：贰国，春秋战国诸侯，姬姓。“古有贰国。或以国为氏。”《左传》：“‘楚屈瑕将盟贰、轸。’并小国也。”贰国在今湖北广水市境，是周朝为限制楚国发展而封的“汉阳诸姬”之一。;;;;;;;;;;;;;x,,,,,,,,,
introduction_FAN_title;房国起源:求你好好看完好不！;;;;;;;;;;;;;x,,,,,,,,,
introduction_FAN_desc;周代诸侯国，祁姓，尧子丹朱之后，故地在今河南遂平县，始封之君为丹朱。子爵，故称房子国。丹朱子陵以父封邑为氏，称房姓。;;;;;;;;;;;;;x,,,,,,,,,
introduction_FEG_title;费国起源:求你好好看完好不！;;;;;;;;;;;;;x,,,,,,,,,
introduction_FEG_desc;费国，春秋末期兴起的一个小国，位于今山东省临沂市费县附近。都邑为鄪邑。《孟子·万章下》有费惠公，孟子称之为“小国之君”，盖春秋鲁季氏之后而僭称君者。;;;;;;;;;;;;;x,,,,,,,,,
introduction_FEI_title;肥国起源:求你好好看完好不！;;;;;;;;;;;;;x,,,,,,,,,
introduction_FEI_desc;肥国，白狄别种，是春秋时期今石家庄地区的主要方国之一，最早见于《左传》昭公十二年。《中国古今地名大辞典》称其“春秋时夷国，子爵”。晋国灭肥后，余部徙居至鼓国，后住今河北藁城西。晋灭鼓，肥子余部又先后徙居今河北卢龙、山东肥城等地，皆依昔阳为都。;;;;;;;;;;;;;x,,,,,,,,,
introduction_FGO_title;樊国起源:求你好好看完好不！;;;;;;;;;;;;;x,,,,,,,,,
introduction_FGO_desc;樊国，古国名，姬姓，西周时都于陕西长安县东南。后东迁至太行之南，黄河之北的阳邑(河南省济源市西南)，故曰""阳樊""。樊国系周太王之子虞仲的后代，《待·大雅·蒸民》曰：""王命仲山甫，城彼东方""的记述。仲山甫(父)即周宣王的卿士气，食采于樊。《左传·庄公二十九年》云：""樊皮叛王""。樊皮即樊侯仲皮，是樊仲甫的后人。;;;;;;;;;;;;;x",,,,,,,,,
introduction_GAL_title;皋落氏起源;;;;;;;;;;;;;x,,,,,,,,,
introduction_GAL_desc;东山皋落氏，春秋时赤狄之别种，皋落乃其氏族聚居地。《左传·闵公元年》：“晋侯(献公)使太子申生伐东山皋落氏”。 《春秋舆图》称，东山皋落氏国在垣曲县西北六十里。即今山西垣曲县古城西北25公里皋落镇。;;;;;;;;;;;;;x,,,,,,,,,
introduction_GAN_title;管国起源:求你好好看完好不！;;;;;;;;;;;;;x,,,,,,,,,
introduction_GAN_desc;管国，武王灭商后西周初期的一个重要封国之一。西周早期周武王灭殷，建立周朝之后，封其三弟管叔鲜于管（今河南省郑州市管城），称管国，为当时周朝之东方重镇。周公摄政后，管叔鲜因勾结蔡叔度、武庚叛乱被诛，管国由此而废为邑。后裔以管为氏，管叔鲜为管氏（姓）的开氏始祖。;;;;;;;;;;;;;x,,,,,,,,,
introduction_GAO_title;郜国起源:求你好好看完好不！;;;;;;;;;;;;;x,,,,,,,,,
introduction_GAO_desc;郜国，姬姓，周武王封其一位兄弟(周文王的第十子，一说第十五子)封于郜地(今山东成武)，建立了郜国，伯爵，因称郜侯。当时的郜国包括南郜和北郜两个部分。北郜在今山东省成武县的东南部，南郜则在成武县北部之南的二里。郜侯的后世子孙就以原来的国名为姓，称郜氏。郜氏又写作告氏。;;;;;;;;;;;;;x,,,,,,,,,
introduction_GNG_title;共国起源:求你好好看完好不！;;;;;;;;;;;;;x,,,,,,,,,
introduction_GNG_desc;共国，春秋时期诸侯国，姬姓，祖为周文王的子孙（据《辉县市志》：卫僖侯之子余与和先后受封于此）。《世本·氏族篇》说：“共氏，国名，周有共伯和。”。共国的地域，在今河南省辉县西北一带，与山西陵川县、晋城市接壤。;;;;;;;;;;;;;x,,,,,,,,,
introduction_GUG_title;鼓国起源:求你好好看完好不！;;;;;;;;;;;;;x,,,,,,,,,
introduction_GUG_desc;鼓国，古国名，《中国古今地名大辞典》称：“春秋时鼓子国，祁姓，子爵，白狄之别种。”鼓国国境即今河北晋县（一说藁城市）。一说鼓国，春秋时期位于晋州市境内。;;;;;;;;;;;;;x,,,,,,,,,
introduction_GUI_title;邽戎起源;;;;;;;;;;;;;x,,,,,,,,,
introduction_GUI_desc;邽戎，西戎的一支，分布于今甘肃天水市附近。公元前688 年秦武公取其地，置邽县，后改为上邽县，成为中国历史上最早置县的地区之一。;;;;;;;;;;;;;x,,,,,,,,,
introduction_GUO_title;虢国起源:求你好好看完好不！;;;;;;;;;;;;;x,,,,,,,,,
introduction_GUO_desc;虢国是西周初期的重要诸侯封国。周武王灭商后，周文王的两个弟弟分别被封为虢国国君，虢仲封东虢（今河南荥阳市汜水镇），虢叔封西虢（今陕西宝鸡市东），起着周王室东西两面屏障的作用。周宣王初年，西虢东迁，东迁后的三门峡虢国建都上阳，地跨黄河两岸，史称南虢、北虢，实为一虢。;;;;;;;;;;;;;x,,,,,,,,,
introduction_GUW_title;榖国起源:求你好好看完好不！;;;;;;;;;;;;;x,,,,,,,,,
introduction_GUW_desc;早在3500年前，殷商时期，便建有“榖国”，“榖”古语特指五谷。“榖国”之人出自嬴姓，与赵、秦同一个源流，都是黄帝的后裔，至舜的时候，被赐姓为嬴。周武王伐纣，灭殷商，建立周朝，裂土分封149个诸侯国，除分封有功诸臣及皇室宗亲外，对南方有归顺之意的已存在氏族部落，诸如“榖国”也予以承认。;;;;;;;;;;;;;x,,,,,,,,,
introduction_GUZ_title;孤竹国起源:求你好好看完好不！;;;;;;;;;;;;;x,,,,,,,,,
introduction_GUZ_desc;商朝初年，商封墨台氏为君。孤竹国是今冀东地区与令支国（今河北迁安市、迁西县青龙县、宽城县大部；辽宁省西辽河流域）并列的一个地方政权，是滦河之滨最早的奴隶制诸侯国之一。;;;;;;;;;;;;;x,,,,,,,,,
introduction_HAG_title;滑国起源:求你好好看完好不！;;;;;;;;;;;;;x,,,,,,,,,
introduction_HAG_desc;滑国，周代的一个较弱小的诸侯国，与郑国相邻。据《重修滑县志》记载：约公元前1000年，康王钊执政，封“周公次八子伯爵封于滑，为滑伯”。;;;;;;;;;;;;;x,,,,,,,,,
introduction_HAN_title;韩国起源:求你好好看完好不！;;;;;;;;;;;;;x,,,,,,,,,
introduction_HAN_desc;韩国，战国七雄之一。公元前403年，韩、赵、魏三家得到周威烈王的承认，正式位列于诸侯，韩国建立。开国君主是晋国大夫韩武子的后代，建都于阳翟（今河南禹县）。春秋末年，晋国大夫赵襄子、魏献子和韩宣子于公元前433年先行暗杀智伯，然后再将晋的领地瓜分，成为三个诸侯国。初都阳翟，灭郑国后迁新郑。 \n\n初始天赋：法家云集\n较大概率创立法家；如果信仰法家，国内法家传播速率极高；每完成一部法家著作能获得额外的buff或一次性效果，并且当韩国为法家宗教信仰时。传教士每年增加0.5，传教成功率增加5%，且改革失败率降低。；\n\n可解锁天赋：弩强剑利\n（军事科技42级，生产科技42级，拥有申不害变法，有包括至少2个铁省份，可解锁）每获得一个产铁省份，都能增加2%训练度，上限为20%。。;;;;;;;;;;;;;x,,,,,,,,,
introduction_HEN_title;轸国起源:求你好好看完好不！;;;;;;;;;;;;;x,,,,,,,,,
introduction_HEN_desc;轸国，为偃姓国，国君为皋陶的后裔。在春秋时期的周惠王姬阆二十年（楚成王十六年，公元前655年），轸国被楚成王芈頵派大军所灭，其地归于楚国，陡岗从此成为古老的楚国云梦文化故乡之一，有“孝南西北门户”、“云孝要冲”之称。;;;;;;;;;;;;;x,,,,,,,,,
introduction_HNG_title;韩国起源:求你好好看完好不！;;;;;;;;;;;;;x,,,,,,,,,
introduction_HNG_desc;韩国，周天子分封的诸侯国，姬姓，开国君主是周成王的弟弟。疆域在今山西河津东北，一说今陕西省韩城市。;;;;;;;;;;;;;x,,,,,,,,,
introduction_HNX_title;邗国起源:求你好好看完好不！;;;;;;;;;;;;;x,,,,,,,,,
introduction_HNX_desc;周武王灭了商朝之后分封天下，将自己的小儿子分封到邗，是为邗国，就是今天扬州市范围。此地人以国为氏，是为姬姓邗氏，后去邑姓了干，著名的铸剑大师干将就是此地人。;;;;;;;;;;;;;x,,,,,,,,,
introduction_HUA_title;黄国起源:求你好好看完好不！;;;;;;;;;;;;;x,,,,,,,,,
introduction_HUA_desc;黄国文献：嬴姓侯国，东夷少昊的后裔，是黄夷的后代。《竹书纪年》载：""（夏）后相即位，二年，征黄夷。""商代黄夷已在淮水之滨建立国家，与商王的关系不是十分和谐，卜辞中有""伐于黄尹""的记载。周人灭商后，黄人归服，得以保留。从出土的东周时期黄国及相关的青铜器看，嬴姓黄国与姬姓曾国等一直保持婚姻关系。;;;;;;;;;;;;;x",,,,,,,,,
introduction_HUG_title;胡国起源:求你好好看完好不！;;;;;;;;;;;;;x,,,,,,,,,
introduction_HUG_desc;归姓起源与尧舜时代的后夔，被称为归夷，是东夷集团的一支，原居于河南商丘一带，后来遭到商王武丁的讨伐，被迫四处播迁。除一部分留居中原建立归国外，大部分归人不愿臣属于商而向南迁移。其中一支归人迁居于颍州汝阴(今安徽阜阳)，在此建立起胡子国。;;;;;;;;;;;;;x,,,,,,,,,
introduction_HUN_title;豲戎起源;;;;;;;;;;;;;x,,,,,,,,,
introduction_HUN_desc;豲戎，古代戎族一支。章炳麟《訄书·原人》：“是故古者称欧洲曰大秦，明其同於中国，异於荤鬻、豲戎之残忍，彼其地非无戎狄也。”;;;;;;;;;;;;;x,,,,,,,,,
introduction_HUO_title;霍国起源:求你好好看完好不！;;;;;;;;;;;;;x,,,,,,,,,
introduction_HUO_desc;霍国，西周至春秋时期的一个诸侯国家，位于现代的山西霍州一带，周武王时，封叔处于霍，是为霍叔，此即霍国之始，管蔡之乱后，霍叔被废为平民，但霍国仍被保留下来由霍叔之子继位。;;;;;;;;;;;;;x,,,,,,,,,
introduction_HYI_title;淮夷起源;;;;;;;;;;;;;x,,,,,,,,,
introduction_HYI_desc;《通志·氏族略》：淮夷，小国，其地今淮甸，在江淮地区。创造相当高的地方文化，与建都中原的夏商周历代王朝都有交往，或友好顺从，或武装反抗。西周初年，曾参加管叔、蔡叔、武庚反周的叛乱，周公东征，武力征服；厉王无道，再次反叛。召公用兵，始表臣服，但一直没有得到周朝统治者的承认和封赠。据《诗经·鲁颂》“明明鲁侯，淮夷攸服”，“既克淮夷，孔淑不逆”，“式固尔犹，淮夷卒获”，“憬彼淮夷，来献其琛”，“淮夷蛮貊，莫不率从”，“淮夷来同，鲁侯之功”。;;;;;;;;;;;;;x,,,,,,,,,
introduction_HZS_title;河宗氏起源;;;;;;;;;;;;;x,,,,,,,,,
introduction_HZS_desc;河宗氏为夏人后裔，《穆天子传》即对其有所描述，“戊寅，天子西征，鹜行，至于阳纡之山，河伯无夷之所都居，是惟河宗氏。河宗伯夭逆天子燕然之山。”后来该部落迁居到河套一带，战国时被赵国吞并。;;;;;;;;;;;;;x,,,,,,,,,
introduction_JAG_title;江国起源:求你好好看完好不！;;;;;;;;;;;;;x,,,,,,,,,
introduction_JAG_desc;江国为东夷的支系。始祖玄仲为伯益之子，伯益佐禹治水有功，其子启即位后封玄仲于江地（今湖北江陵）。另一种观点，伯益的后代于商朝或西周初期受封建立江国。;;;;;;;;;;;;;x,,,,,,,,,
introduction_JIA_title;贾国起源:求你好好看完好不！;;;;;;;;;;;;;x,,,,,,,,,
introduction_JIA_desc;西周时，周康王姬钊把晋国开国君主唐叔虞的小儿子姬公明封于贾，建立贾国，号为贾共公，作为周朝的附庸国。公爵爵位。因唐叔虞为周武王姬发之子，所以贾国为姬姓国。;;;;;;;;;;;;;x,,,,,,,,,
introduction_JIC_title;冀国起源:求你好好看完好不！;;;;;;;;;;;;;x,,,,,,,,,
introduction_JIC_desc;冀国，西周至春秋时期的一个诸侯国家，据说首任国君是商朝的傅说，国都位于山西省河津市冀亭。晋国大夫荀息的致虞国求假道书中提到，先前冀国入侵虞国，晋国帮助虞国击败了冀国。荀息指出，不久前虢国侵犯晋国，所以晋国有请虞国同意假道。;;;;;;;;;;;;;x,,,,,,,,,
introduction_JIE_title;介国起源:求你好好看完好不！;;;;;;;;;;;;;x,,,,,,,,,
introduction_JIE_desc;西周封国。东夷族，姓氏不详。都址在今胶州市南杜村乡城献村西。介国在历史文献中十分少见。介君葛卢两次赴鲁朝见僖公，鲁国待之以礼。葛卢在鲁听到牛叫，能辨其意。;;;;;;;;;;;;;x,,,,,,,,,
introduction_JIG_title;纪国起源:求你好好看完好不！;;;;;;;;;;;;;x,,,,,,,,,
introduction_JIG_desc;纪国，西周春秋时期诸侯国，国君为姜姓。国都纪，位于山东半岛中北部，渤海莱州湾的西南岸的今寿光市。寿光、莱阳和烟台等地有出土纪国铜器。第一任君主为纪文侯姜静。;;;;;;;;;;;;;x,,,,,,,,,
introduction_JII_title;极国起源:求你好好看完好不！;;;;;;;;;;;;;x,,,,,,,,,
introduction_JII_desc;极国，姬姓，周代小诸侯，初为鲁国的附庸，于鲁隐公二年（公元前721年）为鲁国吞并。吴其昌的《金文氏族谱》认为金文中的“遽”就是这个极国。;;;;;;;;;;;;;x,,,,,,,,,
introduction_JIN_title;晋国起源:求你好好看完好不！;;;;;;;;;;;;;x,,,,,,,,,
introduction_JIN_desc;晋国，周代春秋时期诸侯国名。周成王封其幼弟唐叔虞于唐国旧地，疆域约为今山西省南部，晋国世系由此发源。唐叔虞之子晋侯燮父徙居晋水，改国号为晋。至晋孝侯时，国都名翼（今山西翼城县）；曲沃代翼之后，晋献公迁都绛（今山西翼城县东南），别都曲沃（今山西闻喜县东）。公元前403年，晋国卿大夫韩虔、赵籍、魏斯三家自立为诸侯，分裂晋国。\n\n初始天赋：晋无公族\n不会产生公家封地，且士卿政治不会降低正统性，并且分封士卿封地不需要任何前置条件。；\n\n可解锁天赋：晋文之霸\n（是中原霸主或无派系，君主内政属性至少7。可解锁）根据国君属性来增加威望下限，内政属性大于5则30威望下限，内政属性大于7则50威望下限，内政属性等于9则70威望下限;;;;;;;;;;;;;x,,,,,,,,,
introduction_JIO_title;绞国起源:求你好好看完好不！;;;;;;;;;;;;;x,,,,,,,,,
introduction_JIO_desc;绞国，偃姓，春秋时期位于湖北西北的汉水中上游地区的一个小诸侯国，国都位于湖北省郧县西北，仅见于《春秋左传》桓公十一年和桓公十二年。;;;;;;;;;;;;;x,,,,,,,,,
introduction_JIR_title;冀戎起源;;;;;;;;;;;;;x,,,,,,,,,
introduction_JIR_desc;冀戎，西戎的一支，分布于今甘肃天水市附近。公元前688 年秦武公取其地，置邽县，后改为上邽县，成为中国历史上最早置县的地区之一。;;;;;;;;;;;;;x,,,,,,,,,
introduction_JIS_title;甲氏起源;;;;;;;;;;;;;x,,,,,,,,,
introduction_JIS_desc;甲氏，赤狄部落名，关于其活动地域，有不同意见。《左传》宣公十五年（公元前594年）“晋荀林父败赤狄于曲梁，”杜预注认为此曲梁在今永年县广府镇，但杨伯峻《春秋左传注》认为此曲梁在今山西潞城县北四十里之石梁。翌年，《春秋》宣公十六年（公元前593年）条载：“晋人灭赤狄甲氏及留吁。”《左传》同年条：“晋士会帅师灭赤狄甲氏及留吁、铎辰。”顾祖禹《大事表五》认为甲氏在今河北鸡泽县境，但杨伯峻《春秋左传注》认为此说不可信，推测“甲氏或在今屯留北百里内外。”;;;;;;;;;;;;;x,,,,,,,,,
introduction_JIW_title;蓟国起源:求你好好看完好不！;;;;;;;;;;;;;x,,,,,,,,,
introduction_JIW_desc;蓟国，是中国历史上自商代到春秋中期的一个诸侯国，位于今日的北京市。蓟国国祚延绵1000多年，国君为伊姓（一说祁姓），尧的后裔。蓟国建国于商朝，其间时断时续，具体事迹已不可考。周朝初年，蓟国重新建国。”。《史记·周本纪》载：武王褒封“帝尧之后于蓟”。;;;;;;;;;;;;;x,,,,,,,,,
introduction_JNG_title;蒋国起源:求你好好看完好不！;;;;;;;;;;;;;x,,,,,,,,,
introduction_JNG_desc;蒋国，西周一侯国。周公旦之三子姬伯龄，被封在蒋地（今河南省固始县东北蒋集）为蒋国。蒋伯龄之后代以国名为姓。;;;;;;;;;;;;;x,,,,,,,,,
introduction_JOG_title;焦国起源:求你好好看完好不！;;;;;;;;;;;;;x,,,,,,,,,
introduction_JOG_desc;焦国，姬姓国家，据《广韵》所载，西周朝时，召公之后封于焦国（故城在今河南省三门峡市南二里之焦城），后被晋国所灭，原焦国王族之后遂以国名为姓。宋人罗泌在《路史·国名记》中谓陕县之焦国乃“召公子谯侯旧国，谯，云焦，故城在陕州东北部”。;;;;;;;;;;;;;x,,,,,,,,,
introduction_JUG_title;莒国起源:求你好好看完好不！;;;;;;;;;;;;;x,,,,,,,,,
introduction_JUG_desc;莒国，子爵，《通志·氏族略》谓其为“嬴姓，少昊之后也，周武王封兹舆其于莒，今密州莒县是也。”据《世本》记载，莒自纪公以下为己姓，故《左传》莒女称戴己、声己。\n\n初始天赋：凤鸟立制\n和平时期触发勿忘在莒效果增加文化和稳定投资，战争时期减少额外陆军损耗和成本；\n\n可解锁天赋：凤国盛世\n（拥有20个省份可解锁）对异端容忍加2，对异教容忍加1;;;;;;;;;;;;;x,,,,,,,,,
introduction_JUN_title;麇国起源:求你好好看完好不！;;;;;;;;;;;;;x,,,,,,,,,
introduction_JUN_desc;麇国，子爵，《春秋公羊传》作圈国，春秋时代的小国。何光岳《麇子国考》称：麇、微、麋、眉（郿、湄），古音相通为一字。商王文丁时代，微仍很强盛，对殷威胁很大，曾经是称霸的伯主，所以在甲骨文上称“微伯”。到了商王廪辛，派小臣垟伐微，殷商战胜了微，并俘获了微的首领。微遭此打击后，其一枝迁渭水中游南岸，即今陕西眉县境，依附于西周。《尚书·牧誓》所载西土八国，庸、蜀、羌、髳、微、卢、彭、濮人参加周武王伐纣的“微”即眉也。西周建国后，周“征眉微”，“眉微至，献帛”，微被迫迁居于汉江中上游的锡穴，称麇国。;;;;;;;;;;;;;x,,,,,,,,,
introduction_JUU_title;苴国起源:求你好好看完好不！;;;;;;;;;;;;;x,,,,,,,,,
introduction_JUU_desc;苴国（今四川广元市元坝区昭化镇）是西南地区的一个强国，虽是由蜀国分封，该国却一直与巴国友好，而且苴巴经常联合抗蜀。;;;;;;;;;;;;;x,,,,,,,,,
introduction_JSG_title;箕子朝鲜起源;;;;;;;;;;;;;x,,,,,,,,,
introduction_JSG_desc;箕子朝鲜，是在中国的周武王灭商后，商朝遗臣箕子率五千商朝遗民东迁至朝鲜半岛，联合土著居民建立的“箕氏侯国”，这个国家在西汉时被燕国人卫满所灭。 公元前3世纪末，朝鲜历史上第一次有记载。在中国西汉历史学家司马迁的名著《史记》中记载，商代最后一个国王纣的兄弟箕子在周武王伐纣后，带着商代的礼仪和制度到了朝鲜半岛北部，被那里的人民推举为国君，并得到周朝的承认，史称“箕子朝鲜”。;;;;;;;;;;;;;x,,,,,,,,,
introduction_KUA_title;郐国起源:求你好好看完好不！;;;;;;;;;;;;;x,,,,,,,,,
introduction_KUA_desc;郐国，妘姓。周武王灭商纣后，将祝融的后代封到郐，后建立了郐国。郐国遗址在今天的河南省新密市东北。;;;;;;;;;;;;;x,,,,,,,,,
introduction_KUI_title;夔国起源:求你好好看完好不！;;;;;;;;;;;;;x,,,,,,,,,
introduction_KUI_desc;夔国，又称隗国或者归国。楚国国君熊绎的六世孙叫熊挚，他的后代受封于夔城（今湖北省秭归），建立夔国。另外，《百家注》上记载，夔姓始于上古时期，传说是帝尧时的乐正夔的后代。夔姓望族出于京兆郡，就是现在的陕西省长安东。;;;;;;;;;;;;;x,,,,,,,,,
introduction_LAI_title;莱国起源:求你好好看完好不！;;;;;;;;;;;;;x,,,,,,,,,
introduction_LAI_desc;莱国，是中国历史上春秋时期的诸侯国，妘姓，子爵。《山海经》东海之外有颛顼国、季禺〔嵎夷〕、少昊国、重氏、藜〔莱〕氏和后来的羲和国。莱国在商代以前，统治中心在昌乐、临朐县附近。东部可以到达黄县的沿海地区。姜太公刚刚受封于齐国，建都营丘，位于今昌乐县境内。因为距离莱都较近，莱国候屡次进犯营丘。春秋时期，在齐国强大之后打败了莱国，侵占了位于今平度县西边的领士。因此，莱公迫不得已迁都黄县，叫做东莱。\n\n初始天赋：滨海黄金\n每一个黄金省份-0.02通货获得加成，上限-0.10通货。；\n\n解锁天赋：东夷古国\n（文化科技40级可解锁，可解锁）文化科技投资+20。;;;;;;;;;;;;;x,,,,,,,,,
introduction_LAO_title;蓼国起源:求你好好看完好不！;;;;;;;;;;;;;x,,,,,,,,,
introduction_LAO_desc;古蓼国。在今鄂豫皖三省交界地带，其中心区域在今河南省固始县境内，都城在今固始县东北的蓼城岗。;;;;;;;;;;;;;x,,,,,,,,,
introduction_LHR_title;陆浑戎起源;;;;;;;;;;;;;x,,,,,,,,,
introduction_LHR_desc;陆浑戎是允姓戎的一支，最早活动于今陕西、甘肃、四川三省交界的若水流域，瓜州是其居住中心。周襄王十四年（公元前638年），在秦国的逼迫、晋国与秦国作战兵败国君被俘无奈接收的情况下，陆浑戎从甘肃瓜州迁往伊河川地，从此嵩县地区才有了陆浑村、陆浑岭、陆浑县、陆浑关、陆浑山、陆浑水库等系列地名。;;;;;;;;;;;;;x,,,,,,,,,
introduction_LHU_title;林胡起源;;;;;;;;;;;;;x,,,,,,,,,
introduction_LHU_desc;“胡”是北语“人”的意思。战国时代，北方游牧民族统称“胡”，其中主要为“林胡”和“楼烦”。林胡，又称林人、儋林，为林中胡人之简称，生活于森林中。;;;;;;;;;;;;;x,,,,,,,,,
introduction_LIA_title;蓼国起源:求你好好看完好不！;;;;;;;;;;;;;x,,,,,,,,,
introduction_LIA_desc;古蓼国。在今河南唐河县南40里的湖阳镇，东北依蓼山，山下有蓼王叔安疏洪治水开凿的人工河蓼阳河、蓼阴河，是世界廖氏发祥地。蓼为已姓国，歂顼帝后裔。蓼叔安因助大禹治水之功受封于蓼国，为西蓼国，其后人以国为姓，称廖氏。;;;;;;;;;;;;;x,,,,,,,,,
introduction_LIG_title;厉国起源:求你好好看完好不！;;;;;;;;;;;;;x,,,,,,,,,
introduction_LIG_desc;厉国是先秦时期的国家，也是传说中厉姓的受姓渊源所在。唯一记载是《左传·僖公》里，楚国进攻徐国，诸侯联盟为了就徐国，率兵攻打了在附近的楚国附属国厉国。由于这一国家过于弱小，加上史书记载颇多歧异，故为后人的研究带来诸多不便。;;;;;;;;;;;;;x,,,,,,,,,
introduction_LIO_title;黎国起源:求你好好看完好不！;;;;;;;;;;;;;x,,,,,,,,,
introduction_LIO_desc;周朝建国后，为安抚、分化东夷势力，周武王姬发分封诸侯时，将原来的黎国蚩尤后裔、帝尧后裔迁至异地的今山西长治一带，赐爵为侯，并且仍然沿用黎国的名称。春秋时，黎国迁都至山西黎城县东北的黎侯城，后为晋国所灭，史称这一时期的黎国为“后黎国”。;;;;;;;;;;;;;x,,,,,,,,,
introduction_LIR_title;郦戎起源;;;;;;;;;;;;;x,,,,,,,,,
introduction_LIR_desc;古族名。古戎人的一支。国君姬姓。在今陕西省临潼县一带。一说在今山西省析城﹑王屋两山之间。曾与秦的先世通婚。春秋初，晋献公伐之，得骊姬。后为晋国所并。《左传·庄公二十八年》：“晋伐骊戎，骊戎男，女以骊姬。”杜预注：“骊戎在京兆新丰县，其君姬姓，其爵男也。”杨伯峻注：“骊戎，旧注俱以为在今陕西省临潼县东之骊戎城。顾颉刚疑之，谓当在今山西省析城、王屋两山之间。详《史林杂识·骊戎不在骊山》。”;;;;;;;;;;;;;x,,,,,,,,,
introduction_LIU_title;六国起源:求你好好看完好不！;;;;;;;;;;;;;x,,,,,,,,,
introduction_LIU_desc;六国，偃姓，故地在今安徽省六安市一带，音lù。古六国传为皋陶之后所封之地。 六安有皋城，位于六安市区南门。 《史记·夏本纪》：“帝禹立而举皋陶荐之，且受政焉，而皋陶卒，封皋陶之后于英、六。”;;;;;;;;;;;;;x,,,,,,,,,
introduction_LIY_title;留吁起源;;;;;;;;;;;;;x,,,,,,,,,
introduction_LIY_desc;留吁，春秋时北方部族赤狄的一支，地在今山西省屯留县南。《春秋·宣公十六年》“晋人灭赤狄甲氏及留吁。”杜预注：“甲氏、留吁，赤狄别种。”北魏郦道元《水经注·浊漳水》“东迳屯留县城南，故留吁国也，潞氏之属。”;;;;;;;;;;;;;x,,,,,,,,,
introduction_LNG_title;梁国起源:求你好好看完好不！;;;;;;;;;;;;;x,,,,,,,,,
introduction_LNG_desc;春秋西梁国，为周朝春秋战国时代的嬴姓诸侯国，始祖为“梁康伯”。梁康伯为秦国国君秦仲次子，秦庄公为长子。梁国位于今天的陕西韩城地区附近，国都少梁城位于现陕西韩城以南的夏阳镇、芝川镇一带，它自南至西、至北共 11公里长，成大半圆形（东靠黄河一边无城墙），城内面积约20平方公里。梁国和邻国晋国交好，晋献公时，晋惠公逃到了梁国，梁国国君把女儿嫁给了晋惠公，生下了后来的晋怀公。;;;;;;;;;;;;;x,,,,,,,,,
introduction_LOU_title;楼烦起源;;;;;;;;;;;;;x,,,,,,,,,
introduction_LOU_desc;楼烦是北狄的一支，约在春秋之际建国，其疆域大致在今山西省西北部的保德、岢岚、宁武一带。另外有一种说法认为，古楼烦国不是戎狄之国，而是周天子所封诸侯，为子爵。 到战国时期，列国间战争频仍，兼并之势愈演愈烈，楼烦国以其兵将强悍，善于骑射，始终立于不败之地，并对相邻的赵国构成极大威胁。于是，赵武灵王萌生了向楼烦等部落学习，推行“胡服骑射”的构想。;;;;;;;;;;;;;x,,,,,,,,,
introduction_LSS_title;骊山氏起源;;;;;;;;;;;;;x,,,,,,,,,
introduction_LSS_desc;骊山氏为戎的一支，起源或与夏人接近，居于骊山一代，其后裔或改姓骊氏。;;;;;;;;;;;;;x,,,,,,,,,
introduction_LUC_title;卢国起源:求你好好看完好不！;;;;;;;;;;;;;x,,,,,,,,,
introduction_LUC_desc;卢国，春秋时期一小国。其址在今山东济南长清区一带。在长清归德镇有洼地名叫“卢城洼”，是卢国故城的遗址，也就是春秋时期卢邑的城都。;;;;;;;;;;;;;x,,,,,,,,,
introduction_LUG_title;鲁国起源:求你好好看完好不！;;;;;;;;;;;;;x,,,,,,,,,
introduction_LUG_desc;鲁国，周同姓诸侯国之一。姬姓，侯爵。武王伐纣，歧周代商。武王发封其弟周公旦于少昊之虚曲阜，是为鲁公。周公旦不去赴任，留下来辅佐武王，武王死后辅佐周成王。其子伯禽，即位为鲁公，而淮夷、徐戎作乱，伯禽作肸誓，平徐戎，定鲁。国都曲阜，疆域主要在泰山以南，略有今山东省南部，兼涉河南、江苏、安徽三省之一隅。 \n\n初始天赋：诸侯之望\n对所有中原文化省份同化速度+50%；如果附庸国是礼乐国家，叛乱几率-33%；\n\n可解锁天赋：鲁班木工\n（拥有五星顾问：能工巧匠，可解锁）建筑花费降低15。\n\n解锁天赋：儒学起源\n（国家信仰儒家。可解锁）每一块信仰儒家的省份都会增加4税收。;;;;;;;;;;;;;x,,,,,,,,,
introduction_LUK_title;卢戎起源;;;;;;;;;;;;;x,,,,,,,,,
introduction_LUK_desc;卢戎，系炎帝姜姓戎族，源于卢水上游，故名卢戎。姜姓属古羌人亦称氐羌、羌戎。他们顺着离嘉陵江不远的汉水上游朝南迁徙，在公元前7世纪到达汉江中游，建立了卢国。;;;;;;;;;;;;;x,,,,,,,,,
introduction_LUO_title;罗国起源:求你好好看完好不！;;;;;;;;;;;;;x,,,,,,,,,
introduction_LUO_desc;罗国是夏商时代芈部落穴熊的一个分支，和荆楚同祖。大约在殷高宗武丁时，芈族系诸部落遭到殷的征伐，罗便随楚由罗山（河南罗山县）迁避到甘肃正宁县。到了周武王灭商时，才封罗为子爵。以后又被周王朝讨伐，随楚国迁于湖北房县和宜城。到了春秋初期，被楚所灭，将其遗民迁于枝江，后来又被迁至湖南汨罗。;;;;;;;;;;;;;x,,,,,,,,,
introduction_LUS_title;潞氏起源;;;;;;;;;;;;;x,,,,,,,,,
introduction_LUS_desc;潞氏是赤狄的一支。赤狄原本广泛分布于山西省方山县、孟县、昔阳县、武乡县和垣曲县一带，晋襄公时期被晋国击溃，随之分裂为潞氏、甲氏、留吁、铎辰和啬咎如五部，潞氏是其最为强大的一部。晋国狐氏成员狐射姑与赵盾斗争中失败后，便逃奔至此。潞氏在晋成公时期实力强盛，于成公三年（公元前604年）灭黎侯而夺其地建国，并控制了翻越太行山的必要隘道壶口。;;;;;;;;;;;;;x,,,,,,,,,
introduction_LUY_title;骆越起源;;;;;;;;;;;;;x,,,,,,,,,
introduction_LUY_desc;骆越，骆越是先秦时期生活在我国南方的少数民族，主要分布于广西一带，与西瓯、南越部族关系密切。;;;;;;;;;;;;;x,,,,,,,,,
introduction_LZG_title;令支国起源:求你好好看完好不！;;;;;;;;;;;;;x,,,,,,,,,
introduction_LZG_desc;令支国，古称“令支”:春秋时为令支国,曾一度为山戎族统治;秦时为离枝县,属辽西郡。汉朝改离枝县为令支县,属幽州辽西郡。;;;;;;;;;;;;;x,,,,,,
introduction_MAO_title;茅国起源:求你好好看完好不！;;;;;;;;;;;;;x,,,,,,,,,
introduction_MAO_desc;茅国，亦作茆，周朝诸侯国，周公之子茅伯的封国，地在今山东省金乡县，茅国当为成王所封，大概在春秋兼并中被邾国占据。;;;;;;;;;;;;;x,,,,,,,,,
introduction_MIA_title;苗人起源;;;;;;;;;;;;;x,,,,,,,,,
introduction_MIA_desc;苗族的历史悠久，在中国古代典籍中，早就有关于五千多年前苗族先民的记载，苗族的先祖可追溯到原始社会时代活跃于中原地区的蚩尤部落。商周时期，苗族先民便开始在长江中下游建立“三苗国”，从事农业稻作。苗族在历史上多次迁徙，大致路线是由黄河流域至湘（湖南）、至黔（贵州）、至滇（云南）。;;;;;;;;;;;;;x,,,,,,,,,
introduction_MIN_title;闽越起源;;;;;;;;;;;;;x,,,,,,,,,
introduction_MIN_desc;远古时代，居住福建的原始人类属于海洋蒙古利亚人种。这些原始人类在距今3000年以前（相当于中原的夏商时期），已经创造出灿烂的独具特色的原始文化——闽文化。在越王允常时代，于越族有人进入福建定居。于越首领无诸统一“七闽”，自称闽越王，七闽和于越族融合而形成闽越族。;;;;;;;;;;;;;x,,,,,,,,,
introduction_MJR_title;茅津戎起源;;;;;;;;;;;;;x,,,,,,,,,
introduction_MJR_desc;茅津是古代黄河重要的渡口，在今山西平陆县西南古茅城南（今茅津村）。茅津戎是戎的一支，因位于茅津附近而得名，后被秦穆公所征服。;;;;;;;;;;;;;x,,,,,,,,,
introduction_MOU_title;牟国起源:求你好好看完好不！;;;;;;;;;;;;;x,,,,,,,,,
introduction_MOU_desc;牟国，周朝时分封的子爵国，牟国故址在今山东省莱芜市城东10公里的辛庄镇赵家泉村，春秋时期是鲁国的附属国。;;;;;;;;;;;;;x,,,,,,,,,
introduction_MZR_title;绵诸戎起源;;;;;;;;;;;;;x,,,,,,,,,
introduction_MZR_desc;西戎之一。分布于今甘肃天水市东。绵诸大约是西周末年由西东迁而进入甘肃，最后定居秦地天水的。《括地志》记载：""绵诸城，秦州秦岭县北五十六里，汉绵诸道，属天水郡。""其绵诸故城，在今天水东50里之邽山下，至今仍保留有古城遗址。天水市北道区社棠镇有绵诸村。绵诸是与秦早期立脚的秦邑及犬丘距离最近的一部，因与秦国相邻，开始与秦保持着友好关系，后臣服于秦。;;;;;;;;;;;;;x",,,,,,,,,
introduction_NAN_title;南越起源;;;;;;;;;;;;;x,,,,,,,,,
introduction_NAN_desc;南越，是百越的一支。早在商、 周时期，就有被称之为“越”的古民族（古代中国人泛称东南方蛮族为“越”，北方蛮族为“胡”），生活在现今中国的东南及南部地区。;;;;;;;;;;;;;x,,,,,,,,,
introduction_NYA_title;南燕起源;;;;;;;;;;;;;x,,,,,,,,,
introduction_NYA_desc;南燕国为姞姓，始封国君伯倏为黄帝之子，其位置在在今河南延津东北，秦汉时期时于其故地设燕县。《左传》记载春秋时史事，南燕国的出现还要早于北燕。《左传》隐公五年卫人以燕师伐郑，桓公十二年公会宋公、燕人盟于谷丘，十三年公会纪侯、郑伯及齐侯、宋公、卫侯、燕人战，齐师、宋师、卫师、燕师败绩，十八年王子克奔燕，庄公十九年卫师、燕师伐周，二十年郑伯执燕伯仲文，以其伐周之故，宣公三年郑文公有贱妾名燕姞，所说的都是南燕国。;;;;;;;;;;;;;x,,,,,,,,,
introduction_OUY_title;瓯越起源;;;;;;;;;;;;;x,,,,,,,,,
introduction_OUY_desc;瓯越是一个族称，原是我国古代东南沿海原始民族越族的分支，是“百越”的重要组成部分。亦称“东瓯”。区别于“闽越”、“南越”、“西瓯”等。瓯越地域概念，其地望包括今浙南的 温州、台州、丽水等地。;;;;;;;;;;;;;x,,,,,,,,,
introduction_PAP_title;周朝起源;;;;;;;;;;;;;x,,,,,,,,,
introduction_PAP_desc;周的祖先是黄帝曾孙帝喾,元妃姜嫄的儿子弃，即后稷。商朝初年，公刘时，周部落则已迁居于豳，到古公亶父时，迁至渭河流域之周原，卑事商王武乙，周部落兴盛于周文王昌作首领的时候，其子周武王与商朝大战于牧野。周军大胜，纣王于鹿台自焚，周朝立。\n\n初始天赋：礼乐征伐\n中原体系国家与周王交战或非法占据洛邑，都会受到debuff惩罚；不受到三军规制限制；不受到霸主纳贡或弭兵的影响；天下共主，声望+3%、正统+3%，外交能力+3\n\n解锁天赋：天子六师\n（拥有3个附庸国，声望达到50%以上，必须有威震华夏理念可解锁）士气+0.5，训练+5%，损耗-10%；\n\n第二解锁天赋：莫非王土\n（拥有10个省份以上，声望达到50%以上，必须拥有莫非王土理念，可解锁）莫非王土几率提高3倍。；;;;;;;;;;;;;;x,,,,,,,,
introduction_PUG_title;蒲国起源:求你好好看完好不！;;;;;;;;;;;;;x,,,,,,,,,
introduction_PUG_desc;蒲国，周朝诸侯之一。舜帝的子孙被封在蒲坂（今山西省永济西蒲州一带），后来他的子孙就把封邑名“蒲”作为自己的姓氏。;;;;;;;;;;;;;x,,,,,,,,,
introduction_PXS_title;彭戏氏起源;;;;;;;;;;;;;x,,,,,,,,,
introduction_PXS_desc;彭戏氏，戎族名，“戏”与“衙”古音相近，《正义》疑“彭戏”即彭衙。彭衙亦称衙，即秦汉衙县，在今陕西白水县东北。;;;;;;;;;;;;;x,,,,,,,,,
introduction_QIA_title;羌人起源;;;;;;;;;;;;;x,,,,,,,,,
introduction_QIA_desc;羌人曾是古东方大族，形成于青藏高原地区。“姜”、“姜姓”部落集团，是羌人的一个分支，是古中原的地区最著名的民族共同体之一，从传说时代的“三皇五帝”至春秋战国之际，“姜姓”族群在中原政治、经济等领域始终占有重要的地位，是“华夏族”的重要组成部分。《后汉书·西羌传》载：“西羌之本……姜姓之别也。”是西羌之一种。实际上，“姜”、“羌”本是一字，因姓氏称之“姜”，为族名称之“羌”，以羊为图腾（早先以畜牧业为主）。因“姜”、“姜姓”族群在中国上古时期显赫的历史地位，汉晋史家是有此论的。;;;;;;;;;;;;;x,,,,,,,,,
introduction_QIC_title;其国起源:求你好好看完好不！;;;;;;;;;;;;;x,,,,,,,,,
introduction_QIC_desc;不其，即主要指现在的城阳地区。远在四、五千年前就有先民在此生息繁衍。因居住此地的部落主要有两个，一为不族，一为其族，故称此地为不其。不其地区，上古为东夷之邦，夏商为莱夷之地。 齐国时期，为渔盐之所、铸币之场。 ;;;;;;;;;;;;;x,,,,,,,,,
introduction_QIN_title;秦国起源:求你好好看完好不！;;;;;;;;;;;;;x,,,,,,,,,
introduction_QIN_desc;秦国为嬴姓，国君当为少昊伯益氏之后，秦和赵源出于同一嬴姓祖先蜚廉。“蜚廉有子二人，而命其一子曰恶来，事纣，为周所杀，其后为秦。恶来弟曰季胜，其后为赵。”季胜的曾孙造父幸于周穆王。“徐偃王作乱，造父为缪王御，长驱归周，一日千里以救乱。缪王以赵城封造父，造父族由此为赵氏。”传说周孝王因秦的祖先非子善养马，因此将他们分封在秦（今甘肃天水），作为周朝的附庸。前770年，秦襄公护送周平王东迁有功，被封为诸侯，秦始建国。\n\n初始天赋：称霸西戎\n当领土数少于20时，与戎狄文化的蛮夷交战可获得额外的军事加成。当领土数打于20时，只有与5块地以上的戎狄文化蛮夷交战可获得额外的军事加成；对于西戎文化同化速度提高为三倍；\n\n解锁天赋：变法图强\n（有理念锐意变法，有顾问4星改革人士，国内有法家省份，可解锁）对于政治改革引起的守旧势力不满，持续时间全部减半；每年获得专员+0.3\n\n解锁天赋：求贤令\n（有理念锐意变法，君主内政属性大于7，战国开始，可解锁）每十年可触发一次求贤令事件；可增加一项科研投资和科研修正。\n\n解锁天赋：秦之锐士\n（商鞅变法，君主军事属性大于8，可解锁）强力的军事buff；;;;;;;;;;;;;;x,,,,,,,,,
introduction_QIG_title;齐国起源:求你好好看完好不！;;;;;;;;;;;;;x,,,,,,,,,
introduction_QIG_desc;师尚父即吕尚（姜子牙），又称太公望，辅佐周文王、周武王，是周朝开国功臣。其女邑姜为周武王夫人，生周成王。武王封师尚父于齐，故又称“姜齐”或“吕齐”。前391年，田成子四世孙田和废齐康公，并于前386年放逐齐康公于海上，自立为国君，同年为周安王册命为齐侯。国君妫姓田氏，是为田氏齐国，史称田齐。其疆域有今山东省偏北的大部，东靠海，西南和莒、杞、鲁等小国接界，北和燕接界，西和赵、卫接界，国都在临淄。\n\n初始天赋：方牧海岱\n属于青州的任何省份，如果产出鱼类和盐，将获得人口增长和经济加成；对于莱夷文化同化速度加倍；\n\n解锁天赋（春秋时期）：九合诸侯\n（是霸主，威望至少75%，恶名低于上限的25%，可解锁）作为霸主点击霸主决议扣除的威望减少10；广泛游说诸侯决议，不受到理念和年份的限制获得BUFF，外交修正+2，恶名上限+8，恶名降低+0.20，威望上升+1.5%，正统+1%\n\n解锁天赋（战国时期）：九合诸侯\n（威望大于50，拥有理念威震华夏，可解锁）作为霸主点击霸主决议扣除的威望减少10；广泛游说诸侯决议，不受到理念和年份的限制，获得BUFF，外交修正+2，恶名上限+8，恶名降低+0.20，威望上升+1.5%，正统+1%\n\n战国解锁天赋：稷下学宫\n（君主行政能力至少7，有设立官学理念，任意省份拥有学宫，进入战国时代，可解锁）可从文武二者之中选择侧重点从而获得相应的增益与减成。；;;;;;;;;;;;;;x,,,,,,,,,
introduction_QIO_title;杞国起源:求你好好看完好不！;;;;;;;;;;;;;x,,,,,,,,,
introduction_QIO_desc;杞国，是中国历史上自夏代到战国初年的一个诸侯国，国祚延绵1500多年，国君为姒姓，禹的后裔。杞国建国始于夏朝，其间时断时续，具体事迹已不可考。周朝初年，杞国重新建国，自东楼公起，有史料可考的传了二十位国君。;;;;;;;;;;;;;x,,,,,,,,,
introduction_QIY_title;仇由起源;;;;;;;;;;;;;x,,,,,,,,,
introduction_QIY_desc;亦作“ 仇犹 ”。亦作“ 仇繇 ”。春秋时国名。故地在今山西盂县东北。《韩非子·说林下》：“智伯将伐仇由，而道难不通。”《淮南子·精神训》：“夫仇由贪大钟之赂而亡其国。”《史记·樗里子甘茂列传》：“ 知伯之仇犹，遗之广车。”《通志略·氏族略二》：“ 韩子云： 仇吾国为智伯所灭，因氏焉。或作仇繇 。”;;;;;;;;;;;;;x,,,,,,,,,
introduction_QJR_title;廧咎如起源;;;;;;;;;;;;;x,,,,,,,,,
introduction_QJR_desc;廧咎如，春秋时夷国名，隗姓，赤狄别种。《左传·僖公二十三年》：“狄人伐咎如获其二女叔隗、季隗，纳诸公子 (重耳)。”王伯祥注：廧咎如“在今山西旧太原府境”。即今太原市一带。;;;;;;;;;;;;;x,,,,,,,,,
introduction_QON_title;邛国起源:求你好好看完好不！;;;;;;;;;;;;;x,,,,,,,,,
introduction_QON_desc;邛人是我国西南地区独特古老的民族，曾经控制四川凉山彝族自治州安宁河流域一带。;;;;;;;;;;;;;x,,,,,,,,,
introduction_QRO_title;犬戎起源;;;;;;;;;;;;;x,,,,,,,,,
introduction_QRO_desc;犬戎是古族名。中国古代的一个民族，即猃狁，也称西戎，活动于今陕、甘一带，猃、岐之间。在甘肃静宁县威戎（今静宁威戎镇）立都。;;;;;;;;;;;;;x,,,,,,,,,
introduction_QUA_title;权国起源:求你好好看完好不！;;;;;;;;;;;;;x,,,,,,,,,
introduction_QUA_desc;权国，是中国上古时代的一个小诸侯国，由商朝国王武丁的后裔建立，国君为子姓。国境在今湖北省内，邻近楚国。;;;;;;;;;;;;;x,,,,,,,,,
introduction_QUW_title;曲沃起源;;;;;;;;;;;;;x,,,,,,,,,
introduction_QUW_desc;前745年，晋昭侯把曲沃（在今中国山西省曲沃县）封给其叔成师，是为曲沃桓叔。前731年，桓叔去世，其子曲沃庄伯继位。前716年，曲沃庄伯去世，其子曲沃武公继位。;;;;;;;;;;;;;x,,,,,,,,,
introduction_RGO_title;芮国起源:求你好好看完好不！;;;;;;;;;;;;;x,,,,,,,,,
introduction_RGO_desc;芮国，是西周、春秋时期的一个诸侯国。 前11世纪，周武王把卿士芮伯良夫封在芮邑，位置在山西省芮城县，另有说法在陕西省大荔县朝邑镇南方。经过专家考古发现，确定陕西省渭南市韩城市昝村镇梁代村为芮国墓地。并不能算是诸侯国。 周成王在位时正式建立芮国，国君被称为芮伯，曾在周王室担任司徒的职务。 春秋时期，秦穆公灭亡了芮国。亡国后，芮国君主宗室以国为氏。;;;;;;;;;;;;;x,,,,,,,,,
introduction_RUO_title;鄀国起源:求你好好看完好不！;;;;;;;;;;;;;x,,,,,,,,,
introduction_RUO_desc;鄀国，允姓，鄀国，春秋时期一小诸侯国。位于秦国和楚国之间，最终为楚国吞并。春秋时迁到河南淅川南边内乡县境，称为下鄀。是秦楚界上的小国，曾被秦攻取鄀国都城商密，迁徙后灭于楚，以国为氏的为鄀氏。;;;;;;;;;;;;;x,,,,,,,,,
introduction_SGU_title;蜀国起源:求你好好看完好不！;;;;;;;;;;;;;x,,,,,,,,,
introduction_SGU_desc;蜀族是先秦时期一个不同于华夏族群的古老民族。尽管有本民族巴蜀图语这样的文字，但是基本没有破译。“蜀”字最早发现于商代的甲骨文中，据记载周武王伐商纣的牧野之战时，蜀人曾经相助。关于蜀国的历史在先秦文献中一直没有详细记载，较早见于西汉时期扬雄的《蜀王本纪》，直到东晋常璩的《华阳国志·蜀志》中才较详细记载了关于蜀国的历史和传说。 \n\n初始天赋：开国何迷茫\n每过15年可额为拉动一点国策；\n\n可解锁天赋：山川险要\n（灭亡巴国后，可解锁）军队损耗降低且开发蛮荒决议不需要理念国策要求。;;;;;;;;;;;;;x,,,,,,,,,
introduction_SHE_title;申国起源:求你好好看完好不！;;;;;;;;;;;;;x,,,,,,,,,
introduction_SHE_desc;申侯是周代的一个诸侯国，周穆王姬满执政时期（公元前1022～前975年待考）西巡时，叔齐子孙协助有功，亦被周穆王封侯，侯爵，因称申侯，史称其为“西申侯”，其国都故址在平阳（今陕西宝鸡眉县），后又被称作“申戎”，亦称“姜氏之戎”。是申国最先的发源地。。\n\n初始天赋：肃肃谢功\初始拥有国家专属天赋的省份决议；\n\n可解锁天赋：召伯营之\n国策偏向持盈守成越高，获得的额外的要塞防御百分比加成越高。;;;;;;;;;;;;;x,,,,,,,,,
introduction_SHI_title;邿国起源:求你好好看完好不！;;;;;;;;;;;;;x,,,,,,,,,
introduction_SHI_desc;邿国是周代东方一个附庸小国。邿国,妊姓,位于今济南市长清县一带的小国,受鲁国控制。鲁襄公十三年即公元前五六〇年夏,邿国发生内乱,分裂为三。;;;;;;;;;;;;;x,,,,
introduction_SHN_title;沈国起源:求你好好看完好不！;;;;;;;;;;;;;x,,,,,,,,,
introduction_SHN_desc;沈国 姬姓，周朝西周至春秋时代的诸侯国。沈国从聃国演化而来，聃国国都在今天开封一带。沈国在今河南平舆。聃国是周文王最小的儿子季载（武王最小的同母弟）的封国。季载贵为周成王王朝司空，位列三公。聃国是侯爵大国，国域在今河南一带，北至黄河、东至杞县（杞国）、西至荥阳（东虢）、南至淮阳（陈国）。后来先后在以徐国为首的东夷、春秋时期郑武公父子等侵扰蚕食下，逐渐南迁，在汝河流域建国沈国。;;;;;;;;;;;;;x,,,,,,,,,
introduction_SHU_title;舒国起源:求你好好看完好不！;;;;;;;;;;;;;x,,,,,,,,,
introduction_SHU_desc;在春秋时期，江淮地区，舒国、舒庸国、舒蓼国、舒鸠国、舒龙国、舒鲍国、舒龚国等小国都是周武王灭亡商朝以后，皋陶后裔受封建立的，合称群舒国，实际上，这七个国家是联合在一起的一个军事集团，可以说近乎于同一个国家。;;;;;;;;;;;;;x,,,,,,,,,
introduction_SJG_title;舒鸠国起源:求你好好看完好不！;;;;;;;;;;;;;x,,,,,,,,,
introduction_SJG_desc;舒鸠国，春秋时代吴国与楚国之间今安徽省舒城县的群舒的一支，根据孔颖达《春秋左传正义·文公十二年》所引的《世本》记载，群舒包括舒庸国、舒蓼国、舒鸠国、舒龙国、舒鲍国、舒龚国，皆为偃姓。;;;;;;;;;;;;;x,,,,,,,,,
introduction_SLG_title;舒蓼国起源:求你好好看完好不！;;;;;;;;;;;;;x,,,,,,,,,
introduction_SLG_desc;舒蓼国，春秋时代吴国与楚国之间今安徽省舒城县的群舒的一支。根据孔颖达《春秋左传正义·文公十二年》所引的《世本》记载，群舒包括舒庸、舒蓼、舒鸠、舒龙、舒鲍、舒龚，皆为偃姓。春秋时期舒蓼沦为楚国的附庸。;;;;;;;;;;;;;x,,,,,,,,,
introduction_SON_title;宋国起源:求你好好看完好不！;;;;;;;;;;;;;x,,,,,,,,,
introduction_SON_desc;宋国，周朝诸侯国，公爵，国君子姓，位于今河南商丘一带，为周朝三恪之一、春秋战国十二诸侯之一。都城商丘（今河南商丘）。周武王死后，武庚叛乱，被周公平叛杀死，另封纣王的庶兄，当年曾降周的微子启于商丘，国号宋，即宋国，以奉商朝的宗祀。 \n\n初始天赋：殷商之遗\n每拥有一个布匹省份增加1的贸易效率，当拥有五个布匹省份，将获得最高5的贸易效率以及额外0.3的陆军士气。称王之后可使用一系列强力决议buff，变身后将解锁更加强力的决议；\n\n可解锁天赋：变身殷商\n（称王后可解锁）国家变成商，且宗教为鬼神祭拜时拥有天地人的强力占卜决议;;;;;;;;;;;;;x,,,,,,,,,
introduction_SUG_title;遂国起源:求你好好看完好不！;;;;;;;;;;;;;x,,,,,,,,,
introduction_SUG_desc;古国名。夏朝封虞舜的后裔于遂，历夏、商、西周三代。周武王时封舜的后裔于遂（山东省宁阳、肥城一带），是鲁国的附庸国，史书记载主要在孔子所著的《春秋》上。;;;;;;;;;;;;;x,,,,,,,,,
introduction_SUI_title;随国起源:求你好好看完好不！;;;;;;;;;;;;;x,,,,,,,,,
introduction_SUI_desc;相传早在女娲开天辟地时，就有一个名为随的人，他的后代就以随为姓。至周代，王族中有一支被分封于随（今湖北随州），建随国，侯爵，为周诸侯国之一。周末，并于楚，原随国贵族有人以随为姓。另外，春秋战国时，原陶唐氏之后杜伯的玄孙士会在晋国担任士大夫职务，以随为食邑，史称随会。他受封的地方在今山西介休东，子孙留居于此，也姓随。至隋朝初年，上述三支随姓人大都随例改为隋姓，并进一步发展成为当今隋姓主体。;;;;;;;;;;;;;x,,,,,,,,,
introduction_SUS_title;肃慎起源;;;;;;;;;;;;;x,,,,,,,,,
introduction_SUS_desc;肃慎，中国古代东北民族，是现代满族的祖先。又称息慎、稷慎。传说舜、禹时代已与中原有联系。周武王时，肃慎贡“楛矢石砮”，臣服于周。商、周时分而于我国的黑龙江、乌苏里江流域和长白山一带。大体分布在今长白山以北，西至松嫩平原，北至黑龙江中下游的广大地域。;;;;;;;;;;;;;x,,,,,,,,,
introduction_SYG_title;舒庸国起源:求你好好看完好不！;;;;;;;;;;;;;x,,,,,,,,,
introduction_SYG_desc;舒庸国，偃姓，群舒之一，都是周武王灭亡商朝以后，皋陶后裔受封建立的。其中舒人的一部分与庸人融合，称舒庸国。;;;;;;;;;;;;;x,,,,,,,,,
introduction_TAG_title;郯国起源:求你好好看完好不！;;;;;;;;;;;;;x,,,,,,,,,
introduction_TAG_desc;郯国，周朝诸侯之一，子爵，嬴姓。首都位于郯城，亦称“碌碡城”。传说当时郯子在抵御外侵，修城墙时，因信巫术，于城墙基部埋了万只碌碡，以求永固，郯城因而得名。 郯国的祖先是黄帝之子少昊氏。;;;;;;;;;;;;;x,,,,,,,,,
introduction_TAN_title;谭国起源:求你好好看完好不！;;;;;;;;;;;;;x,,,,,,,,,
introduction_TAN_desc;谭国是周朝的一个诸侯国。周朝初年大封诸侯的时候，周武王分封了谭国，位置在山东省章丘市西，子爵爵位。因为国势一直不盛，不久成为齐国附庸国。;;;;;;;;;;;;;x,,,,,,,,,
introduction_TEN_title;滕国起源:求你好好看完好不！;;;;;;;;;;;;;x,,,,,,,,,
introduction_TEN_desc;古国国名，一般指中国历史上春秋战国时期的一个诸侯国，国君为姬姓；还有上古黄帝和于西汉的同名封国。公元前1046年立国。公元前414年被越王朱勾所灭，不久复国。后又被宋（一说齐）灭掉。共传23世。始封祖是周文王之子错叔绣。滕国君主为姬姓。周武王在灭商之后，而封其宗亲及功臣为诸侯。其中叔绣（即周文王姬昌第十四子）被封于滕，是为滕叔绣。古滕城是滕国的首都，距离山东滕州7公里。有一种观点是，滕始封可能在卫地，后改封山东。;;;;;;;;;;;;;x,,,,,,,,,
introduction_TUH_title;屠何国起源:求你好好看完好不！;;;;;;;;;;;;;x,,,,,,,,,
introduction_TUH_desc;屠何属东北夷之一支，文化形态为东夷文化；屠何是与孤竹、令支、无终、山戎、东胡同期同代并存于史的族群，记录清楚，不容混淆；在图腾崇拜上与东胡相近，表明在血缘关系上与华夏有熊氏部族、东胡部族均有某种联系；在地域上与孤竹、令支、无终、山戎、东胡相近相接，呈犬牙交错状态。;;;;;;;;;;;;;x,,,,,,,,,
introduction_WEG_title;卫国起源:求你好好看完好不！;;;;;;;;;;;;;x,,,,,,,,,
introduction_WEG_desc;卫国，周王朝的同姓诸侯国之一。姬封，康氏、卫氏、子南氏、冷氏始祖康叔为卫国第一代国君。卫国地域大致在黄河北岸，太行山脉东麓的今河南省鹤壁南、新乡北附近（今卫辉市附近）。周公旦伐定三监之乱，以弟弟康叔封为卫国诸侯，分殷商之民，护卫周王室。周公旦又将原来商都周围地区和殷民七族封给康叔封，让康叔迁徙至殷商故都，建立卫国，定都朝歌（今河南鹤壁市淇县）为康氏最早的发源地。\n\n初始天赋：殷商卜筮\n拥有卜筮的能力（随时可以占卜吉凶，有几率获得各种不同效果，可以根据buff来决定下一步决策）；\n\n可解锁天赋：卫多君子\n（文化科技至少16；君主外交能力7；和平状态且恶名小于上限的20%，可解锁）不会触发任何君主和顾问冲突事件、国策理念与顾问冲突事件； 高级顾问所触发良性修正事件（详见顾问说明书），几率翻倍；;;;;;;;;;;;;;x,,,,,,,,,
introduction_WEI_title;魏国起源:求你好好看完好不！;;;;;;;;;;;;;x,,,,,,,,,
introduction_WEI_desc;魏国的始祖是毕公高（周文王第十五子），周武王伐纣之后，毕高被封在毕，后代于是就以毕为姓。毕高之后毕万封于魏地是为魏氏之祖。是轩辕黄帝的嫡裔。魏国君主姬姓，文王之子毕公高之后，传至毕万事晋献公（前676年—前651年），晋献公十六年（前661年）以魏封毕万，为大夫，世为晋卿。周威烈王二十三年（魏文侯四十四年，前403年）始命魏桓子之子魏文侯斯为诸侯。\n\n初始天赋：改革先驱\n是唯一一个在初始剧本即完成私田制度，郡县制度，封君制度改革的国家。\n\n解锁天赋：变法先驱\n开局可无条件进行魏国的变法，直接成为军改国家。 ;;;;;;;;;;;;;x,,,,,,,,,
introduction_WEN_title;温国起源:求你好好看完好不！;;;;;;;;;;;;;x,,,,,,,,,
introduction_WEN_desc;温国，东周王畿之内的小国。始祖为周武王的司寇苏忿生。温国都邑为温邑，国君称温子 ，或以国君苏氏而称苏子。温国国君苏子为周朝大夫。周惠王二年（前675年），周朝爆发王子颓之乱，苏子是拥护王子颓作乱的周朝五大夫之一，作乱未成，五大夫先到苏子的温邑，然后苏子奉王子颓出奔卫国，卫国和南燕国联合讨伐周惠王，立王子颓为王，周惠王被迫流亡郑国。两年后也就是公元前673年，郑厉公和虢国君主讨伐王子颓，杀五大夫，则苏子死于此难 ，温国苏氏国君不再为周朝大夫。;;;;;;;;;;;;;x,,,,,,,,,
introduction_WEO_title;魏国起源:求你好好看完好不！;;;;;;;;;;;;;x,,,,,,,,,
introduction_WEO_desc;魏国，是周武王灭商后分封的诸侯国。国君为姬姓。魏国故地在今山西芮城县北。;;;;;;;;;;;;;x,,,,,,,,,
introduction_WUG_title;吴国起源:求你好好看完好不！;;;;;;;;;;;;;x,,,,,,,,,
introduction_WUG_desc;周太王生有长子太伯，次子仲雍和小儿子季历。季历的儿子昌聪明早慧，深受太王宠爱。周太王想传位于昌，但根据当时传统应传位于长子，太王因此郁郁寡欢。泰伯明白父亲的意思后，就和二弟仲雍借为父采药的机会一起逃到荒凉的江南，定居于梅里（今江苏无锡的梅村），自创基业，建立了勾吴古国。商朝灭亡后，周朝建立，周武王欲封仲雍曾孙周章和虞仲为诸侯，而周章已经已经君吴，故封周章弟虞仲于虞（今陕西平陆）。\n\n初始天赋：季札让国\n不经历摄政时期，继承人未成年会自动产生姬姓成年君主即位，并带来额外的稳定；\n\n初始天赋：鱼米之乡\n每个粮食、鱼提升百分之1贸易商人竞争成功率，粮食、鱼+4税收 \n\n解锁天赋：伍员奔吴\n（是中原信仰，是中原科技组，国家威望至少50%，可解锁）在春秋时期，如果总科技落后任意大国（12省以上）10级以上，可以获得科技减成buff；对楚国作战时可以获得额外的军事buff。 \n\n战国解锁天赋：孙子兵法\n（进入战国，陆军传统达到60%，有5星兵法名家。可解锁）。可获得永久性将领属性加强buff。;;;;;;;;;;;;;x,,,,,,,,,
introduction_WUS_title;乌氏起源;;;;;;;;;;;;;x,,,,,,,,,
introduction_WUS_desc;乌氏(zhī),战国时期我国北方民族名，分布于今甘肃省平凉县一带。《资治通鉴》、《史记》、《左传》中均有记载，如：“...先是时，天下冠带之国七，而三国边于戎狄：秦自陇以西有绵诸、绲戎、翟、豲之戎，岐、梁、泾、漆之北有义渠、大荔、乌氏、朐衍...”;;;;;;;;;;;;;x,,,,,,,,
introduction_WUZ_title;无终国起源:求你好好看完好不！;;;;;;;;;;;;;x,,,,,,,,,
introduction_WUZ_desc;约公元前十一世纪，周武王兴兵除暴，剿灭商纣，建立周朝。为安定天下，加强统治，周武王对兴兵伐纣战争中的有功之臣，按战功大小，分公、侯、伯、子、男五个爵位按级封侯。当时，少数民族山戎族一支部落的首领被封为子爵，封地无终山。在无终山（今河北玉田县城西北6.7公里处）一带建立了无终子国。;;;;;;;;;;;;;x,,,,,,,,,
introduction_XBG_title;西不羹起源;;;;;;;;;;;;;x,,,,,,,,,
introduction_XBG_desc;姬姓羹国在今河南舞阳。古之“谢”族；又为“郎”族，既古之“狼”族，到夏商时从贵州迁徙至中原，到周朝时建立不羹国；羹国分东不羹国和西不羹国。西不羹国位于襄城县范湖乡宋庄尧城岗上，也叫尧城，为春秋时楚国古城遗址，属龙山文化遗址。县级文物保护单位。;;;;;;;;;;;;;x,,,,,,,,,
introduction_XGG_title;小虢国起源:求你好好看完好不！;;;;;;;;;;;;;x,,,,,,,,,
introduction_XGG_desc;春秋初年在西虢的故土仍有一个名“虢”的小国。《史记·秦本纪》载：武公十一年（公元前687年），初县杜、郑，灭小虢。春秋时小虢的属地在今陕西麟游县西北和凤翔县北部，仍在西虢的故土之内。《史记·秦本纪》《正义》引《舆地志》云：“此虢文王母弟虢叔所封，是曰西虢。按：此虢灭时，陕州之虢犹谓之小虢。又云：小虢，羌之别种。”当时的“小虢”明指“杜、郑”之虢，不应与陕州之虢相混。这说明文王弟虢叔所封的西虢，在西周晚期东迁后，留下的一支仍居于原地，直至春秋中叶秦武公初行郡县制时才被灭掉。;;;;;;;;;;;;;x,,,,,,,,,
introduction_XGO_title;邢国起源:求你好好看完好不！;;;;;;;;;;;;;x,,,,,,,,,
introduction_XGO_desc;邢国是周公第四子的封国，地在今河北省邢台市，周成王所封，姬姓，侯爵。邢国先后传二十世，历五百余年，国都邢台。疆域主要在太行山以东，滹沱河以南，漳河以北，故黄河以西，包含今邢台全部，兼涉石家庄、衡水、邯郸、临清之一隅，面积约2万平方公里的地域。邢国是西周王朝封建的诸侯国之一，在当时我国北方占有重要地位。;;;;;;;;;;;;;x,,,,,,,,,
introduction_XGU_title;弦国起源:求你好好看完好不！;;;;;;;;;;;;;x,,,,,,,,,
introduction_XGU_desc;弦国，周代的一个较弱小的诸侯国，子爵，隗姓。首都在弦(河南省潢川县西北，息县南）。;;;;;;;;;;;;;x,,,,,,,,,
introduction_XHM_title;休溷起源;;;;;;;;;;;;;x,,,,,,,,,
introduction_XHM_desc;在赵国西北，林胡所居的榆中以北，黄河以西，有貉族的河宗氏和休溷诸貉。《史记·赵世家》所记神话，讲到赵襄子得到霍太山天使藏在竹节中的“朱书”，预言赵的后世将有“伉王”（即指赵武灵王），“奄有河宗，至于休溷诸貉”。河宗就是《穆天子传》所说的河宗氏，而休溷诸貉当指赵武灵王“胡服骑射”后，攻略九原云中所居的貉族。“休”与“九”，“溷”与“云”，古音相通，九原和云中该即从原地名休和溷转变而来。;;;;;;;;;;;;;x,,,,,,,,,
introduction_XIA_title;萧国起源:求你好好看完好不！;;;;;;;;;;;;;x,,,,,,,,,
introduction_XIA_desc;据《史记·宋微子世家》记载，宋湣公十年(公元前682年)夏，宋国在攻打鲁国时，宋国猛将南宫万被鲁国俘虏，后经请求，才将南宫万放回。次年秋，宋湣公带南宫万外出打猎，因游戏而发生争吵。湣公怒，用侮辱性的语言说南宫万做过俘虏。南宫万恼羞成怒将宋湣公打死，更立公子游为君。宋国诸公子见势不妙，大多数逃到萧(今安徽萧县西北)，公子御说逃到亳。萧邑大夫大心，子姓，是宋国公族子弟，他与诸公子共同组成一支军队，于当年冬天击杀南宫万之弟南宫中和新君游，立御说为君，是为宋桓公。大心因在这次平乱中有功，受封在萧地建立萧国，称为“萧叔大心”，为宋国的附庸国。 ;;;;;;;;;;;;;x,,,,,,,,,
introduction_XIG_title;息国起源:求你好好看完好不！;;;;;;;;;;;;;x,,,,,,,,,
introduction_XIG_desc;息国，周代的诸侯国，姬姓，侯爵，春秋初期为楚文王所灭，其地被楚国设置为县。息国国都在今河南息县城西南6公里的青龙寺。夏商时期，已建立了息国，号称千乘之国，北结齐郑、南抗荆楚。;;;;;;;;;;;;;x,,,,,,,,,
introduction_XIY_title;鲜虞起源;;;;;;;;;;;;;x,,,,,,,,,
introduction_XIY_desc;春秋时白狄的一支，常受晋国的侵犯。分布在今河北境内，以河北平山为中心。春秋末年建立中山国。;;;;;;;;;;;;;x,,,,,,,,,
introduction_XNC_title;项国起源:求你好好看完好不！;;;;;;;;;;;;;x,,,,,,,,,
introduction_XNC_desc;项国 姬姓，在今河南省项城县一带。《左传·传公十七年》载，前643年鲁国在淮与齐、宋，陈、卫等国会盟后，派军队灭掉项国。项远鲁国近楚国，鲁虽灭之却鞭长莫及，项地遂并入楚国。楚成王芈恽把项地封给庶子芈燕，建立新的项国以便稳固统治。芈燕后裔遂以国名为氏，这是项姓的由来。项羽即其后代。;;;;;;;;;;;;;x,,,,,,,,,
introduction_XNG_title;向国起源:求你好好看完好不！;;;;;;;;;;;;;x,,,,,,,,,
introduction_XNG_desc;向国，姜姓，在莒南县大店西南，包括临沂部分，临沭部分。;;;;;;;;;;;;;x,,,,,,,,,
introduction_XOU_title;西瓯起源;;;;;;;;;;;;;x,,,,,,,,,
introduction_XOU_desc;西瓯,　又叫西越或瓯越。《壮族通史》战国晚期，有一支越人大部落活动于浙江东部瓯江流域一带，历史上称为东瓯。当时岭南地区桂江和浔[xún]江流域一带也有一支越人大部落，为了与东瓯的越人相区别，人们便称之为西瓯或西越。根据出土记载湘南资兴等地亦有西瓯墓出土。;;;;;;;;;;;;;x,,,,,,,,
introduction_XSG_title;西申国起源:求你好好看完好不！;;;;;;;;;;;;;x,,,,,,,,,
introduction_XSG_desc;驻留在大河一带未迁走的叔齐之子孙，后来渡过大河，移到陕西地区故邰国、扶风之地聚群而居，在周穆王姬满执政时期（公元前1022～前975年待考）西巡时，叔齐子孙协助有功， 亦被周穆王封侯，侯爵，因称申侯，史称其为“西申国”，其国都故址在平阳（今陕西宝鸡眉县），后又被称作“申戎”，亦称“姜氏之戎”。在西周末期的周幽王姬宫湦十一年（公元前771年），当太子姬宜臼被废之后与母亲逃奔西申以求外公申侯之助时，申候联合了鄫国、犬戎进攻西周王室并杀了周幽王、灭了西周王朝。公元前704年，西申国被秦国吞灭，王族子孙以及国人亦有以故国名为姓氏者，称申氏。;;;;;;;;;;;;;x,,,,,,,,,
introduction_XUE_title;薛国起源:求你好好看完好不！;;;;;;;;;;;;;x,,,,,,,,,
introduction_XUE_desc;薛国是古代黄河下游的一个历史悠久的小国。据《通志·氏族》称:""颛帝少子阳封于此，故以为姓，夏朝时期，阳的第十二世孙奚仲亦封于薛。”《左传》载“薛之皇祖奚仲居薛以为夏车正”，故后人称奚仲为中国造车鼻祖。西周初年，“周武王封任姓后裔畛，复于薛国，爵为侯”;;;;;;;;;;;;;x",,,,,,,,,
introduction_XUG_title;许国起源:求你好好看完好不！;;;;;;;;;;;;;x,,,,,,,,,
introduction_XUG_desc;许国，姜姓许氏诸侯国。爵位是男爵，它是至今唯一可确定为男爵的周代诸侯国。管辖范围，从都城向四周辐射，方圆30公里左右，包括今许昌县及临颍县北、鄢陵县西南这一广大地域，作为“中原之中”，在地理位置上有着无与伦比的优势。;;;;;;;;;;;;;x,,,,,,,,,
introduction_XUN_title;郇国起源:求你好好看完好不！;;;;;;;;;;;;;x,,,,,,,,,
introduction_XUN_desc;郇国，周文王的第十七子的封国，地在今山西临猗县西南之铁匠营。;;;;;;;;;;;;;x,,,,,,,,,
introduction_XZG_title;小邾国起源:求你好好看完好不！;;;;;;;;;;;;;x,,,,,,,,,
introduction_XZG_desc;春秋时期，邾武公夷父颜有功于周王朝，周王封他的庶子友来 ，在商代子姓方国（诸侯国）的废墟上立国，国号仍叫倪国，国都 城近靠梁水，即现在的荆河，遗址在今滕州市区龙泉塔东侧一里的小邾城街。友的子孙三代一直居 城为国君。到友的曾孙 犁来第四代国君时，始东迁四十周里建城立国，城初名犁来城、倪犁城，其后也被呼为倪城。公元前653年，倪犁来始得周王之命晋封“子”爵。倪犁来晋爵后，与邾国爵位相同，而且是同宗之国，为表示自己的国家由同宗邾国分立而建，国号又有区分，倪犁来更改国号，把倪国更名为小邾国。;;;;;;;;;;;;;x,,,,,,,,,
introduction_YAG_title;养国起源:求你好好看完好不！;;;;;;;;;;;;;x,,,,,,,,,
introduction_YAG_desc;养国，西周时期为嬴姓小国，伯爵，国君称养伯，故址在汝南郡沈丘县东一带。;;;;;;;;;;;;;x,,,,,,,,,
introduction_YAN_title;燕国起源:求你好好看完好不！;;;;;;;;;;;;;x,,,,,,,,,
introduction_YAN_desc;燕国，公元前11世纪周天子分封的诸侯国，姬姓，开国君主是燕召公奭（周文王第五子）。在今北京、河北北部、辽宁西部一带。建国以后与中原各地来往甚少，文化较齐国、晋国等中原大国落后，在春秋初年的山戎入侵中更是险些亡国，凭借齐国“尊王攘夷”的军事帮助才得以保全。战国时成为战国七雄之一，燕昭王时，随著国力的强大，疆域也大为拓展。向南占领了中山北境一带，向东拓地千里，直到辽东。\n\n初始天赋：三都并进\n重点地区影响范围内可以获得一个兼具经济和军事意义的buff，并且有效降低蛮夷侵袭风险\n\n解锁天赋：千金马骨\n（战国开始，有广开言路buff，完成昭王图强变法，君主外交至少7，可解锁）可以拥有第四个顾问（实质是可以通过文化决议花费金钱换取一个类似于顾问的国家buff）;;;;;;;;;;;;;x,,,,,,,,,
introduction_YGG_title;阳国起源:求你好好看完好不！;;;;;;;;;;;;;x,,,,,,,,,
introduction_YGG_desc;阳国，一般指春秋战国时期的阳国，属于诸侯国，封侯爵。也有姓氏，或为偃姓，或为御姓。阳国国都在今山东沂南县砖埠乡黄疃村。;;;;;;;;;;;;;x,,,,,,,,,
introduction_YGO_title;越国起源:求你好好看完好不！;;;;;;;;;;;;;x,,,,,,,,,
introduction_YGO_desc;越国，姒姓。大禹巡行天下，登上会稽山朝见四方诸侯，死后就葬在这里。至少康时，担心大禹后代香火断绝，便封其庶子于越，号曰：“无余”。无余传世十余代，末君微劣，不能自立，转从众庶为编户之民，禹祀已绝。又十余代，有人自承禹王之后，重修前君祭祀，重复禹墓之祀，为民请福于天，以通鬼神之道。因祀封立，承越君之后，复夏王之祭，号曰无壬。后传多世，至越王勾践，称霸诸侯。\n\n初始天赋：千年国祚\n一旦出现非姒姓的君主得到王位，会出现姒姓高能力君主取代；异文化国家占领越国核心领土（伍员奔吴剧本中越国10省），当地会产生额外百年debuff\n\n解锁天赋：卧薪尝胆\n（是中原信仰，恶名低于上限的30%，人力百分比不足40%，可解锁）春秋时期，被附庸或者存在邻国比自己强大，可以获得强力的国力增长决议；作为AI有更高的反叛倾向\n\n战国解锁天赋：铸造之功\n（进入战国，工业科技40，军事科技40。可解锁）永久不会进口铜矿，且训练度永久增加10%。;;;;;;;;;;;;;x,,,,,,,,,
introduction_YIC_title;英国起源:求你好好看完好不！;;;;;;;;;;;;;x,,,,,,,,,
introduction_YIC_desc;英国，是中国历史上周代的诸侯国，为皋陶之后裔，偃姓，入春秋时期后沦为楚国的附庸。;;;;;;;;;;;;;x,,,,,,,,,
introduction_YIG_title;夷国起源:求你好好看完好不！;;;;;;;;;;;;;x,,,,,,,,,
introduction_YIG_desc;夷国，故址在山东即墨西六十里，妘姓小国，是东夷的一支。。《左传》载：鲁隐公元年(前722)“八月,纪(都城在今山东寿光境内)人伐夷。”其后再无记载。当于是年为纪国所灭。;;;;;;;;;;;;;x,,,,,,,,
introduction_YIN_title;应国起源:求你好好看完好不！;;;;;;;;;;;;;x,,,,,,,,,
introduction_YIN_desc;西周武王姬发封四子姬达（出自雍妃）为应候，尔后立国为应国（今河南省宝丰以东、鲁山东南及平顶山市区、叶县、郏县、襄城一带），并以鹰为族徽，子孙以国为姓。姬达更名为应叔，字儒林，号仁寿讳韩，即应氏太始祖。;;;;;;;;;;;;;x,,,,,,,,,
introduction_YLG_title;夜郎起源;;;;;;;;;;;;;x,,,,,,,,,
introduction_YLG_desc;夜郎是我国秦汉时期在西南地区由少数民族建立的一个国家。西汉以前，夜郎国名无文献可考。夜郎之名第一次问世，大约是在战国时期，楚襄王（公元前298年一前262年）派“将军庄跃溯沉水，出且兰（今贵州福泉市），以伐夜郎王”，“且兰既克，夜郎又降”。;;;;;;;;;;;;;x,,,,,,,,,
introduction_YLR_title;伊洛之戎起源;;;;;;;;;;;;;x,,,,,,,,,
introduction_YLR_desc;戎人的一支，泛指伊洛之间的扬拒、泉皋、伊洛之戎，曾经多次位于洛邑的周王室，后被晋楚多次征伐而灭亡。;;;;;;;;;;;;;x,,,,,,,,,
introduction_YNG_title;杨国起源:求你好好看完好不！;;;;;;;;;;;;;x,,,,,,,,,
introduction_YNG_desc;周宣王时期，宣王将子长父封到杨国（今山西省洪洞县），为杨侯，侯爵。杨国后被晋献公所灭，杨被封给献公之弟伯侨，成为后来的羊舌氏家族。;;;;;;;;;;;;;x,,,,,,,,,
introduction_YOG_title;雍国起源:求你好好看完好不！;;;;;;;;;;;;;x,,,,,,,,,
introduction_YOG_desc;雍国原为商代诸侯国，子姓，是武王伐纣后改封文王第十三子于雍。雍国都城位于汉代河内郡山阳境内，今河南焦作市西南7公里的朱村乡府城村。村西北200米处现存府城遗址，城垣方形，面积约8万平方米。调查发掘证实，此城始建于夏末商初，沿用于东周时期。这里北望太行，南邻黄河，是夏末商初黄河北边夏商文化交汇处，商王畿西部的田猎区，也是东周时期晋国东进黄河下游，与齐楚争霸的战略要地。;;;;;;;;;;;;;x,,,,,,,,,
introduction_YON_title;庸国起源:求你好好看完好不！;;;;;;;;;;;;;x,,,,,,,,,
introduction_YON_desc;庸，中华古国名。古庸国所处的长江中下游流域是中国古代文明的一个发祥地，与黄河流域的古殷商之地一样，同是中华文化之摇篮。古庸国曾经盛极一时，建都上庸（今湖北省竹山县西南一带），《括地志》载：方城山，庸之都城。其山顶上平，四面险峻，山南有城，长十余里，名曰方城。\n\n初始天赋：南风之熏兮\n增加贸易效率和距离的buff。；\n\n解锁天赋：牧誓之首\n（国策尚今/崇古大于4点决议获得效果）效果为奖励耕战。;;;;;;;;;;;;;x,,,,,,,,,;;;;;;;;;;;;;x,,,,,,,,,
introduction_YQU_title;义渠起源;;;;;;;;;;;;;x,,,,,,,,,
introduction_YQU_desc;义渠国指在今甘肃、陕西和宁夏一带，从远古起就活动着许多名称各异的游牧民族。据《后汉书·西羌列传》概述：“及平王之末，周遂陵迟，戎逼诸夏。自陇山以东，及乎伊洛，往往有戎。於是渭首有狄獠圭冀之戎，泾北有义渠之戎，洛川有大荔之戎，渭南有骊戎，伊、洛间有杨拒、泉皋之戎。”这些众多的戎、狄族，在春秋时期，尚处于从原始社会向封建社会的过渡时期，文化落后于中原地区，常以游牧为生。\n\n初始天赋：侵略成性\n战争状态下获得-0.12厌战BUFF。；\n\n解锁天赋：马背民族\n（拥有天水在内20个省份,完成任意军改，可解锁）将领冲击力+1，战马省份/0.1士气加成，上限0.5点士气。;;;;;;;;;;;;;x,,,,,,,,
introduction_YUA_title;原国起源:求你好好看完好不！;;;;;;;;;;;;;x,,,,,,,,,
introduction_YUA_desc;原国，古代中国周朝中原诸侯国。遗址在今天的河南省济源市。姬姓，伯爵，首任君主为周武王之弟原伯和春秋时期的国君原庄公。;;;;;;;;;;;;;x,,,,,,,,,
introduction_YUE_title;月氏起源;;;;;;;;;;;;;x,,,,,,,,,
introduction_YUE_desc;起源于乌拉尔山、南西伯利亚一带，居于河西走廊、祈连山古代原始印欧人种游牧部族，亦称“月支”“禺知”。月氏于公元前二世纪为匈奴所败，西迁伊梨河、楚河一带，后又败于乌孙，遂西击大夏，占领妫水（阿姆河）两岸，建立大月氏王国。;;;;;;;;;;;;;x,,,,,,,,,
introduction_YUG_title;虞国起源:求你好好看完好不！;;;;;;;;;;;;;x,,,,,,,,,
introduction_YUG_desc;虞国，周初武王所封诸侯国，姬姓，在今山西省南部夏县和平陆北一带。因为吴国也叫做虞国，所以这个虞国叫做北虞。也有人认为，虞国是陕西省陇县地区西周时期矢国的后代。始封君为周太王古公亶父之子仲雍的曾孙虞仲（排行第二，受封于虞，故曰虞仲）。;;;;;;;;;;;;;x,,,,,,,,,
introduction_YUN_title;郧国起源:求你好好看完好不！;;;;;;;;;;;;;x,,,,,,,,,
introduction_YUN_desc;郧国，“亦作鄢国”。西周时期封胃的南方近楚小国之一。统治地域，在今湖北省安陆市一带地区，与今应山，京山，孝感、云梦、应城，随州等市县接壤。;;;;;;;;;;;;;x,,,,,,,,,
introduction_YUO_title;鄅国起源:求你好好看完好不！;;;;;;;;;;;;;x,,,,,,,,,
introduction_YUO_desc;鄅国都在今山东临沂城北8公里的鄅古城村。鄅国为妘姓国，妘姓是祝融八姓之一。鄅国西周时立国，爵位为子爵。 鄅国曾为邾国的附庸。;;;;;;;;;;;;;x,,,,,,,,,
introduction_YXU_title;徐国起源:求你好好看完好不！;;;;;;;;;;;;;x,,,,,,,,,
introduction_YXU_desc;徐国，是西周、春秋时代的诸侯国之一，国君为嬴姓。又称徐戎，亦称徐夷或徐方。夏代至周代，分布在今淮河流域（今山东郯城一带）。夏朝禹时，伯益因为辅佐禹治水有功，他的儿子嬴若木受封于“徐”（今邳郯地区），建立了徐国。
\n\n解锁天赋：东夷霸主\n做完任意收复故土任务触发，效果为高星伯乐之才顾问。;;;;;;;;;;;;;x,,,,,,,,,
introduction_YYG_title;扬越起源;;;;;;;;;;;;;x,,,,,,,,,
introduction_YYG_desc;百越的一支。战国至魏晋时为对越人的泛称。其居地说法不一:一说因曾广泛散布于古扬州而得名，故亦以称其居地;一说居岭南;一说居江汉一带地区。西周末周夷王时，楚君熊渠曾兴兵伐庸，扬越，至于鄂，扬越之北疆汉水地区被兼并，后为楚所并，楚王熊渠封其子为越章王，其封国当即扬越之故地。;;;;;;;;;;;;;x,,,,,,,,,
introduction_ZGO_title;郑国起源:求你好好看完好不！;;;;;;;;;;;;;x,,,,,,,,,
introduction_ZGO_desc;郑国，别名奠国，国君姓姬，伯爵。春秋战国时期重要诸侯国。周宣王二十二年封周厉王幼子友于郑（今陕西华县的东方），史称郑桓公。周幽王时期，郑桓公身为周王室的司徒，看出西周马上就要灭亡，在太史伯的建议下，于桓公三三年（前774年）将郑国财产、部族、宗族连同商人、百姓迁移到东虢国和郐之间（今河南嵩山以东），在今河南省荥阳市，这是郑国历史上有名的大迁移，在荥阳筑城邑曰“京”。后郑桓公之子郑武公于公元前769年灭郐，公元前767年灭虢（东虢）及其他附庸国，到了公元前765年，将都城迁往溱洧（现在河南新郑一带），称为新郑。 \n\n初始天赋：春秋首霸\n不受到与周王交战、非法占据洛邑的惩罚；继承霸主获得额外的+5霸主威望；且会根据活动的商人数来增强间谍效率。\n\n可解锁天赋：郑商卫国\n（拥有5个商人，拥有10个在贸易中心的商人，可解锁）获得一个商业buff，战争期间可以获得向商人贷款五年的文化决议（无利息，但不偿还会有较大代价）\n\n可解锁天赋：郑商四海\n（四海通商大于4，士卿政治大于4，君主内政大于6，外交大于6，拥有理念端木遗风），极大程度加强商业能力。BUFF如下：增加贸易距离20%，商人数量+0.5;;;;;;;;;;;;;x,,,,,,,,,
introduction_ZHA_title;鄣国起源:求你好好看完好不！;;;;;;;;;;;;;x,,,,,,,,,
introduction_ZHA_desc;鄣国，中国历史上春秋时代的一个诸侯国，公爵爵位，国君为姜姓，建国君主是鄣穆公，乃齐太公姜尚支孙。势力范围大约于齐、楚之间，后来被纪国收为附庸。由鄣胡公亡国。;;;;;;;;;;;;;x,,,,,,,,,
introduction_ZHG_title;周国起源:求你好好看完好不！;;;;;;;;;;;;;x,,,,,,,,,
introduction_ZHG_desc;周幽王烽火戏诸侯命丧骊山之后，合法的太子伯服一并丧命。其后申侯、鲁侯、许文公立平王于申，虢公翰立王子余臣于携。周二王并立。二十一年携王为晋文侯所杀。 ;;;;;;;;;;;;;x,,,,,,,,,
introduction_ZHL_title;钟离国起源:求你好好看完好不！;;;;;;;;;;;;;x,,,,,,,,,
introduction_ZHL_desc;关于钟离国的记载，史料匮乏。.《史记·秦本纪》作“终黎”，嬴姓之国。一般说来是在西周的时候，由伯益的后代受封建而建立，是西周、春秋时代的诸侯国之一，国君为嬴姓。;;;;;;;;;;;;;x,,,,,,,,,
introduction_ZHO_title;赵国起源:求你好好看完好不！;;;;;;;;;;;;;x,,,,,,,,,
introduction_ZHO_desc;赵国，战国七雄之一，国君为嬴姓赵氏，原为赵侯，公元前325年称赵王（按照周礼只有周天子才能称王，但楚、吴、越三国的君主在春秋时期就已经称王，到了战国各大强国的国君相继称王）。公元前403年，韩、赵、魏三家分晋，周威烈王封赵烈侯赵籍为诸侯立国。\n\n初始天赋：赵氏不绝\n如果赵国王位无继承人或异姓当政，可以在民间寻找赵氏遗孤，获得一个赵姓高能力继承人\n\n解锁天赋：将相和\n（战国开始，国家已经称王，可解锁）同时拥有三星一代名相和三星卓越将领2个顾问时，获得一个强力的军事BUFF。;;;;;;;;;;;;;x,,,,,,,,,
introduction_ZHS_title;中山国起源:求你好好看完好不！;;;;;;;;;;;;;x,,,,,,,,,
introduction_ZHS_desc;中山国，前身为北方狄族鲜虞部落，姬姓。国土嵌在燕赵之间。经历了戎狄、鲜虞和中山三个发展阶段，在每个阶段都被中原诸国视为华夏的心腹大患，经历了邢侯搏戎，晋侯抗鲜虞的事件。\n\n初始天赋：城中有山\n要塞防御力+50%，那个省份拥有4级要塞，获得省份本地增加10%工业效率，人口增加1%的Buff.；\n\n解锁天赋：欺而变强\n（完成任意一项变法，可解锁）当军队不足上限的40%，后备不足上限的50%时。可获得为期三年的强力军事buff;;;;;;;;;;;;;x,,,,,,,,,
introduction_ZHU_title;邾国起源:求你好好看完好不！;;;;;;;;;;;;;x,,,,,,,,,
introduction_ZHU_desc;邾国是子爵国，也史称邾子国，东周时期著名方国之一，是鲁国的一个附属国。邾国的先祖是晏安，晏安的五世孙侠始封曹称曹侠，是曹姓国，晏安的十二世孙是夷父颜。夷父名克，字颜，另字伯颜，谥号邾武公，史称邾子夷父或邾颜公。;;;;;;;;;;;;;x,,,,,,,,,
introduction_ZKG_title;牂牁起源;;;;;;;;;;;;;x,,,,,,,,,
introduction_ZKG_desc;西南地区小国之名。晋常璩 《华阳国志·南中志》：“ 周之季世，楚威王遣将军庄蹻，泝沅水出 且兰以伐夜郎，植牂柯系舡……因名且兰为牂牁国。”;;;;;;;;;;;;;x,,,,,,,,,
introduction_ZLA_title;州来起源;;;;;;;;;;;;;x,,,,,,,,,
introduction_ZLA_desc;州来国为商周或春秋时江淮地区的一个部族，也称下蔡，下辖今安徽省淮南市市区、凤台县、六安市寿县及周边地区。地处安徽省偏北部，地跨淮河中游。;;;;;;;;;;;;;x,,,,,,,,,
introduction_ZNG_title;鄫国起源:求你好好看完好不！;;;;;;;;;;;;;x,,,,,,,,,
introduction_ZNG_desc;鄫国（缯国）为源自夏少康次子姒曲烈的封国，因始封地名为“鄫”而得国名；历夏、商、周这三代。;;;;;;;;;;;;;x,,,,,,,,,
introduction_ZOU_title;州国起源:求你好好看完好不！;;;;;;;;;;;;;x,,,,,,,,,
introduction_ZOU_desc;州国，春秋时期的一个小国，首都在现在的湖北省监利县东。;;;;;;;;;;;;;x,,,,,,,,,
introduction_ZUO_title;笮人起源;;;;;;;;;;;;;x,,,,,,,,,
introduction_ZUO_desc;古部族名。又称笮人、笮都夷。笮又写作筰。主要分布于今 雅安和凉山地区。秦并蜀于笮地，设吏治理。汉笮地产“笮马”、盐，多与周边部族交易。一般认为属汉藏 语系藏缅语族的民族。;;;;;;;;;;;;;x,,,,,,,,,
introduction_ZWG_title;钟吾国起源:求你好好看完好不！;;;;;;;;;;;;;x,,,,,,,,,
introduction_ZWG_desc;东周时钟吾子爵封地，建立“钟吾国”，在今江苏新沂市。宿迁为钟吾子国，后归附楚国。;;;;;;;;;;;;;x,,,,,,,,,
introduction_ZHI_title;智氏起源;;;;;;;;;;;;;x,,,,,,,,,
introduction_ZHI_desc;智姓源流单一，起源于东周时期，曾是晋国六卿之一，是一个古老文明的华夏望族，始祖为智庄子荀首。荀首是晋献公托孤大臣荀息的幼孙，因功被封在智邑（今山西永济市西北），卒谥“庄”，史称智庄子。公元前566年10月，智庄子之子荀罃出任晋国中军元帅，便以先父采邑智为氏，追尊先父智庄子为始祖，智氏从此薪火相传。\n\n初始天赋：名门望族\n公家大于3，高威望可获得一个强力buff。；\n\n解锁天赋：政在私门\n（必须有嫡子继承理念，晋国不存在，可解锁）恶名减少0.5，外交能力+6，税收+15%。；;;;;;;;;;;;;;x,,,,,,,,,
introduction_ZXS_title;中行氏起源;;;;;;;;;;;;;x,,,,,,,,,
introduction_ZXS_desc;中行氏的直系先祖是中行桓子。中行桓子，姬姓，中行氏，名林父，因中行氏出于荀氏，故多称荀林父（生卒年不详），谥号曰桓，史称中行桓子。荀林父为纯臣荀息长孙，大夫逝敖之长子，智氏始祖智庄子的兄长。\n\n初始天赋：困兽犹斗\n一些特殊的核心省份如果未能控制将提供强大的buff；;;;;;;;;;;;;;x,,,,,,,,,
introduction_FAS_title;范氏起源;;;;;;;;;;;;;x,,,,,,,,,
introduction_FAS_desc;晋国范氏，显赫卿族，晋国六卿之一。据《古今姓氏书辨证》和《元和姓纂》等资料记载：晋国范氏的先祖是帝尧裔孙刘累之后，在夏朝是御龙氏，在商朝是豕韦氏，在周朝是唐杜氏。\n\n 践律蹈礼：拥有成文法解锁-户籍制度不需要任何代价和改革时间\n\n 普世之法：进行任何军改都视为本国军改;;;;;;;;;;;;;x,,,,,,,,,
introduction_XNU_title;匈奴起源;;;;;;;;;;;;;x,,,,,,,,,
introduction_XNU_desc;匈奴其先祖夏后氏之苗裔也曰淳维唐虞以上有山戎猃狁荤粥居于北蛮随畜牧而转移\n\n初始天赋 游牧帝国\n骑兵花费减少50% 车兵花费增加200% 将领机动性2 不会进口粮食;;;;;;;;;;;;;x,,,,,,,,,
introduction_XCW_title;西楚起源;;;;;;;;;;;;;x,,,,,,,,,
introduction_XCW_desc;西楚王朝，是中国历史上继秦朝之后出现的政权，也是介于秦朝、汉朝之间的一个朝代，为项羽所建。公元前206年四月，名义上统一了秦朝末年疆域的绝大部分地区。建都彭城（今江苏徐州），国祚四年。秦朝末年，爆发农民起义。一时间，四方响应，天下大乱，身为原楚国贵族的项梁、项羽趁势崛起。公元前207年（秦二世三年）项羽率军五万渡河救赵王歇，于巨鹿之战大破章邯、王离领导的秦军主力，威震天下，名闻诸侯，被拜为诸侯上将军，拥兵雄厚，达四十余万。次年，项羽在咸阳分封十八路诸侯就国，自立为西楚霸王。\n\n初始天赋 江东子弟\n 获得八队江东子弟兵种。\n\n 初始天赋 西楚霸王\n 无视恶名，声望维持100。\n;;;;;;;;;;;;;x,,,,,,,,,
introduction_HNW_title;汉朝起源;;;;;;;;;;;;;x,,,,,,,,,
introduction_HNW_desc;汉朝（公元前202年～公元220年）是继秦朝之后的大一统王朝，分为西汉、东汉时期，共历29帝，享国405年。秦末农民起义，刘邦推翻秦后被封为汉王。楚汉争霸，刘邦战胜项羽并称帝建立汉朝，定都长安，史称西汉\n\n初始天赋 黄老之术 \n 国家信仰为道教时得到相应的buff。\n\n 初始天赋 孔孟之道\n 国家信仰为儒教时得到相应的buff\n;;;;;;;;;;;;;x,,,,,,,,,
introduction_HDA_title;邯郸起源:求你好好看完好不！;;;;;;;;;;;;;x,,,,,,,,,
introduction_HDA_desc;春秋晋国赵氏分支，源于嬴姓，源于少昊后裔造父后代赵穿。晋国执政上卿赵宣子(赵盾)的堂弟、晋军大将赵穿的食邑被封于邯郸(今河北邯郸)，赵穿因以被称为邯郸君。赵穿生子赵旃；赵旃生子赵胜；赵胜生子赵午；赵午生子赵稷，世代为晋国邯郸大夫，是晋国六卿之外，又一股强大的政治力量。 [1]赵穿死后其子赵旃担任邯郸大夫，前583年，下宫之难，赵氏惨遭灭族，赵旃的本家大宗被悉数屠杀，赵氏大宗的赵武因为年幼，不能为卿。赵旃得以升任为新军将。赵旃死后其子赵胜担任邯郸大夫。晋平公年间，栾盈为乱，赵胜也出兵助晋平乱。公元前497年，晋卿赵简子赵鞅欲将卫贡500户良民从邯郸迁到晋阳，时邯郸大夫赵午听取父兄之言，不同意赵鞅此次移民。赵鞅怒杀赵午，赵午家臣涉宾奔回邯郸，拥立赵午之子赵稷为邯郸继承人，旋即以邯郸发动叛乱。这本是赵氏与邯郸氏，大宗与小宗间产生的一场家族内讧，却以此为导火索引发了六卿之间为争权夺利的一场晋国全国性内战。期间齐国、郑国，甚至周天子也乘着晋国六卿内战之际，参与其中，协助范氏、中行氏，图谋晋国。晋赵简子经过8年奋战，才得以平定此次内乱。;;;;;;;;;;;;;x,,,,,,,,,
