;;;;;;;;;;X,,,,,
HEADER_MISSION_REMOVE;决议;;;;;;;;;;X,,,,,
MODIFIER_COLONIAL_GROWTH;全国新垦区人口增长;;;;;;;;;;X,,,,,
MODIFIER_LOCAL_COLONIAL_GROWTH;本地新垦区人口增长;;;;;;;;;;X,,,,,
MULTCITYSIZE;$WHERE$的人口改变了$PERC$\n;;;;;;;;;;X,,,,,
VARIABLE;变量;;;;;;;;;;X,,,,,
IS_GREATER_THAN;大于;;;;;;;;;;X,,,,,
IS_EQUAL_OR_LESS_THAN;小于或等于;;;;;;;;;;X,,,,,
IS_NOT_OVERSEAS;不是海外的;;;;;;;;;;X,,,,,
IS_OVERSEAS;是海外的;;;;;;;;;;X,,,,,
RANDOM_EFFECT;Y$CHANCE$%W的几率;;;;;;;;;;X,,,,,
RANDOM_LIST_EFFECT;$SIZE$个选项之一将会发生. \n;;;;;;;;;;X,,,,,
COUNTRY_DECISIONS;国家决议;;;;;;;;;;X,,,,,
ACTIVE_MISSION;当前任务;;;;;;;;;;X,,,,,
PROV_DECISION_NO_POTENTIAL;当前在该省份没有可用的决议;;;;;;;;;;X,,,,,
PROV_DECISION_BUTTON;省份决议;;;;;;;;;;X,,,,,
RELIGIOUS_DECISIONS;信仰决议;;;;;;;;;;X,,,,,
REBEL_FACTIONS;叛军派系;;;;;;;;;;X,,,,,
ANY_PROVINCE_STARTS;拥有的省份;;;;;;;;;;X,,,,,
EFFECT_AND;...和;;;;;;;;;;X,,,,,
EFFECT_MORE;更多;;;;;;;;;;X,,,,,
SET_FORCE_CONVERTED;开始强制转换信仰;;;;;;;;;;X,,,,,
FORCE_CONVERTED;正在被强制转换信仰;;;;;;;;;;X,,,,,
NOT_FORCE_CONVERTED;没有在被强制转换信仰;;;;;;;;;;X,,,,,
heresy;异教;;;;;;;;;;X,,,,,
desc_heresy;异教像癌症一样在省内传播. ;;;;;;;;;;X,,,,,
heretic_country;异端的国家;;;;;;;;;;X,,,,,
desc_heretic_country;我们接受了信仰的一个稍微不同的解\n释. ;;;;;;;;;;X,,,,,
crusader;十字军;;;;;;;;;;X,,,,,
desc_crusader;我们加入的对抗异教徒的圣战. 神将\n保佑我们取得胜利! ;;;;;;;;;;X,,,,,
excommunication;革除教籍;;;;;;;;;;X,,,,,
desc_excommunication;我们的统治者被革除教籍了. ;;;;;;;;;;X,,,,,
heiseshenluo;不能服众的霸主;;;;;;;;;;X,,,,,
desc_heiseshenluo;我们要哈布斯堡统治我们;;;;;;;;;;X,,,,,
MONARCHY;君主制;;;;;;;;;;X,,,,,
REPUBLIC;共和制;;;;;;;;;;X,,,,,
THEOCRACY;政教合一制;;;;;;;;;;X,,,,,
MONARCHISTS;君主制主义者;;;;;;;;;;X,,,,,
REPUBLICANS;共和主义者;;;;;;;;;;X,,,,,
THEOCRATS;政教合一主义者;;;;;;;;;;X,,,,,
OUR_RULER;我们的统治者;;;;;;;;;;X,,,,,
THEIR_RULER;他们的统治者;;;;;;;;;;X,,,,,
TRUST0;他们宁死也不愿信任我们. ;;;;;;;;;;X,,,,,
TRUST1;他们觉得我们背信弃义. ;;;;;;;;;;X,,,,,
TRUST2;他们深深地不信任我们. ;;;;;;;;;;X,,,,,
TRUST3;他们认为我们不可信任. ;;;;;;;;;;X,,,,,
TRUST4;他们多少有点信任我们. ;;;;;;;;;;X,,,,,
TRUST5;他们信任我们, 愿意跟我们协商. ;;;;;;;;;;X,,,,
TRUST6;他们认为我们非常可靠;;;;;;;;;;X,,,,,
TRUST7;他们发自内心地信任我们. ;;;;;;;;;;X,,,,,
TRUST8;他们完全信任我们. ;;;;;;;;;;X,,,,,
OCCUPIED_PROVINCES;占领的省份;;;;;;;;;;X,,,,,
CREATE_REBELS;R$SIZE$个$TYPE$团队在$WHERE$起义了. \n;;;;;;;;;;X,,,,,
NATIONALISM_LOWER_THAN;民族主义低于;;;;;;;;;;X,,,,,
NATIONALISM_HIGHER_THAN;民族主义高于;;;;;;;;;;X,,,,,
CONFIRMACCEPTANCETITLE;接受$NAME$的要求;;;;;;;;;;X,,,,,
CONFIRMACCEPTANCETEXT;你确定要接受$NAME$的要求? ;;;;;;;;;;X,,,,,
TOLERANCE_TO_RELIGION_LESS_THAN;对信仰的容忍度小于;;;;;;;;;;X,,,,,
TOLERANCE_TO_RELIGION_GREATER_THAN;对信仰的容忍度大于;;;;;;;;;;X,,,,,
KNOWN_COUNTRY_STARTS;已知国家;;;;;;;;;;X,,,,,
EXTRA_NATIONALISM_DESC;$DIRECTION$$VALUE$年的民族主义在$WHERE$. \n;;;;;;;;;;X,,,,,
MODIFIER_TOLERANCE_OWN;对正统信仰的容忍度;;;;;;;;;;X,,,,,
MODIFIER_TOLERANCE_HERETIC;对异端的容忍度;;;;;;;;;;X,,,,,
MODIFIER_TOLERANCE_HEATHEN;对异教的容忍度;;;;;;;;;;X,,,,,
TOLERANCE_DESC;容忍度反映了你国内对不同信仰的接\n受程度. 低的容忍度会给省份带来负\n面影响, 例如增加叛乱风险. ;;;;;;;;;;X,,,,
TOLERANCE_OWN;对正统$FAITH$信仰的容忍度;;;;;;;;;;X,,,,,
TOLERANCE_HERETIC;对异端信仰的容忍度;;;;;;;;;;X,,,,,
TOLERANCE_HEATHEN;对异教信仰的容忍度;;;;;;;;;;X,,,,,
CARDINAL_NOT_READY;这个主教最近才被影响过, 我们必须等到;;;;;;;;;;X,,,,
CALL_CRUSADETITLE;发动十字军;;;;;;;;;;X,,,,,
CALL_CRUSADENEWDESC;你确定要发动对 $COUNTRY$ 的十字\n军战争? 这将会给所有跟这个国家处\n在战争中的中原国家带来额外的人\n力和收入. ;;;;;;;;;;X,,,,,
CALL_CRUSADEDESC;十字军会给跟他们作战的中原国家\n带来额外的人力和收入. ;;;;;;;;;;X,,,,,
HASCALL_CRUSADE;你已经对他们发动了十字军. ;;;;;;;;;;X,,,,,
EXCOMMUNICATETITLE;开除教籍;;;;;;;;;;X,,,,,
EXCOMMUNICATENEWDESC;你确定要开除 $MONARCH$ 的教籍? \n中原国家将不需要借口就可以对\n $COUNTRY$ 宣战, 也不会遭到宣战同\n宗教国家的稳定度惩罚. ;;;;;;;;;;X,,,,
EXCOMMUNICATEDESC;开除教籍可以中原国家将不需要借\n口就可以对他们宣战, 同时也不会遭\n到宣战同宗教国家的稳定度惩罚. ;;;;;;;;;;X,,,,
HASEXCOMMUNICATE;我们已经开除了他们的教籍. ;;;;;;;;;;X,,,,,
EXCOM_NO_RULER;他们现在没有统治者可以被开除教籍. ;;;;;;;;;;X,,,,,
EXCOM_WRONG_RELIGION;我们只能开除中原徒. ;;;;;;;;;;X,,,,,
EXCOM_NOT_READY;我们不能这么快又开除别人的教籍. \n我们必须等待直到;;;;;;;;;;X,,,,,
EXCOMMUNICATED;被剥夺爵位;;;;;;;;;;X,,,,,
EXCOMMUNICATED_DESC;天子认为可以剥夺这个统治者的爵位. \n中原国家可以对他们而不用受到稳\n定度惩罚. ;;;;;;;;;;X,,,,,
IS_EXCOMMUNICATED;被剥夺爵位;;;;;;;;;;X,,,,,
IS_NOT_EXCOMMUNICATED;没有被剥夺爵位;;;;;;;;;;X,,,,,
CRUSADE;十字军;;;;;;;;;;X,,,,,
CRUSADE_DESC;中原国家都被鼓励以我天子的名义攻打\n $NAME$! \n这次攘夷战争将持续到$DATE$或者夷狄们被彻底摧毁的那一天. ;;;;;;;;;;X,,,,,
ALREADY_CRUSADING;天子已经发起了一次攘夷. 我们必\n须等到它结束才能发起另外一场. ;;;;;;;;;;X,,,,,
CRUSADE_SAME_RELIGION;虽然很有诱惑力, 但是我们不能对天\n主教同胞和同样信仰基督的异教发起\n十字军. ;;;;;;;;;;X,,,,
CRUSADEONUS_SETUP;当天子控制者发起了一场针对我们的\n攘夷.;;;;;;;;;;X,,,,,
CRUSADEONUS_HEADER;使者来自于;;;;;;;;;;X,,,,,
CRUSADEONUS_1;$ACTOR$;;;;;;;;;;X,,,,,
CRUSADEONUS_2;$MONARCHTITLE$, \n中原的魔鬼们发起了一次;;;;;;;;;;X,,,,
CRUSADEONUS_3;攘夷;;;;;;;;;;X,,,,,
CRUSADEONUS_4;针对;;;;;;;;;;X,,,,,
CRUSADEONUS_5;我们! ;;;;;;;;;;X,,,,,
CRUSADEONUS_6;异族的士兵将会成群结队地涌向跟我\n们作战中的中原国家. ;;;;;;;;;;X,,,,,
CRUSADEONUS_LOG;$ACTOR$让天子发动了一次\n针对我们的尊王攘夷. ;;;;;;;;;;X,,,,,
CRUSADEONUS_BTN1;确定;;;;;;;;;;X,,,,,
CRUSADEONUS_BTN2;确定;;;;;;;;;;X,,,,,
CRUSADEONUS_BTN3;转到;;;;;;;;;;X,,,,,
CRUSADEONUS_MAP; ;;;;;;;;;;X,,,,,
CRUSADEONOTHER_SETUP;当天子控制者对其他国家发动了攘夷.;;;;;;;;;;X,,,,,
CRUSADEONOTHER_HEADER;使者来自于;;;;;;;;;;X,,,,,
CRUSADEONOTHER_1;$ACTOR$;;;;;;;;;;X,,,,,
CRUSADEONOTHER_2;$MONARCHTITLE$, ;;;;;;;;;;X,,,,
CRUSADEONOTHER_3;$ACTOR$;;;;;;;;;;X,,,,,
CRUSADEONOTHER_4;发动了一次攘夷对抗;;;;;;;;;;X,,,,,
CRUSADEONOTHER_5;$RECIPIENT$. ;;;;;;;;;;X,,,,,
CRUSADEONOTHER_6; ;;;;;;;;;;X,,,,,
CRUSADEONOTHER_LOG;$ACTOR$让天子发动了一次针对\n$RECIPIENT$的攘夷. ;;;;;;;;;;X,,,,,
CRUSADEONOTHER_BTN1;确定;;;;;;;;;;X,,,,,
CRUSADEONOTHER_BTN2;确定;;;;;;;;;;X,,,,,
CRUSADEONOTHER_BTN3;转到;;;;;;;;;;X,,,,,
CRUSADEONOTHER_MAP; ;;;;;;;;;;X,,,,,
WECRUSADE_SETUP;当我们发动了针对别国的攘夷. ;;;;;;;;;;X,,,,,
WECRUSADE_HEADER;$MESSENGER$;;;;;;;;;;X,,,,,
WECRUSADE_1;攘夷;;;;;;;;;;X,,,,,
WECRUSADE_2;$MONARCHTITLE$, ;;;;;;;;;;X,,,,
WECRUSADE_3;$RECIPIENT$;;;;;;;;;;X,,,,,
WECRUSADE_4;将很快领教到中原的恐怖实力! ;;;;;;;;;;X,,,,,
WECRUSADE_5; ;;;;;;;;;;X,,,,,
WECRUSADE_6; ;;;;;;;;;;X,,,,,
WECRUSADE_LOG;我们发动了一次对$RECIPIENT$的十字军. ;;;;;;;;;;X,,,,,
WECRUSADE_BTN1;确定;;;;;;;;;;X,,,,,
WECRUSADE_BTN2;确定;;;;;;;;;;X,,,,,
WECRUSADE_BTN3;转到;;;;;;;;;;X,,,,,
WECRUSADE_MAP; ;;;;;;;;;;X,,,,,
WEEXCOM_SETUP;当我们剥夺了其他国家统治者的爵位. ;;;;;;;;;;X,,,,,
WEEXCOM_HEADER;$MESSENGER$;;;;;;;;;;X,,,,,
WEEXCOM_1;Excommunication;;;;;;;;;;X,,,,,
WEEXCOM_2;$MONARCHTITLE$, ;;;;;;;;;;X,,,,
WEEXCOM_3;$RECIPIENT$;;;;;;;;;;X,,,,,
WEEXCOM_4;他们的统治者被我们剥夺爵位了! ;;;;;;;;;;X,,,,,
WEEXCOM_5; ;;;;;;;;;;X,,,,,
WEEXCOM_6; ;;;;;;;;;;X,,,,,
WEEXCOM_LOG;我们剥夺了$RECIPIENT$的统治者的爵位. ;;;;;;;;;;X,,,,,
WEEXCOM_BTN1;确定;;;;;;;;;;X,,,,,
WEEXCOM_BTN2;确定;;;;;;;;;;X,,,,,
WEEXCOM_BTN3;转到;;;;;;;;;;X,,,,,
WEEXCOM_MAP; ;;;;;;;;;;X,,,,,
DECISIONOTHER_SETUP;当其他国家执行了一个决议. ;;;;;;;;;;X,,,,,
DECISIONOTHER_HEADER;使者来自于;;;;;;;;;;X,,,,,
DECISIONOTHER_1; $COUNTRY$ ;;;;;;;;;;X,,,,,
DECISIONOTHER_2;他们决定;;;;;;;;;;X,,,,,
DECISIONOTHER_3;$EVENT$. ;;;;;;;;;;X,,,,,
DECISIONOTHER_4;$DESC$;;;;;;;;;;X,,,,,
DECISIONOTHER_5; ;;;;;;;;;;X,,,,,
DECISIONOTHER_6; ;;;;;;;;;;X,,,,,
DECISIONOTHER_LOG;在 $COUNTRY$ 通过决议:\n$EVENT$. ;;;;;;;;;;X,,,,,
DECISIONOTHER_BTN1;确定;;;;;;;;;;X,,,,,
DECISIONOTHER_BTN2;确定;;;;;;;;;;X,,,,,
DECISIONOTHER_BTN3; ;;;;;;;;;;X,,,,,
DECISIONOTHER_MAP; ;;;;;;;;;;X,,,,,
DECISIONUS_SETUP;当我们执行了一个决议. ;;;;;;;;;;X,,,,,
DECISIONUS_HEADER;我国大臣报告;;;;;;;;;;X,,,,,
DECISIONUS_1;$EVENT$. ;;;;;;;;;;X,,,,,
DECISIONUS_2;$DESC$;;;;;;;;;;X,,,,,
DECISIONUS_3; ;;;;;;;;;;X,,,,,
DECISIONUS_4; ;;;;;;;;;;X,,,,,
DECISIONUS_5; ;;;;;;;;;;X,,,,,
DECISIONUS_6; ;;;;;;;;;;X,,,,,
DECISIONUS_LOG;玩家通过决议:\n$EVENT$. ;;;;;;;;;;X,,,,,
DECISIONUS_BTN1;确定;;;;;;;;;;X,,,,,
DECISIONUS_BTN2;确定;;;;;;;;;;X,,,,,
DECISIONUS_BTN3; ;;;;;;;;;;X,,,,,
DECISIONUS_MAP; ;;;;;;;;;;X,,,,,
REBELACCEPTANCEOTHER_SETUP;当其他国家接受叛军要求. ;;;;;;;;;;X,,,,,
REBELACCEPTANCEOTHER_HEADER;使者来自于;;;;;;;;;;X,,,,,
REBELACCEPTANCEOTHER_1; $COUNTRY$ ;;;;;;;;;;X,,,,,
REBELACCEPTANCEOTHER_2;他们接受了在他们国家的;;;;;;;;;;X,,,,,
REBELACCEPTANCEOTHER_3;$REBELS$;;;;;;;;;;X,,,,,
REBELACCEPTANCEOTHER_4;的要求. ;;;;;;;;;;X,,,,,
REBELACCEPTANCEOTHER_5; ;;;;;;;;;;X,,,,,
REBELACCEPTANCEOTHER_6; ;;;;;;;;;;X,,,,,
REBELACCEPTANCEOTHER_LOG; $COUNTRY$ 向$REBELS$屈服. ;;;;;;;;;;X,,,,,
REBELACCEPTANCEOTHER_BTN1;确定;;;;;;;;;;X,,,,,
REBELACCEPTANCEOTHER_BTN2;确定;;;;;;;;;;X,,,,,
REBELACCEPTANCEOTHER_BTN3; ;;;;;;;;;;X,,,,,
REBELACCEPTANCEOTHER_MAP; ;;;;;;;;;;X,,,,,
REBELACCEPTANCEUS_SETUP;当我们接受了叛军要求. ;;;;;;;;;;X,,,,,
REBELACCEPTANCEUS_HEADER;我国大臣报告;;;;;;;;;;X,,,,,
REBELACCEPTANCEUS_1;我们败给了;;;;;;;;;;X,,,,,
REBELACCEPTANCEUS_2;$REBELS$. ;;;;;;;;;;X,,,,,
REBELACCEPTANCEUS_3;$DESC$;;;;;;;;;;X,,,,,
REBELACCEPTANCEUS_4; ;;;;;;;;;;X,,,,,
REBELACCEPTANCEUS_5; ;;;;;;;;;;X,,,,,
REBELACCEPTANCEUS_6; ;;;;;;;;;;X,,,,,
REBELACCEPTANCEUS_LOG;玩家向$REBELS$屈服. ;;;;;;;;;;X,,,,,
REBELACCEPTANCEUS_BTN1;确定;;;;;;;;;;X,,,,,
REBELACCEPTANCEUS_BTN2;确定;;;;;;;;;;X,,,,,
REBELACCEPTANCEUS_BTN3; ;;;;;;;;;;X,,,,,
REBELACCEPTANCEUS_MAP; ;;;;;;;;;;X,,,,,
REVOLT_SETUP;当你的一个省份发生了起义. ;;;;;;;;;;X,,,,,
REVOLT_HEADER;$MESSENGER$;;;;;;;;;;X,,,,,
REVOLT_1;一次起义! ;;;;;;;;;;X,,,,,
REVOLT_2;$MONARCHTITLE$, \n$REBELS$起义了, 地点在;;;;;;;;;;X,,,
REVOLT_3;$PROV$! ;;;;;;;;;;X,,,,,
REVOLT_4;$REBELDESC$;;;;;;;;;;X,,,,,
REVOLT_5; ;;;;;;;;;;X,,,,,
REVOLT_6; ;;;;;;;;;;X,,,,,
REVOLT_LOG;$REBELS$在$PROV$起义了! ;;;;;;;;;;X,,,,,
REVOLT_BTN1;确定;;;;;;;;;;X,,,,,
REVOLT_BTN2;确定;;;;;;;;;;X,,,,,
REVOLT_BTN3;转到;;;;;;;;;;X,,,,,
REVOLT_MAP;Revolt. ;;;;;;;;;;X,,,,,
MISSIONDONEOTHER_SETUP;当其他国家完成了一个任务. ;;;;;;;;;;X,,,,,
MISSIONDONEOTHER_HEADER;使者来自于;;;;;;;;;;X,,,,,
MISSIONDONEOTHER_1; $COUNTRY$ ;;;;;;;;;;X,,,,,
MISSIONDONEOTHER_2;他们完成了任务:;;;;;;;;;;X,,,,,
MISSIONDONEOTHER_3;$MISSION$;;;;;;;;;;X,,,,,
MISSIONDONEOTHER_4; ;;;;;;;;;;X,,,,,
MISSIONDONEOTHER_5; ;;;;;;;;;;X,,,,,
MISSIONDONEOTHER_6; ;;;;;;;;;;X,,,,,
MISSIONDONEOTHER_LOG; $COUNTRY$ 完成了$MISSION$. ;;;;;;;;;;X,,,,,
MISSIONDONEOTHER_BTN1;确定;;;;;;;;;;X,,,,,
MISSIONDONEOTHER_BTN2;确定;;;;;;;;;;X,,,,,
MISSIONDONEOTHER_BTN3; ;;;;;;;;;;X,,,,,
MISSIONDONEOTHER_MAP; ;;;;;;;;;;X,,,,,
MISSIONDONEUS_SETUP;当我们完成了一个任务. ;;;;;;;;;;X,,,,,
MISSIONDONEUS_HEADER;我们完成了一个任务. ;;;;;;;;;;X,,,,,
MISSIONDONEUS_1;$MISSION$! ;;;;;;;;;;X,,,,,
MISSIONDONEUS_2;$DESC$;;;;;;;;;;X,,,,,
MISSIONDONEUS_3; ;;;;;;;;;;X,,,,,
MISSIONDONEUS_4; ;;;;;;;;;;X,,,,,
MISSIONDONEUS_5; ;;;;;;;;;;X,,,,,
MISSIONDONEUS_6; ;;;;;;;;;;X,,,,,
MISSIONDONEUS_LOG;我们完成了$MISSION$. ;;;;;;;;;;X,,,,,
MISSIONDONEUS_BTN1;确定;;;;;;;;;;X,,,,,
MISSIONDONEUS_BTN2;确定;;;;;;;;;;X,,,,,
MISSIONDONEUS_BTN3; ;;;;;;;;;;X,,,,,
MISSIONDONEUS_MAP; ;;;;;;;;;;X,,,,,
NEWMISSIONUS_SETUP;当我们接受了一个新任务. ;;;;;;;;;;X,,,,,
NEWMISSIONUS_HEADER;$HEADER$;;;;;;;;;;X,,,,,
NEWMISSIONUS_1;$MISSION$. ;;;;;;;;;;X,,,,,
NEWMISSIONUS_2;$DESC$;;;;;;;;;;X,,,,,
NEWMISSIONUS_3; ;;;;;;;;;;X,,,,,
NEWMISSIONUS_4; ;;;;;;;;;;X,,,,,
NEWMISSIONUS_5; ;;;;;;;;;;X,,,,,
NEWMISSIONUS_6; ;;;;;;;;;;X,,,,,
NEWMISSIONUS_LOG;我们接受了任务$MISSION$. ;;;;;;;;;;X,,,,,
NEWMISSIONUS_BTN1;确定;;;;;;;;;;X,,,,,
NEWMISSIONUS_BTN2;确定;;;;;;;;;;X,,,,,
NEWMISSIONUS_BTN3; ;;;;;;;;;;X,,,,,
NEWMISSIONUS_MAP; ;;;;;;;;;;X,,,,,
no_mission_title;没有任务;;;;;;;;;;X,,,,,
no_mission_desc;我们当前没有激活的任务;;;;;;;;;;X,,,,,
WITHL;和;;;;;;;;;;X,,,,,
WITHG;或者大于;;;;;;;;;;X,,,,,
IS_NOT_IN_THE_REGION;不在区域中;;;;;;;;;;X,,,,,
IS_IN_REGION;在区域中;;;;;;;;;;X,,,,,
MAPMODE_REG;地域地图;;;;;;;;;;X,,,,,
MAPMODE_CUL;文化地图;;;;;;;;;;X,,,,,
NOT_OWNED_BY;不属于;;;;;;;;;;X,,,,,
OWNED_BY;属于;;;;;;;;;;X,,,,,
NOT_CONTROLLED_BY;不被控制于;;;;;;;;;;X,,,,,
CONTROLLED_BY;被控制于;;;;;;;;;;X,,,,,
RIVALSWITH;看待$LIST$作为天敌;;;;;;;;;;X,,,,,
IS_NOT_EMPTY;被一个国家拥有;;;;;;;;;;X,,,,,
IS_EMPTY;可以被移民;;;;;;;;;;X,,,,,
IS_NOT_DOMINANT_RELIGION;不是主要信仰;;;;;;;;;;X,,,,,
IS_DOMINANT_RELIGION;是主要信仰;;;;;;;;;;X,,,,,
IS_NOT_DOMINANT_CULTURE;不是主流文化;;;;;;;;;;X,,,,,
IS_DOMINANT_CULTURE;是主流文化;;;;;;;;;;X,,,,,
ON_MISSION;有任务;;;;;;;;;;X,,,,,
THREATENEDBY;感到威胁来自于$LIST$. ;;;;;;;;;;X,,,,,
EXCOM_SAME_RULER;我们不能开除自己的统治者的教籍. ;;;;;;;;;;X,,,,,
IS_IN_RANGE;在我们的移民范围以内. ;;;;;;;;;;X,,,,,
IS_NOT_IN_RANGE;在我们的移民范围以外. ;;;;;;;;;;X,,,,,
IS_MISSION_TARGET;是任务目标;;;;;;;;;;X,,,,,
IS_NOT_MISSION_TARGET;不是任务目标;;;;;;;;;;X,,,,,
IS_MISSION_OF;是当前任务;;;;;;;;;;X,,,,,
IS_NOT_MISSION_OF;不是当前任务;;;;;;;;;;X,,,,,
destabilize_rival_header; ;;;;;;;;;;X,,,,,
destabilize_rival_title;动摇 $COUNTRY$ ;;;;;;;;;;X,,,,,
destabilize_rival_desc; $COUNTRY$ 逐渐成为了一个危险的敌人, \n让我们派间谍去引起他们政府的动荡. \n如果我们可以降低他们的稳定我们就能有\n更多活动的空间. ;;;;;;;;;;X,,,,
EXCOM_NOT_DEFENDER;我们不能剥夺异族的爵位;;;;;;;;;;X,,,,,
EXCOM_NOT_PAPACY;我们不能剥夺天子;;;;;;;;;;X,,,,,
MAY_NOT_RETREAT;战斗才刚刚开始就撤退是不可能的, 也是可耻的;;;;;;;;;;X,,,,
HAVE_N0T_TRADE_AGREEMENT_WITH;没有贸易协议和;;;;;;;;;;X,,,,,
HAVE_TRADE_AGREEMENT_WITH;有贸易协议和;;;;;;;;;;X,,,,,
HAVE_CLOSED_MARKET_WITH;关闭市场 对;;;;;;;;;;X,,,,,
HAVE_OPEN_MARKET_WITH;开放市场 对;;;;;;;;;;X,,,,,
force_open_market_header; ;;;;;;;;;;X,,,,,
force_open_market_title;强制在 $PROVINCENAME$ 开放贸易. ;;;;;;;;;;X,,,,,
force_open_market_desc;我们的商人被禁止进入 $PROVINCENAME$ 的\n贸易中心. 使用外交手段或战争为我们\n的商人打开市? ? ;;;;;;;;;;X,,,,,
HAVE_LESS_LAND_FORCELIMIT;拥有陆军上限少于;;;;;;;;;;X,,,,,
HAVE_MORE_LAND_FORCELIMIT;拥有陆军上限至少;;;;;;;;;;X,,,,,
HAVE_LESS_NAVAL_FORCELIMIT;拥有海军上限少于;;;;;;;;;;X,,,,,
HAVE_MORE_NAVAL_FORCELIMIT;拥有海军上限至少;;;;;;;;;;X,,,,,
large_tribe_bad_adm;无能的统治者;;;;;;;;;;X,,,,,
desc_large_tribe_bad_adm;统治者不能胜任我们部落的行政管理. ;;;;;;;;;;X,,,,,
large_tribe_bad_dip;无能的统治者;;;;;;;;;;X,,,,,
desc_large_tribe_bad_dip;统治者不能胜任我们部落的外交管理. ;;;;;;;;;;X,,,,,
large_tribe_bad_mil;无能的统治者;;;;;;;;;;X,,,,,
desc_large_tribe_bad_mil;统治者不能胜任我们部落的军事管理. ;;;;;;;;;;X,,,,,
EXCOMREVONUS_SETUP;当对我们统治者的教籍开除被撤消;;;;;;;;;;X,,,,,
EXCOMREVONUS_HEADER;使者来自于;;;;;;;;;;X,,,,,
EXCOMREVONUS_1;$ACTOR$;;;;;;;;;;X,,,,,
EXCOMREVONUS_2;$MONARCHTITLE$, $ACTOR$为您;;;;;;;;;;X,,,,
EXCOMREVONUS_3;恢复了教籍! ;;;;;;;;;;X,,,,,
EXCOMREVONUS_4; ;;;;;;;;;;X,,,,,
EXCOMREVONUS_5; ;;;;;;;;;;X,,,,,
EXCOMREVONUS_6;中原国家不再能向我们宣战\n而不受稳定度惩罚;;;;;;;;;;X,,,,,
EXCOMREVONUS_LOG;$ACTOR$让天子取消了对我国统治\n者的剥夺爵位;;;;;;;;;;X,,,,,
EXCOMREVONUS_BTN1;确定;;;;;;;;;;X,,,,,
EXCOMREVONUS_BTN2;确定;;;;;;;;;;X,,,,,
EXCOMREVONUS_BTN3;转到;;;;;;;;;;X,,,,,
EXCOMREVONUS_MAP; ;;;;;;;;;;X,,,,,
EXCOMREVONOTHER_SETUP;当周王室的守护者取消剥夺爵位;;;;;;;;;;X,,,,,
EXCOMREVONOTHER_HEADER;使者来自于;;;;;;;;;;X,,,,,
EXCOMREVONOTHER_1;$ACTOR$;;;;;;;;;;X,,,,,
EXCOMREVONOTHER_2;$MONARCHTITLE$, ;;;;;;;;;;X,,,,
EXCOMREVONOTHER_3;$ACTOR$;;;;;;;;;;X,,,,,
EXCOMREVONOTHER_4;让天子取消了对$RECIPIENT$的;;;;;;;;;;X,,,,,
EXCOMREVONOTHER_5;开除教籍. ;;;;;;;;;;X,,,,,
EXCOMREVONOTHER_6; ;;;;;;;;;;X,,,,,
EXCOMREVONOTHER_LOG;$ACTOR$让天子恢复了$RECIPIENT$的教籍. ;;;;;;;;;;X,,,,,
EXCOMREVONOTHER_BTN1;确定;;;;;;;;;;X,,,,,
EXCOMREVONOTHER_BTN2;确定;;;;;;;;;;X,,,,,
EXCOMREVONOTHER_BTN3;转到;;;;;;;;;;X,,,,,
EXCOMREVONOTHER_MAP; ;;;;;;;;;;X,,,,,
WEREVEXCOM_SETUP;当我们解除了对其他国家统治者的开除教籍. ;;;;;;;;;;X,,,,,
WEREVEXCOM_HEADER;$MESSENGER$;;;;;;;;;;X,,,,,
WEREVEXCOM_1;取消开除教籍;;;;;;;;;;X,,,,,
WEREVEXCOM_2;$MONARCHTITLE$, ;;;;;;;;;;X,,,,
WEREVEXCOM_3;$RECIPIENT$;;;;;;;;;;X,,,,,
WEREVEXCOM_4;非常感激我们\n恢复了他们统治者的教籍! ;;;;;;;;;;X,,,,,
WEREVEXCOM_5; ;;;;;;;;;;X,,,,,
WEREVEXCOM_6; ;;;;;;;;;;X,,,,,
WEREVEXCOM_LOG;我们恢复了$RECIPIENT$的教籍. ;;;;;;;;;;X,,,,,
WEREVEXCOM_BTN1;确定;;;;;;;;;;X,,,,,
WEREVEXCOM_BTN2;确定;;;;;;;;;;X,,,,,
WEREVEXCOM_BTN3;转到;;;;;;;;;;X,,,,,
WEREVEXCOM_MAP; ;;;;;;;;;;X,,,,,
REVOKE_EXCOMMUNICATETITLE;恢复教籍;;;;;;;;;;X,,,,,
EXCOMMUNICATEREVOKEDESC;你确定要恢复 $MONARCH$ 的教籍? ;;;;;;;;;;X,,,,,
REVEXCOMMUNICATEDESC;开除教籍可以使中原国家将不需要借口就可以对\n他们宣战, 同时也不会遭到宣战同宗教国家的\n稳定度惩罚. ;;;;;;;;;;X,,,,
NOT_EXCOMMUNICATED;他们的统治者没有被开除教籍! ;;;;;;;;;;X,,,,,
HAVE_NO_UNITS_IN; $COUNTRY$ 在$PROVINCE$没有单位. ;;;;;;;;;;X,,,,,
HAVE_UNITS_IN; $COUNTRY$ 在$PROVINCE$有单位. ;;;;;;;;;;X,,,,,
PROVDECISIONOTHER_SETUP;当其他国家执行一个省份决议. ;;;;;;;;;;X,,,,,
PROVDECISIONOTHER_HEADER;使者来自于;;;;;;;;;;X,,,,,
PROVDECISIONOTHER_1; $COUNTRY$ ;;;;;;;;;;X,,,,,
PROVDECISIONOTHER_2;他们告诉我们;;;;;;;;;;X,,,,,
PROVDECISIONOTHER_3;$EVENT$;;;;;;;;;;X,,,,,
PROVDECISIONOTHER_4;这是最近在 $PROVINCENAME$ 决定的. ;;;;;;;;;;X,,,,,
PROVDECISIONOTHER_5; ;;;;;;;;;;X,,,,,
PROVDECISIONOTHER_6;$DESC$;;;;;;;;;;X,,,,,
PROVDECISIONOTHER_LOG;$EVENT$在 $PROVINCENAME$ 被实行( $COUNTRY$ ). ;;;;;;;;;;X,,,,,
PROVDECISIONOTHER_BTN1;确定;;;;;;;;;;X,,,,,
PROVDECISIONOTHER_BTN2;确定;;;;;;;;;;X,,,,,
PROVDECISIONOTHER_BTN3; ;;;;;;;;;;X,,,,,
PROVDECISIONOTHER_MAP; ;;;;;;;;;;X,,,,,
PROVDECISIONUS_SETUP;当我们执行一个省份决议. ;;;;;;;;;;X,,,,,
PROVDECISIONUS_HEADER;我国大臣报告;;;;;;;;;;X,,,,,
PROVDECISIONUS_1;$EVENT$! ;;;;;;;;;;X,,,,,
PROVDECISIONUS_2;$DESC$;;;;;;;;;;X,,,,,
PROVDECISIONUS_3; ;;;;;;;;;;X,,,,,
PROVDECISIONUS_4; ;;;;;;;;;;X,,,,,
PROVDECISIONUS_5; ;;;;;;;;;;X,,,,,
PROVDECISIONUS_6; ;;;;;;;;;;X,,,,,
PROVDECISIONUS_LOG;$EVENT$在我们的省份 $PROVINCENAME$ 被实行. ;;;;;;;;;;X,,,,,
PROVDECISIONUS_BTN1;确定;;;;;;;;;;X,,,,,
PROVDECISIONUS_BTN2;确定;;;;;;;;;;X,,,,,
PROVDECISIONUS_BTN3; ;;;;;;;;;;X,,,,,
PROVDECISIONUS_MAP; ;;;;;;;;;;X,,,,,
NEIGHBOR_PROVINCE_STARTS;任意邻省;;;;;;;;;;X,,,,,
HAS_NOT_OWNER_RELIGION;没有控制者的宗教;;;;;;;;;;X,,,,,
HAS_OWNER_RELIGION;有控制者的宗教;;;;;;;;;;X,,,,,
HAS_NOT_OWNER_CULTURE;没有控制者的文化;;;;;;;;;;X,,,,,
HAS_OWNER_CULTURE;有控制者的文化;;;;;;;;;;X,,,,,
COLONIAL_MAINTENANCE;新垦区维护费;;;;;;;;;;X,,,,,
EXPENSECOLONIAL;新垦区 维护费;;;;;;;;;;X,,,,,
COLONIAL_MAINT_IRO;我们有$NUM_COLONIES$块新垦区, 每个花费\n$COLONIES_EACH$, 每年需要$COST$来维持\n$GROWTH$的人口增长率. ;;;;;;;;;;X,,,
COLONIES_EACH_PLURAL;新垦区 每个;;;;;;;;;;X,,,,,
COLONIES_EACH_SINGULAR;新垦区, ;;;;;;;;;;X,,,,
NO_COLONIAL_MAINT_IRO;我们没有要维持的新垦区. ;;;;;;;;;;X,,,,,
MONTHLY_EXPENSES;月度花费;;;;;;;;;;X,,,,,
IS_NOT_LESSER;在联合统治中不是被统治的一方;;;;;;;;;;X,,,,,
IS_LESSER;在联合统治中是被统治的一方;;;;;;;;;;X,,,,,
RULER_IS_MALE;统治者是男性;;;;;;;;;;X,,,,,
RULER_IS_FEMALE;统治者是女性;;;;;;;;;;X,,,,,
assimilate_colony_title;同化新垦区;;;;;;;;;;X,,,,,
assimilate_colony_desc;这个省份人口稀少, 很容易就被同化进我们的国家. \n你确定要这样做? ;;;;;;;;;;X,,,,
NUMBER_OF_COLONISTS;拓荒队;;;;;;;;;;X,,,,,
LESS_THAN;少于;;;;;;;;;;X,,,,,
AT_LEAST;至少;;;;;;;;;;X,,,,,
NUMBER_OF_DIPLOMATS;使节;;;;;;;;;;X,,,,,
NUMBER_OF_SPIES;间谍;;;;;;;;;;X,,,,,
NUMBER_OF_MISSIONARIES;布道者;;;;;;;;;;X,,,,,
NUMBER_OF_MERCHANTS;商贾;;;;;;;;;;X,,,,,
DEFENSIVENESS;要塞防御;;;;;;;;;;X,,,,,
PEACE_WILL_ACCEPT;他们可能接受这份条约;;;;;;;;;;X,,,,,
PEACE_WILL_NOT_ACCEPT;他们不会接受这份条约;;;;;;;;;;X,,,,,
NO_WAR_ON_OTHER_VASSALS;你不能向其他国家的附庸国宣战;;;;;;;;;;X,,,,,
english_colony_in_australia_title;监狱问题;;;;;;;;;;X,,,,,
english_colony_in_australia_desc;我们的监狱被各种各样的犯人填满了. \n为了获得更多的空间我们得把这些危险\n分子放回社会. 还有其他地方我们可以\n安置他们吗? ;;;;;;;;;;X,,,,,
establish_a_cot_in_britain_title;获得我们贸易的控制权;;;;;;;;;;X,,,,,
establish_a_cot_in_britain_desc;长期以来我们的贸易都掌控在佛兰德商\n人的手中. 为了真正的繁荣, 我们必须\n在我们的岛上建立一个自己的贸易中心. ;;;;;;;;;;X,,,,
establish_trade_in_indian_cot_title;在印度建立贸易;;;;;;;;;;X,,,,,
establish_trade_in_indian_cot_desc;东印度公司要求我们帮助他们在印度建\n立贸易. 一股强大的国会力量也在游说, \n这会给我们的王室带来利润. ;;;;;;;;;;X,,,,
establish_trade_in_american_cot_title;在美洲建立贸易;;;;;;;;;;X,,,,,
establish_trade_in_american_cot_desc;哈得孙湾公司正在劝说国会在美洲建立\n贸易. 我们应当建立这个产业. ;;;;;;;;;;X,,,,,
monopolize_british_cot_title;我们的钱正流向海外;;;;;;;;;;X,,,,,
monopolize_british_cot_desc;商人公司抱怨我们的财富正在流入外国\n商人的手中. 他们要求政府支持垄断国\n内贸易. ;;;;;;;;;;X,,,,,
HAVE_LESS_TOTAL_PORTS_THAN;拥有的港口少于;;;;;;;;;;X,,,,,
HAVE_MORE_TOTAL_PORTS_THAN;拥有的港口多于;;;;;;;;;;X,,,,,
ARMIES_IN;军队在;;;;;;;;;;X,,,,,
ANY_ELECTOR_STARTS;任意神罗小霸;;;;;;;;;;X,,,,,
THE_CAPITAL_IS;首都是;;;;;;;;;;X,,,,,
THE_CAPITAL_IS_NOT;首都不是;;;;;;;;;;X,,,,,
CANCEL_MISSION;放弃任务;;;;;;;;;;X,,,,,
CANNOT_CANCEL_MISSION_IRO;我们$DATE$之前不能放弃任务. ;;;;;;;;;;X,,,,,
CANCEL_MISSION_IRO;我们可以放弃任务, \n但是要花费我们$PRESTIGE$的声望, \n并且我们在接下来的5年不能再取消任务. ;;;;;;;;;;X,,,
improved_relations_with_electors_title;与小霸搞好关系;;;;;;;;;;X,,,,,
improved_relations_with_electors_desc;中原的选举系统有时候确实是\n个大问题. 最近我们跟一些小霸国关系\n不大好. 要保证我们的国王继续当霸主, \n我们就得加强同他们的关系. ;;;;;;;;;;X,,,,
MISSIONFAILEDUS_SETUP;当我们没能完成一个任务. ;;;;;;;;;;X,,,,,
MISSIONFAILEDUS_HEADER;我们没能完成任务;;;;;;;;;;X,,,,,
MISSIONFAILEDUS_1;$MISSION$! ;;;;;;;;;;X,,,,,
MISSIONFAILEDUS_2;$DESC$;;;;;;;;;;X,,,,,
MISSIONFAILEDUS_3; ;;;;;;;;;;X,,,,,
MISSIONFAILEDUS_4; ;;;;;;;;;;X,,,,,
MISSIONFAILEDUS_5; ;;;;;;;;;;X,,,,,
MISSIONFAILEDUS_6; ;;;;;;;;;;X,,,,,
MISSIONFAILEDUS_LOG;我们没能完成任务$MISSION$. ;;;;;;;;;;X,,,,,
MISSIONFAILEDUS_BTN1;确定;;;;;;;;;;X,,,,,
MISSIONFAILEDUS_BTN2;确定;;;;;;;;;;X,,,,,
MISSIONFAILEDUS_BTN3; ;;;;;;;;;;X,,,,,
MISSIONFAILEDUS_MAP; ;;;;;;;;;;X,,,,,
MISSIONCANCELUS_SETUP;当我们放弃了一个任务. ;;;;;;;;;;X,,,,,
MISSIONCANCELUS_HEADER;我们放弃了任务;;;;;;;;;;X,,,,,
MISSIONCANCELUS_1;$MISSION$! ;;;;;;;;;;X,,,,,
MISSIONCANCELUS_2;$DESC$;;;;;;;;;;X,,,,,
MISSIONCANCELUS_3; ;;;;;;;;;;X,,,,,
MISSIONCANCELUS_4; ;;;;;;;;;;X,,,,,
MISSIONCANCELUS_5; ;;;;;;;;;;X,,,,,
MISSIONCANCELUS_6; ;;;;;;;;;;X,,,,,
MISSIONCANCELUS_LOG;我们放弃了任务$MISSION$. ;;;;;;;;;;X,,,,,
MISSIONCANCELUS_BTN1;确定;;;;;;;;;;X,,,,,
MISSIONCANCELUS_BTN2;确定;;;;;;;;;;X,,,,,
MISSIONCANCELUS_BTN3; ;;;;;;;;;;X,,,,,
MISSIONCANCELUS_MAP; ;;;;;;;;;;X,,,,,
COLONYCITYUS_SETUP;当我们的一个新垦区转变成城市. ;;;;;;;;;;X,,,,,
COLONYCITYUS_HEADER;$MESSENGER$;;;;;;;;;;X,,,,,
COLONYCITYUS_1;新垦区成长为城市. ;;;;;;;;;;X,,,,,
COLONYCITYUS_2;$MONARCHTITLE$, 我们在;;;;;;;;;;X,,,,
COLONYCITYUS_3;$PROVINCE$;;;;;;;;;;X,,,,,
COLONYCITYUS_4;的新垦区已经成长为城市了! ;;;;;;;;;;X,,,,,
COLONYCITYUS_5; ;;;;;;;;;;X,,,,,
COLONYCITYUS_6; ;;;;;;;;;;X,,,,,
COLONYCITYUS_LOG;我们在$PROVINCE$的新垦区成长成为城市! ;;;;;;;;;;X,,,,,
COLONYCITYUS_BTN1;非常好! ;;;;;;;;;;X,,,,,
COLONYCITYUS_BTN2;非常好! ;;;;;;;;;;X,,,,,
COLONYCITYUS_BTN3;转到;;;;;;;;;;X,,,,,
COLONYCITYUS_MAP; ;;;;;;;;;;X,,,,,
IMMEDIATEEFFECT;直接效果:\n;;;;;;;;;;X,,,,,
IS_SUBJECT;是附庸国;;;;;;;;;;X,,,,,
IS_NOT_SUBJECT;不是附庸国;;;;;;;;;;X,,,,,
HAVE_LESS_CARDINALS_THAN;拥有的枢机主教少于;;;;;;;;;;X,,,,,
HAVE_MORE_CARDINALS_THAN;拥有至少;;;;;;;;;;X,,,,,
HAVE_MORE_CARDINALS_THAN2;枢机主教;;;;;;;;;;X,,,,,
HAVE_NO_BLOCKADED;没有被封锁;;;;;;;;;;X,,,,,
HAVE_BLOCKADE_IN;正在被封锁;;;;;;;;;;X,,,,,
has_inland_center_of_trade;拥有内陆贸易中心;;;;;;;;;;X,,,,,
has_coastal_center_of_trade;拥有沿海贸易中心;;;;;;;;;;X,,,,,
DEFINE_RULER_EFFECT;$NAME$成为了统治者. \n;;;;;;;;;;X,,,,,
NEXT_ELECTION;下一次选举;;;;;;;;;;X,,,,,
alert_national_decisions_instant;国家决议可用;;;;;;;;;;X,,,,,
alert_national_decisions_delayed;以下决议可用:\n$LIST$;;;;;;;;;;X,,,,,
alert_province_decisions_instant;省份决议可用;;;;;;;;;;X,,,,,
alert_province_decisions_delayed;以下省份有决议可通过:\n$LIST$;;;;;;;;;;X,,,,,
BREAKCOUNTRY_SETUP;当我们的国家被叛乱破坏;;;;;;;;;;X,,,,,
BREAKCOUNTRY_HEADER;$MESSENGER$;;;;;;;;;;X,,,,,
BREAKCOUNTRY_1;我们的国家崩溃了! ;;;;;;;;;;X,,,,,
BREAKCOUNTRY_2;$MONARCHTITLE$, \n叛徒们摧毁了我们国家的后方. ;;;;;;;;;;X,,,,
BREAKCOUNTRY_3;我们没有别的选择, \n只能接受他们无耻的要求. ;;;;;;;;;;X,,,,
BREAKCOUNTRY_4; ;;;;;;;;;;X,,,,,
BREAKCOUNTRY_5; ;;;;;;;;;;X,,,,,
BREAKCOUNTRY_6; ;;;;;;;;;;X,,,,,
BREAKCOUNTRY_LOG;我们的国家崩溃了! ;;;;;;;;;;X,,,,,
BREAKCOUNTRY_BTN1;天哪! ;;;;;;;;;;X,,,,,
BREAKCOUNTRY_BTN2;天哪! ;;;;;;;;;;X,,,,,
BREAKCOUNTRY_BTN3;转到;;;;;;;;;;X,,,,,
BREAKCOUNTRY_MAP; ;;;;;;;;;;X,,,,,
BREAKCOUNTRYOTHER_SETUP;当其他国家被叛军击破;;;;;;;;;;X,,,,,
BREAKCOUNTRYOTHER_HEADER;使者来自于;;;;;;;;;;X,,,,,
BREAKCOUNTRYOTHER_1;$OTHER$;;;;;;;;;;X,,,,,
BREAKCOUNTRYOTHER_2;$MONARCHTITLE$, 这些蠢货! ;;;;;;;;;;X,,,,
BREAKCOUNTRYOTHER_3;$OTHER$已经崩溃了. ;;;;;;;;;;X,,,,,
BREAKCOUNTRYOTHER_4;他们现在甚至不能打一场像样的战争. ;;;;;;;;;;X,,,,,
BREAKCOUNTRYOTHER_5;他们的城市变成了冒烟的废墟, \n军队也被解散了. ;;;;;;;;;;X,,,,
BREAKCOUNTRYOTHER_6;他们只能放弃所有被占领的领土来乞求和平. ;;;;;;;;;;X,,,,,
BREAKCOUNTRYOTHER_LOG;$OTHER$崩溃了! ;;;;;;;;;;X,,,,,
BREAKCOUNTRYOTHER_BTN1;确定;;;;;;;;;;X,,,,,
BREAKCOUNTRYOTHER_BTN2;确定;;;;;;;;;;X,,,,,
BREAKCOUNTRYOTHER_BTN3;转到;;;;;;;;;;X,,,,,
BREAKCOUNTRYOTHER_MAP; ;;;;;;;;;;X,,,,,
friendly_regiments;友军部队;;;;;;;;;;X,,,,,
ANY_ALL;任一;;;;;;;;;;X,,,,,
CANT_SEE_UNDER_FOW;除非更进一步地到达否则不能决定;;;;;;;;;;X,,,,,
VASSAL_TIMER;在$DATE$之前提供这个是不可能的;;;;;;;;;;X,,,,,
LOCAL_DEFENSIVENESS;本地防御效率;;;;;;;;;;X,,,,,
BASE_TAX_LESS_THAN;基础税收少于;;;;;;;;;;X,,,,,
BASE_TAX_MORE_THAN;基础税收至少;;;;;;;;;;X,,,,,
COT_VAL_LESS_THAN;贸易中心的价值少于;;;;;;;;;;X,,,,,
COT_VAL_MORE_THAN;贸易中心的价值至少;;;;;;;;;;X,,,,,
IS_NOT_LOOTED;没有被劫掠;;;;;;;;;;X,,,,,
IS_LOOTED;被劫掠;;;;;;;;;;X,,,,,
INDEF;结束;;;;;;;;;;X,,,,,
CREATE_ADVISOR;获得$WHICH$. \n;;;;;;;;;;X,,,,,
DEFINE_ADVISOR;$NAME$先生, $SKILL$星$TYPE$\n来到了$LOCATION$. \n;;;;;;;;;;X,,,,
MISS_DIST_CAPITAL;与首都的距离;;;;;;;;;;X,,,,,
FE_NUM_PLAYERS;玩家数量:$NUM$;;;;;;;;;;X,,,,,
IS_NOT_COUNTRY_CORE;不是$COUNTRYADJ$核心领土;;;;;;;;;;X,,,,,
IS_COUNTRY_CORE;是$COUNTRYADJ$核心领土;;;;;;;;;;X,,,,,
scorched_earth;被烧焦的废墟;;;;;;;;;;X,,,,,
UNIT_SCORCH_PROVINCE;焦土政策;;;;;;;;;;X,,,,,
SCORCHEDEARTH_SETUP;当敌人烧焦了我们的一个省份. ;;;;;;;;;;X,,,,,
SCORCHEDEARTH_HEADER;$MESSENGER$;;;;;;;;;;X,,,,,
SCORCHEDEARTH_1;$PROVINCE$被烧毁! ;;;;;;;;;;X,,,,,
SCORCHEDEARTH_2;$MONARCHTITLE$, \n我们获得来自$PROVINCE$的消息:;;;;;;;;;;X,,,,
SCORCHEDEARTH_3;$ACTOR$;;;;;;;;;;X,,,,,
SCORCHEDEARTH_4;实行了针对发展的严重罪行;;;;;;;;;;X,,,,,
SCORCHEDEARTH_5;在$PROVINCE$实施焦土政策! ;;;;;;;;;;X,,,,,
SCORCHEDEARTH_6;人民哭喊着要复仇. ;;;;;;;;;;X,,,,,
SCORCHEDEARTH_LOG;$PROVINCE$被$ACTOR$实施焦土政策;;;;;;;;;;X,,,,,
SCORCHEDEARTH_BTN1;确定;;;;;;;;;;X,,,,,
SCORCHEDEARTH_BTN2;确定;;;;;;;;;;X,,,,,
SCORCHEDEARTH_BTN3;转到;;;;;;;;;;X,,,,,
SCORCHEDEARTH_MAP; ;;;;;;;;;;X,,,,,
SCORCHEDEARTHUS_SETUP;当我们烧焦了一个省份;;;;;;;;;;X,,,,,
SCORCHEDEARTHUS_HEADER;$MESSENGER$;;;;;;;;;;X,,,,,
SCORCHEDEARTHUS_1;$PROVINCE$被烧毁! ;;;;;;;;;;X,,,,,
SCORCHEDEARTHUS_2;$MONARCHTITLE$, \n我们的军队实行了焦土政策在;;;;;;;;;;X,,,,
SCORCHEDEARTHUS_3;$PROVINCE$;;;;;;;;;;X,,,,,
SCORCHEDEARTHUS_4;让敌人来吧, 他们只能尝到灰烬! ;;;;;;;;;;X,,,,
SCORCHEDEARTHUS_5; ;;;;;;;;;;X,,,,,
SCORCHEDEARTHUS_6; ;;;;;;;;;;X,,,,,
SCORCHEDEARTHUS_LOG;我们实行了焦土政策在$PROVINCE$;;;;;;;;;;X,,,,,
SCORCHEDEARTHUS_BTN1;确定;;;;;;;;;;X,,,,,
SCORCHEDEARTHUS_BTN2;确定;;;;;;;;;;X,,,,,
SCORCHEDEARTHUS_BTN3;转到;;;;;;;;;;X,,,,,
SCORCHEDEARTHUS_MAP; ;;;;;;;;;;X,,,,,
SUPPLY_AFFECTED;以下的因素可能会影响这种货物的供应. ;;;;;;;;;;X,,,,,
DEMAND_AFFECTED;全世界每个有人口的省份\n对这种货物的需求受以下因素影响. ;;;;;;;;;;X,,,,,
ITS_OWNER;拥有者;;;;;;;;;;X,,,,,
UNIT_SCORCH_PROVINCE_IRO;焦土将持续$MONTHS$月并有以下效果:;;;;;;;;;;X,,,,,
UNIT_DETACH_SIEGE;分兵围城;;;;;;;;;;X,,,,,
UNIT_DETACH_MERC;分离佣兵;;;;;;;;;;X,,,,,
DETMER_NONE;军队之中没有私募兵可供分离. ;;;;;;;;;;X,,,,,
DETMER_ALL;军队完全由私募兵组成. ;;;;;;;;;;X,,,,,
DETMER_EXPL;这将会使所有此军队中的私募兵分离\n出去形成一支新的军队. ;;;;;;;;;;X,,,,,
DETSIEG_NOSIEGE;在该省份没有围城行动. ;;;;;;;;;;X,,,,,
DETSIEG_NOTENOUGH;这支军队没有足够的步兵分离出来形\n成合适的围城部队. ;;;;;;;;;;X,,,,,
DETSIEG_EXPL;这将会分离出足够的部队来实行围城. ;;;;;;;;;;X,,,,,
MIS_CONST_TIP;布道者正在不知疲倦地\n在这个省份传播$RELIGION$信仰. \n他的成功几率为百分之$CHANCE$. ;;;;;;;;;;X,,,,,
MIS_CONST_CONFIRM;花费:$AMOUNT$? \n机会:百分之$CHANCE$. ;;;;;;;;;;X,,,,,
SENDMISSIONARY;派遣一个布道者尝试把该省份转换为\n你的国教, 这将花费$COST$W? , \n并且有百分之$CHANCE$的几率成功. 只是省\n份的人民不会那么乐意的...;;;;;;;;;;X,,,
CONFIRMCANCELMISSIONTITLE;取消传教;;;;;;;;;;X,,,,,
CONFIRMCANCELMISSIONTEXT;你确定要中止在$PROV$的传教活动? ;;;;;;;;;;X,,,,,
CAN_RECALL_MISSIONARY;我们可以取消传教任务, \n但是投资就回不来了. ;;;;;;;;;;X,,,,
active_missionary;当前的传教;;;;;;;;;;X,,,,,
SHIP_COST;船只花费;;;;;;;;;;X,,,,,
REGIMENT_COST;部队花费;;;;;;;;;;X,,,,,
ATTR_SAFE_RANGE;一直舰队处在补给范围内, 或者靠近\n海岸是不会有任何损耗的. ;;;;;;;;;;X,,,,
SHIP_SUPPLY_RANGE;海军补给上限;;;;;;;;;;X,,,,,
HAS_MISSIONARY;有正在进行的传教;;;;;;;;;;X,,,,,
HAS_NOT_MISSIONARY;没有正在进行的传教;;;;;;;;;;X,,,,,
MAY_ATTACK_RELIGIOUS_ENEMIES;我们不再需要宣战借口来向异端宣战. ;;;;;;;;;;X,,,,,
MERCHANT_OWN_COT_COMPETE_CHANCE;国内商人竞争几率;;;;;;;;;;X,,,,,
MERCHANT_OWN_COT_PLACEMENT_CHANCE;国内商人安置几率;;;;;;;;;;X,,,,,
INCOMETARRIFFS;关税;;;;;;;;;;X,,,,,
TARIFFS;关税;;;;;;;;;;X,,,,,
TARIFF_TOOLTIP;你有$NUM_SHIPS$艘船保护$NUM_OVERSEAS$个\n海外省份的航线. ;;;;;;;;;;X,,,,,
PW_TARIFF;关税;;;;;;;;;;X,,,,,
PROV_TARIFF_DESCR;关税是一部分由海上贸易带回本土的税收. \n你需要一直强大的舰队来保护这贸易. ;;;;;;;;;;X,,,,,
PROV_TARIFF_S_DESCR;如果是海外省份就会征收关税. ;;;;;;;;;;X,,,,,
TARIFF_FACTOR;关税产出:;;;;;;;;;;X,,,,,
TARIFF_EFF;$SHIPS$艘船保护着$OVERSEAS$个海外省份的航线, \n效率为百分之$EFF$. ;;;;;;;;;;X,,,,
NO_TARIFF_HERE;只有在海外领土才有关税产出. ;;;;;;;;;;X,,,,,
UNIT_ENABLE_PATROL;未巡逻;;;;;;;;;;X,,,,,
UNIT_DISABLE_PATROL;巡逻中;;;;;;;;;;X,,,,,
LOCAL_TARIFF_MODIFIER;当地关税;;;;;;;;;;X,,,,,
GLOBAL_TARIFF_MODIFIER;全国关税;;;;;;;;;;X,,,,,
NOT_POSSIBLE_CAUSE;不可能, 因为下列条件不成立. ;;;;;;;;;;X,,,,
ALLOWED_CAUSE;在这里可能, 因为以下条件满足;;;;;;;;;;X,,,,
placed_merchants;总共已进驻商人;;;;;;;;;;X,,,,,
OL_MISSION_DESC;我们的传教活动每年有$CHANCE$%的几率成功. ;;;;;;;;;;X,,,,,
HAVE_MORE_MONEY_THAN;月收入至少;;;;;;;;;;X,,,,,
HAVE_LESS_MONEY_THAN;月收入少于;;;;;;;;;;X,,,,,
NOT_SAME_REL_GROUP;他们跟我们不属于同一宗教组群. ;;;;;;;;;;X,,,,,
MISSIONARY_MAINTENANCE;传教维护费;;;;;;;;;;X,,,,,
EXPENSEMISSIONARY;传教 维护费;;;;;;;;;;X,,,,,
MISSIONARY_MAINT_IRO;我们有$NUM_MISSIONARIES$$MISSIONARIES_EACH$每年花费我们$COST$?来维持, \n基础成功率是$CHANCE$. ;;;;;;;;;;X,,,,
MISSIONARIES_EACH_PLURAL;传教, 每个;;;;;;;;;;X,,,,
MISSIONARIES_EACH_SINGULAR;传教, ;;;;;;;;;;X,,,,
NO_MISSIONARY_MAINT_IRO;我们没有要维持的传教行动. ;;;;;;;;;;X,,,,,
CAST_ELECTORAL_VOTE;投选举票;;;;;;;;;;X,,,,,
unknown;未知;;;;;;;;;;X,,,,,
unknownDESC;我们不知道这个省份产出什么资源, \n除非它被移民. ;;;;;;;;;;X,,,,
CAST_VOTE_FOR;我们投票选举;;;;;;;;;;X,,,,,
HRE_OTHER_VOTE;$ELECTOR$的小霸为$VOTE$投票. ;;;;;;;;;;X,,,,,
CURRENTLY_VOTING_FOR;我们正在投票选举;;;;;;;;;;X,,,,,
NO_OVERSEAS_PRODINCOME;在海外省份, 工业收入被完全由关税代替. ;;;;;;;;;;X,,,,
MAJOREVENTHAPPENOTHEROPTION_SETUP;当别国发生了重要的选择事件. . ;;;;;;;;;;X,,,,,
MAJOREVENTHAPPENOTHEROPTION_HEADER;使者来自于;;;;;;;;;;X,,,,,
MAJOREVENTHAPPENOTHEROPTION_1; $COUNTRY$ ;;;;;;;;;;X,,,,,
MAJOREVENTHAPPENOTHEROPTION_2;他们告诉我们事件;;;;;;;;;;X,,,,,
MAJOREVENTHAPPENOTHEROPTION_3;$EVENT$发生了. ;;;;;;;;;;X,,,,,
MAJOREVENTHAPPENOTHEROPTION_4;在艰难的抉择中, 他们决定以;;;;;;;;;;X,,,,
MAJOREVENTHAPPENOTHEROPTION_5;$OPTION$;;;;;;;;;;X,,,,,
MAJOREVENTHAPPENOTHEROPTION_6;作为他们的选择. ;;;;;;;;;;X,,,,,
MAJOREVENTHAPPENOTHEROPTION_LOG; $COUNTRY$ 在$EVENT$中选择了$OPTION$;;;;;;;;;;X,,,,,
MAJOREVENTHAPPENOTHEROPTION_BTN1;确定;;;;;;;;;;X,,,,,
MAJOREVENTHAPPENOTHEROPTION_BTN2;确定;;;;;;;;;;X,,,,,
MAJOREVENTHAPPENOTHEROPTION_BTN3;转到;;;;;;;;;;X,,,,,
MAJOREVENTHAPPENOTHEROPTION_MAP; ;;;;;;;;;;X,,,,,
MAJOREVENTHAPPENOTHER_SETUP;当其他国家发生了一个单选的事件. ;;;;;;;;;;X,,,,,
MAJOREVENTHAPPENOTHER_HEADER;使者来自于;;;;;;;;;;X,,,,,
MAJOREVENTHAPPENOTHER_1; $COUNTRY$ ;;;;;;;;;;X,,,,,
MAJOREVENTHAPPENOTHER_2;他们告诉我们;;;;;;;;;;X,,,,,
MAJOREVENTHAPPENOTHER_3;$EVENT$发生了. ;;;;;;;;;;X,,,,,
MAJOREVENTHAPPENOTHER_4;$EVENTDESC$;;;;;;;;;;X,,,,,
MAJOREVENTHAPPENOTHER_5; ;;;;;;;;;;X,,,,,
MAJOREVENTHAPPENOTHER_6; ;;;;;;;;;;X,,,,,
MAJOREVENTHAPPENOTHER_LOG;$EVENT$在 $COUNTRY$ 发生;;;;;;;;;;X,,,,,
MAJOREVENTHAPPENOTHER_BTN1;确定;;;;;;;;;;X,,,,,
MAJOREVENTHAPPENOTHER_BTN2;确定;;;;;;;;;;X,,,,,
MAJOREVENTHAPPENOTHER_BTN3; ;;;;;;;;;;X,,,,,
MAJOREVENTHAPPENOTHER_MAP; ;;;;;;;;;;X,,,,,
ENABLED_FOR_LESS_THAN;可能的宗教少于;;;;;;;;;;X,,,,,
ENABLED_FOR_AT_LEAST;可能的宗教至少;;;;;;;;;;X,,,,,
CANT_CAST_ELECTORAL_VOTE;我们不能改变选举人直到;;;;;;;;;;X,,,,,
TRIG_IS;是;;;;;;;;;;X,,,,,
TRIG_ISNOT;不是;;;;;;;;;;X,,,,,
OPTIONS;选项;;;;;;;;;;X,,,,,
Autosend Priority;自动派遣优先权;;;;;;;;;;X,,,,,
Options;选项;;;;;;;;;;X,,,,,
Rulers;统治者;;;;;;;;;;X,,,,,
War Exhaustion;厌战程度;;;;;;;;;;X,,,,,
War Capacity;作战能力;;;;;;;;;;X,,,,,
Stability;稳定度;;;;;;;;;;X,,,,,
Battles;战斗;;;;;;;;;;X,,,,,
CANT_NEGOTIATE_UNTIL;我们不能再次同叛军谈判直到;;;;;;;;;;X,,,,,
WONT_NEGOTIATE;他们不会同意谈判除非下列条件达成:;;;;;;;;;;X,,,,,
ALWAYS_FALSE;从不;;;;;;;;;;X,,,,,
ALWAYS_TRUE;总是;;;;;;;;;;X,,,,,
REMOVE_FOW;去掉 $COUNTRY$ 的战争迷雾持续$MONTHS$个月. ;;;;;;;;;;X,,,,,
RENAME_PROV_EFF;$OLD$改名为Y$NEW$W. \n;;;;;;;;;;X,,,,,
IS_NOT_CAPITAL;不是首都;;;;;;;;;;X,,,,,
IS_CAPITAL;是首都;;;;;;;;;;X,,,,,
total_occupation;被占领的国内省份;;;;;;;;;;X,,,,,
total_blockaded;被封锁国内港口;;;;;;;;;;X,,,,,
WAR_EXHUASTION_LABEL;厌战程度;;;;;;;;;;X,,,,,
WE_MODIFIED_BY;每月变化;;;;;;;;;;X,,,,,
MODIFIER_DIPLO_SKILL;外交技能修正;;;;;;;;;;X,,,,,
WARE_EFFECTS;当前厌战的效果. ;;;;;;;;;;X,,,,,
LEDGER_TARIFFS;关税;;;;;;;;;;X,,,,,
CURRENT_POSITION;当前位置;;;;;;;;;;X,,,,,
FOW_IS_NOT_LIFTED;战争迷雾没有消除;;;;;;;;;;X,,,,,
FOW_IS_LIFTED;战争迷雾已经消除;;;;;;;;;;X,,,,,
HAVE_GLOBAL_FLAG;有世界标志;;;;;;;;;;X,,,,,
HAVE_NOT_GLOBAL_FLAG;没有世界标志;;;;;;;;;;X,,,,,
EVTNAME2020;$PROVINCECAPITAL$的议会;;;;;;;;;;X,,,,,
EVTDESC2020;尊贵的教皇陛下给枢机主教们下达了处理宗教改革\n运动的命令. 由于中原信仰本身不能妥协, 教皇\n和大多数枢机主教都愿意把宗教改革运动认为是非\n法的. 因此, 议会建议改变教会的管理, 减少主教\n和牧师的数量, 颁布一些新的宗教法令, 来帮助\n反宗教改革运动. 新的决议:反对宗教改革;;;;;;;;;;X
EVTOPTA2020;是时候了! ;;;;;;;;;;X,,,,,
middle_east_central_asia;中东和中亚;;;;;;;;;;X,,,,,
MODIFIER_ADDED;$WHERE$获得$WHAT$持续到$DATE$, \n给予以下效果:\n$EFFECT$\n;;;;;;;;;;X,,,,
EVTNAME9520;在 $PROVINCENAME$ 废除奴隶制;;;;;;;;;;X,,,,,
EVTDESC9520;由于在 $COUNTRY$ 奴隶制已被废除, \n我们需要找到其他方式来在 $PROVINCENAME$ 获利. \n希望我们的贸易者能找到其他的有利润的东西吧. ;;;;;;;;;;X,,,,
EVTOPTA9520;让我的人民去吧! ;;;;;;;;;;X,,,,,
EVTNAME2100;少数宗教者;;;;;;;;;;X,,,,,
EVTDESC2100;很不幸地 $PROVINCENAME$ 的少数宗教者觉得\n他们不能获得政府的任何支持了. ;;;;;;;;;;X,,,,,
EVTOPTA2100;这怎么可能? ;;;;;;;;;;X,,,,,
EVTNAME2101;少数团体;;;;;;;;;;X,,,,,
EVTDESC2101;很不幸地生活在 $PROVINCENAME$ 的少数团体\n觉得他们不再能获得政府的任何支持了. ;;;;;;;;;;X,,,,,
EVTOPTA2101;这怎么可能? ;;;;;;;;;;X,,,,,
EVTNAME2102;国家商人;;;;;;;;;;X,,,,,
EVTDESC2102;由于 $PROVINCENAME$ 不再有贸易中心, \n确实没什么必要支持那里的国家商人了. ;;;;;;;;;;X,,,,
EVTOPTA2102;当然没必要;;;;;;;;;;X,,,,,
TREASURY_DISTRIBUTION;当前财政下通货膨胀每年变化$TOTAL$. \n$BUDGET$来自铸币, 同时我们的理念、国策、朝臣和内史以$REDUCTION$减少它. ;;;;;;;;;;X,,,,
establish_the_wooden_wall_title;建立舰队作为我们的浮动城墙;;;;;;;;;;X,,,,,
establish_the_wooden_wall_desc;如果我们要保卫我们的岛屿, 我们必须得有舰队. 让我们建立舰队作为我们的浮动城墙吧. ;;;;;;;;;;X,,,,
the_wooden_wall;舰队是我们的木墙;;;;;;;;;;X,,,,,
desc_the_wooden_wall;我从来没说法国人不会来, \n我只是说他们不能从海上来. ;;;;;;;;;;X,,,,
NOCOLLANDLOCKED;这个省份被陆地封锁了, \n没有连接到我们的任意一个完全发展的省份. ;;;;;;;;;;X,,,,
RELATION_CAPPED;关系已经非常好了, \n只有通过额外行动才能获得更大的提升. ;;;;;;;;;;X,,,,
DIPRELCH_ROYALMARRIAGE;公室联姻;;;;;;;;;;X,,,,,
DIPRELCH_DEPENDENCY;联合统治/附属关系;;;;;;;;;;X,,,,,
DIPRELCH_EMBARGO;贸易禁运;;;;;;;;;;X,,,,,
DIPRELCH_WAR;交战;;;;;;;;;;X,,,,,
DIPRELCH_SUBSIDIES;战争援助;;;;;;;;;;X,,,,,
DIPRELCH_NBOR_PEACE;和平的邻国;;;;;;;;;;X,,,,,
DIPRELCH_DIFF_RGROUP;不同宗教组群;;;;;;;;;;X,,,,,
DIPRELCH_DIFF_RELIGION;不同宗教;;;;;;;;;;X,,,,,
DIPRELCH_DIP_SKILL;外交技能;;;;;;;;;;X,,,,,
DIPRELCH_GUARANTEE;保障独立;;;;;;;;;;X,,,,,
DIPRELCH_CULTURE;相同文化;;;;;;;;;;X,,,,,
DIPRELCH_TRADEAGREEMENT;贸易协议;;;;;;;;;;X,,,,,
DIPRELCH_HASACCESS;军事通行;;;;;;;;;;X,,,,,
DIPRELCH_PRESTIGE;声望;;;;;;;;;;X,,,,,
DIPRELCH_EXCOMMUNICATED;革除教籍;;;;;;;;;;X,,,,,
WARTAX_TIP_DELAYED;战争税将持续到我们取消或战争结束. ;;;;;;;;;;X,,,,,
WARTAX_STOP_TIP;我们可以停止征收战争税, \n但是这不会减少当前的厌战程度. ;;;;;;;;;;X,,,,
STOP_WARTAXES;停征战争税;;;;;;;;;;X,,,,,
bg_decision_taken;$MONARCHNAME$$ADJECTIVE2$$WHICH$. ;;;;;;;;;;X,,,,,
bg_dec_tak_1_1;很明智地;;;;;;;;;;X,,,,,
bg_dec_tak_1_2;决定;;;;;;;;;;X,,,,,
bg_dec_tak_1_3;遵从宫廷的建议;;;;;;;;;;X,,,,,
bg_dec_tak_1_4;下令通过决议;;;;;;;;;;X,,,,,
bg_dec_tak_1_5;通过决议;;;;;;;;;;X,,,,,
FE_LUCK;幸运国家;;;;;;;;;;X,,,,,
LUCK_HISTORICAL;历史;;;;;;;;;;X,,,,,
LUCK_RANDOM;随机;;;;;;;;;;X,,,,,
LUCK_NONE;没有;;;;;;;;;;X,,,,,
EVTNAME610;统一$THISCOUNTRY$;;;;;;;;;;X,,,,,
EVTDESC610;当一个小国家放弃自己的独立地位加入我们的王国\n时, 有很多东西要去适应, 虽然有些方面很容易, \n但是王国的管理还是要能适应各种可能性. ;;;;;;;;;;X,,
EVTOPTB610A;从$CAPITAL_CITY$进行管理很难;;;;;;;;;;X,,,,,
MAY_REPAIR_AT_SEA;船只可以在沿海海域修理. ;;;;;;;;;;X,,,,,
DIPLO_SKILL_IMPACT;当跟其他国家进行外交协商时, \n这个值被修正$VALUE$, 由于...;;;;;;;;;;X,,,
REVOLTSIEGE_SETUP;当起义者在你的一个省份达成他们的目的 ;;;;;;;;;;X,,,,,
REVOLTSIEGE_HEADER;$MESSENGER$;;;;;;;;;;X,,,,,
REVOLTSIEGE_1;叛军胜利了! ;;;;;;;;;;X,,,,,
REVOLTSIEGE_2;$MONARCHTITLE$, $REBELS$控制了;;;;;;;;;;X,,,,
REVOLTSIEGE_3;$PROV$. ;;;;;;;;;;X,,,,,
REVOLTSIEGE_4;$EFFECT$;;;;;;;;;;X,,,,,
REVOLTSIEGE_5; ;;;;;;;;;;X,,,,,
REVOLTSIEGE_6; ;;;;;;;;;;X,,,,,
REVOLTSIEGE_LOG;$REBELS$在$PROV$达到了目的;;;;;;;;;;X,,,,,
REVOLTSIEGE_BTN1;确定;;;;;;;;;;X,,,,,
REVOLTSIEGE_BTN2;确定;;;;;;;;;;X,,,,,
REVOLTSIEGE_BTN3;转到;;;;;;;;;;X,,,,,
REVOLTSIEGE_MAP;$REBELS$胜利;;;;;;;;;;X,,,,,
PREVIOUS_MISSION_WASNT;上一次任务不是;;;;;;;;;;X,,,,,
PREVIOUS_MISSION_WAS;上一次任务是;;;;;;;;;;X,,,,,
WARTAX_CANT_STOP_TIP;战争税将征收到;;;;;;;;;;X,,,,,
EVTNAME9550;贸易重点;;;;;;;;;;X,,,,,
EVTDESC9550;我们国会的一些成员觉得我们没有给予国家贸易\n足够的重视. 我们不仅没有主宰这片地区的贸易, \n而且做的更差, 就像一些议员说的一样. 这种状况\n下我们根本不可能由国会通过什么像样的决议, \n除非某些了解他们的人站出来. ;;;;;;;;;;X,,
EVTOPTA9550;我们需要更多的商人;;;;;;;;;;X,,,,,
EVTOPTB9550;我们缺乏的是效率;;;;;;;;;;X,,,,,
EVTNAME9551;贸易扩展;;;;;;;;;;X,,,,,
EVTDESC9551;在国会中关于扩展贸易的方式的讨论已经进行了\n一段时间了. 我们已经完全控制了本地的贸易中心, \n但是有很多人被海外的贸易机会吸引着, 其他人则\n认为风险太大, 应该直接在国内赚钱. ;;;;;;;;;;X,,
EVTOPTA9551;地方贸易是我们应当集中的;;;;;;;;;;X,,,,,
EVTOPTB9551;或许现在是时候拓展我们的眼界了;;;;;;;;;;X,,,,,
EVTNAME9552;预算争议;;;;;;;;;;X,,,,,
EVTDESC9552;我们的国会在决定如何管理国家的问题上争论不休, \n特别是关于预算, 税收, 港税, 贸易和风俗政策. \n现在我们应当投资更多的钱到科研上, 还是为未来\n储存起来呢? ;;;;;;;;;;X
EVTOPTA9552;把它全都投入研究;;;;;;;;;;X,,,,,
EVTOPTB9552;保留一些作为未来的花费;;;;;;;;;;X,,,,,
EVTNAME9553;国会中的争端;;;;;;;;;;X,,,,,
EVTDESC9553;我们的国会在建立一个新贸易中心的问题上分裂了. \n他们中的大多数觉得我们这样的一个贸易国家却没\n有自己的贸易中心是不可理喻的, 但是我们也知道\n这并不便宜, 需要细致地考虑. ;;;;;;;;;;X,,,
EVTOPTA9553;尝试调停两个党派;;;;;;;;;;X,,,,,
EVTOPTB9553;推行一些变革;;;;;;;;;;X,,,,,
EVTNAME9554;错误的重心;;;;;;;;;;X,,,,,
EVTDESC9554;我们国会的少数成员觉得我们太国注重军事扩张而非\n贸易扩张. 他们抱怨过多的钱被投入到军事中, \n而几乎没有资金来改善我们的贸易状况. ;;;;;;;;;;X,,,,
EVTOPTA9554;一些都在计划之中;;;;;;;;;;X,,,,,
EVTOPTB9554;或许我们的重心有点小错;;;;;;;;;;X,,,,,
EVTNAME9555;国会问题;;;;;;;;;;X,,,,,
EVTDESC9555;$STATESMAN$最近忙着推行新的变化, 一个接一个. \n虽然你可以说他只是在做自己的工作, 但是他经常\n性的干涉和目空一切的态度在国会中引起了一系列\n的不满, 有些人甚至认为没有他我们会做的更好. ;;;;;;;;;;X,,
EVTOPTA9555;寻找某人代替他;;;;;;;;;;X,,,,,
EVTOPTB9555;再给他一个机会;;;;;;;;;;X,,,,,
EVTNAME9556;激烈的辩论;;;;;;;;;;X,,,,,
EVTDESC9556;一些国会的成员抱怨着我们日益增加的坏名声, \n他们宣称这会给我们的贸易带来坏的影响. 这个问\n题被提起来无数次, 但是没有足够多的人认为是有\n意义的. 现在它真的导致了一些激烈的辩论, 或许\n我们应当在它失去控制之前解决掉. ;;;;;;;;;;X,,
EVTOPTA9556;这是非常明智的;;;;;;;;;;X,,,,,
EVTOPTB9556;那根本不是问题;;;;;;;;;;X,,,,,
EVTNAME9557;进攻或防守;;;;;;;;;;X,,,,,
EVTDESC9557;进行中的战争给我们的国会带来了一些严重冲突. \n一放的人认为让战争持续下去没有一点好处, 另一\n方则认为此时停战我们得不到任何回报. 他们这样\n争下去无法改善我们的现状. ;;;;;;;;;;X,,,,
EVTOPTA9557;进攻或许是我唯一的原则;;;;;;;;;;X,,,,,
EVTOPTB9557;现阶段防守看起来更好一点;;;;;;;;;;X,,,,,
EVTNAME9558;意见冲突;;;;;;;;;;X,,,,,
EVTDESC9558;貌似总是有小部分国会议员不同意其他人的意见. \n这个独特的组群有不同于别人的意见. ;;;;;;;;;;X,,,,,
EVTOPTA9558;最好让事物保持原状;;;;;;;;;;X,,,,,
EVTOPTB9558;或许该作些变化;;;;;;;;;;X,,,,,
POLICY_TRIGGER;$SLIDER$$DIRECTION$$VALUE$. ;;;;;;;;;;X,,,,,
EVTNAME9559;国会内的渗透者;;;;;;;;;;X,,,,,
EVTDESC9559;我们当中有一个间谍! 一个间谍不知怎么地渗入了\n我们的国会, 现在所有人都有嫌疑. 我们还没能找\n出他, 他应该是来自跟我们关系不好的邻国吧. ;;;;;;;;;;X,,,
EVTOPTA9559;这是不可能的;;;;;;;;;;X,,,,,
EVTOPTB9559;这是唯一合理的解释;;;;;;;;;;X,,,,,
EVTNAME9560;国会的叛徒;;;;;;;;;;X,,,,,
EVTDESC9560;看起来我们国会的一员正把情报卖给我们的敌人, \n否则你怎么解释他们可以预测到我们每一个动作? \n这些可都是我们没在国会建筑之外讨论过的事情. ;;;;;;;;;;X,,,,
EVTOPTA9560;当然是他们中的一员;;;;;;;;;;X,,,,,
EVTOPTB9560;在我们知道更多之前最好谨慎行事;;;;;;;;;;X,,,,,
EVTNAME9561;政治混乱;;;;;;;;;;X,,,,,
EVTDESC9561;我们国会的犹豫和无法作出任何决议导致了我们陷\n入了混乱的边缘. 每个成员都在竭尽全力说话, \n却没人愿意聆听别人在说什么. ;;;;;;;;;;X,,,,
EVTOPTA9561;这只是政治的自然现象;;;;;;;;;;X,,,,,
EVTOPTB9561;有必要做一些改革;;;;;;;;;;X,,,,,
EVTNAME9562;受影响的决议;;;;;;;;;;X,,,,,
EVTDESC9562;你注意到了国会的某些成员接受了各种来源的贿赂, \n影响了各种国家决议. ;;;;;;;;;;X,,,,
EVTOPTA9562;这应当被阻止;;;;;;;;;;X,,,,,
EVTOPTB9562;这是不可能的;;;;;;;;;;X,,,,,
EVTNAME9563;财政分歧;;;;;;;;;;X,,,,,
EVTDESC9563;我们的经济并不是看到的样子. 国库已经空掉了, \n我们的议会似乎也不清楚如何处理这种状况, \n也不知道这是怎么发生的. 铸造更多的货币或者\n提税, 要用哪种方式由你来决定. ;;;;;;;;;;X,,
EVTOPTA9563;铸造更多货币;;;;;;;;;;X,,,,,
EVTOPTB9563;提升税率;;;;;;;;;;X,,,,,
EVTNAME9564;军事花费;;;;;;;;;;X,,,,,
EVTDESC9564;我们国会的一些成员抱怨我们花费了太多的钱在军\n事上. 他们说如果不削减军事花费我们的生产和贸\n易就会遭到损失. ;;;;;;;;;;X,,,,,
EVTOPTA9564;不, 贸易和生产没这么重要;;;;;;;;;;X,,,,
EVTOPTB9564;削减军事花费;;;;;;;;;;X,,,,,
trade_and_production_cutbacks;贸易和生产削减;;;;;;;;;;X,,,,,
desc_trade_and_production_cutbacks;我们不得不削减贸易和生产花费来支持我们的军事;;;;;;;;;;X,,,,,
military_cutbacks;军费削减;;;;;;;;;;X,,,,,
desc_military_cutbacks;我们不得不削减军事花费来支持贸易和生产;;;;;;;;;;X,,,,,
EVTNAME9565;强大的陆军或海军? ;;;;;;;;;;X,,,,,
EVTDESC9565;我们的国会在军事重心上发生了分歧, 一些人认为\n我们应当建立强大的海军, 而另外的人支持陆军. \n虽然一些中性的手段可以被进行, 但是他们中的大\n多数还是希望扩充海军的数量. ;;;;;;;;;;X,,
EVTOPTA9565;强大的海军是唯一的选择;;;;;;;;;;X,,,,,
EVTOPTB9565;强大的陆军或许会更有利;;;;;;;;;;X,,,,,
EVTNAME9566;军事宽容;;;;;;;;;;X,,,,,
EVTDESC9566;我们国会的一些成员觉得我们在关于本属于我们的\n土地的控制权问题上显得太过宽容了. 他们不明白\n为什么我们可以让一个像 $PROVINCENAME$ 这样的\n核心省份被控制在其他国家手中. ;;;;;;;;;;X,,,,,
EVTOPTA9566;他们并没有更大的前景;;;;;;;;;;X,,,,,
EVTOPTB9566;我对那里没一点兴趣;;;;;;;;;;X,,,,,
EVTNAME9567;太多的自由;;;;;;;;;;X,,,,,
EVTDESC9567;我们国会的一些成员觉得 $MONARCH$ 自从\n最近执掌我们政府以来获得了太多的自由. 有些人\n甚至称 $MONARCH$ 缺乏对宪法和国会成员的尊重. ;;;;;;;;;;X,,,,,
EVTOPTA9567;他们太过夸张了;;;;;;;;;;X,,,,,
EVTOPTB9567;采取适当的措施;;;;;;;;;;X,,,,,
EVTNAME9568;经济决议;;;;;;;;;;X,,,,,
EVTDESC9568;我们的国会不断地找寻着为国家赚钱的方法, 但是\n关于经济的策略方面又发生了分歧. 一次大幅提升\n税收会充实我们的国库, 但是人民不会高兴, 小幅\n的提升又不能带来太多好处以改善我们的财政. ;;;;;;;;;;X,,
EVTOPTA9568;短期解决方案可能是最好的选择;;;;;;;;;;X,,,,,
EVTOPTB9568;考虑下长期计划;;;;;;;;;;X,,,,,
short_term_boost;短期计划效果;;;;;;;;;;X,,,,,
desc_short_term_boost;提升税收以增加国库储备;;;;;;;;;;X,,,,,
long_term_boost;长期计划效果;;;;;;;;;;X,,,,,
desc_long_term_boost;轻微提升税收以增加国库储备;;;;;;;;;;X,,,,,
attrition_mod;来自损耗;;;;;;;;;;X,,,,,
CANT_FIRE_ADVISOR;我们最近才雇佣这个顾问, \n因此不能解雇他直到;;;;;;;;;;X,,,,
WCRD_EMPEROR;他们是帝国的一部分, 我们是霸主. ;;;;;;;;;;X,,,,
EVTNAME9569;军事花费;;;;;;;;;;X,,,,,
EVTDESC9569;我们国会的一些成员抱怨说, 维持这么庞大的军队\n的花费对我们现在的财政来说负担太过沉重. ;;;;;;;;;;X,,,,
EVTOPTA9569;告诉他们我们能支付;;;;;;;;;;X,,,,,
EVTOPTB9569;统一进行一些削减;;;;;;;;;;X,,,,,
decreased_military_funding;减少军事基金;;;;;;;;;;X,,,,,
desc_decreased_military_funding;我们正在削减军事花费. ;;;;;;;;;;X,,,,,
EVTNAME9570;旧政府的支持者;;;;;;;;;;X,,,,,
EVTDESC9570;看起来有些国会成员还想着支持旧政府. 虽然他们\n都不承认, 但是他们的行为是如此有嫌疑. 调查一\n下他们的忠诚到底给了谁是或许是非常重要的. ;;;;;;;;;;X,,,,
EVTOPTA9570;这是不必要的;;;;;;;;;;X,,,,,
EVTOPTB9570;去做吧;;;;;;;;;;X,,,,,
EVTNAME9571;新的宪法;;;;;;;;;;X,,,,,
EVTDESC9571;虽然为新宪法的颁布付出了大量的时间和努力, \n但是我们的国会似乎仍然不能达成共识. 到目前\n为止, 没有一个建议被所有的党派接受, 所有的\n正常活动都被搁置了. ;;;;;;;;;;X,,
EVTOPTA9571;应当尽快解决;;;;;;;;;;X,,,,,
EVTOPTB9571;要求一些帮助;;;;;;;;;;X,,,,,
EVTNAME9572;科研的领域;;;;;;;;;;X,,,,,
EVTDESC9572;每个国会成员都要求在不同的领域投入更多资金. \n我们的军队需要资金, 贸易和生产也是, 还不能忘\n了我们的海军. ;;;;;;;;;;X,,,
EVTOPTA9572;平均分配;;;;;;;;;;X,,,,,
EVTOPTB9572;没必要做更多的花费;;;;;;;;;;X,,,,,
even_spread_of_investments;投资的平均分配;;;;;;;;;;X,,,,,
desc_even_spread_of_investments;尽管国会不同意, 所有的科研领域还是可以得到\n额外的资金;;;;;;;;;;X,,,,
MERCENARY_COST;私募兵花费;;;;;;;;;;X,,,,,
EVTNAME9573;缺乏支持;;;;;;;;;;X,,,,,
EVTDESC9573;我们国会的一些成员认为 $MONARCH$ 掌控了\n政府太久了, 他们要求一次新的选举. 显然他们\n不认同 $MONARCH$ 的原因是他最近推行了新的财政改革. ;;;;;;;;;;X,,,,
EVTOPTA9573;无视他们;;;;;;;;;;X,,,,,
EVTOPTB9573;同意再次听他们说完;;;;;;;;;;X,,,,,
financial_arguments;财政争议;;;;;;;;;;X,,,,,
desc_financial_arguments;我们的国会在决定是否接受近期通过的财政改革的\n问题上遇到了困难. ;;;;;;;;;;X,,,,,
emergency_plan;紧急计划;;;;;;;;;;X,,,,,
desc_emergency_plan;采取一些措施来防止变革;;;;;;;;;;X,,,,,
EVTNAME9574;焦虑的议会;;;;;;;;;;X,,,,,
EVTDESC9574;$SPYMASTER$, 一直是一个多疑的人, 他成功地\n说服了一些国会议员相信反革命活动正在进行. \n虽然他没有确切的证据, 但是大部分议员都愿意\n慎重考虑这件事, 他们要求采取一定的措施. ;;;;;;;;;;X,
EVTOPTA9574;没什么可担心的;;;;;;;;;;X,,,,,
EVTOPTB9574;保持安全才不会有遗憾;;;;;;;;;;X,,,,,
bothersome_parliament;讨厌的议会;;;;;;;;;;X,,,,,
desc_bothersome_parliament;我们的议会似乎很难理解正在执掌我们政权的人. ;;;;;;;;;;X,,,,,
EVTNAME9575;讨厌的议会;;;;;;;;;;X,,,,,
EVTDESC9575;我们的议会似乎很难理解正在执掌我们政权的人. \n他们觉得无视你而通过一些决议是完全可接受的. \n你能给他们出点主意么? ;;;;;;;;;;X,,,,,
EVTOPTA9575;让他们脑子清醒点;;;;;;;;;;X,,,,,
EVTOPTB9575;给他们一点发言权;;;;;;;;;;X,,,,,
UNIT_DETACH_BLOCKADE;分离封锁部队;;;;;;;;;;X,,,,,
CW_WARNALLIES;他们同 $COUNTRY$ 联盟;;;;;;;;;;X,,,,,
CW_WARNGUARANTEED;他们被 $COUNTRY$ 保证独立;;;;;;;;;;X,,,,,
CW_WARNEMPEROR;他们是帝国的一部分, \n $COUNTRY$ 会保护他们;;;;;;;;;;X,,,,
CW_WARNWARN;我们被 $COUNTRY$ 警告, 他们可能介入;;;;;;;;;;X,,,,
EVTNAME9576;超支;;;;;;;;;;X,,,,,
EVTDESC9576;$TREASURER$抱怨最近的几周我们花了\n预算允许之外的太多的钱. 他总是有点太过恐慌, \n但是这次他成功地说服了很多国会成员使他们也认\n为这是一个问题. ;;;;;;;;;;X,,,,
EVTOPTA9576;试着说服他们;;;;;;;;;;X,,,,,
EVTOPTB9576;让他们担心去吧;;;;;;;;;;X,,,,,
EVTNAME9577;挪用;;;;;;;;;;X,,,,,
EVTDESC9577;你越来越清楚地发现许多国会成员根本不可信任. \n一个你最亲近的顾问刚刚被揭发挪用了大量公款. ;;;;;;;;;;X,,,,,
EVTOPTA9577;或许有点好的解释;;;;;;;;;;X,,,,,
EVTOPTB9577;炒他的鱿鱼;;;;;;;;;;X,,,,,
EVTNAME9578;政变计划;;;;;;;;;;X,,,,,
EVTDESC9578;从一些可靠的来源传来消息说一些国会成员计划着\n重立 $MONARCH$ . 深入调查这件事是很明智的. ;;;;;;;;;;X,,,,,
EVTOPTA9578;小心点比较好;;;;;;;;;;X,,,,,
EVTOPTB9578;他们不敢的! ;;;;;;;;;;X,,,,,
EVTNAME9579;可能的叛徒;;;;;;;;;;X,,,,,
EVTDESC9579;有传言说国会里有人在跟敌国间谍接触, 可能出卖我\n们的政府. 显然你不能完全信任他人了. ;;;;;;;;;;X,,,,
EVTOPTA9579;直面他们;;;;;;;;;;X,,,,,
EVTOPTB9579;派出我们自己的间谍;;;;;;;;;;X,,,,,
ANY_COT_STARTS;任意贸易中心;;;;;;;;;;X,,,,,
infiltrator_in_the_cardinal_office;渗入者;;;;;;;;;;X,,,,,
desc_infiltrator_in_the_cardinal_office;据你的一个亲近的顾问说, 一个间谍成功地渗透进\n了枢机主教的神圣教团. ;;;;;;;;;;X,,,,
EVTNAME1090;太多的宗教自由;;;;;;;;;;X,,,,,
EVTDESC1090;你的一个顾问希望你考虑一下太多的宗教自由这个\n问题. 他称大批不跟随国家信仰的民众会给国家稳\n定带来不良影响. ;;;;;;;;;;X,,,,,
EVTOPTA1090;接受他的建议加以考虑;;;;;;;;;;X,,,,,
EVTOPTB1090;这根本没有意义;;;;;;;;;;X,,,,,
religious_restriction;宗教限制;;;;;;;;;;X,,,,,
desc_religious_restriction;采取措施限制宗教自由. ;;;;;;;;;;X,,,,,
EVTNAME1091;有麻烦的关系;;;;;;;;;;X,,,,,
EVTDESC1091;你的邻居拒绝接受真正的信仰, 这确实是个问题. \n你们之间的关系远不能解决这件事, \n反而会使事情变的更糟糕. ;;;;;;;;;;X,,,
EVTOPTA1091;让他们清楚地知道你的想法;;;;;;;;;;X,,,,,
EVTOPTB1091;为未来的进攻做准备;;;;;;;;;;X,,,,,
SHIP_NO_PATROL;最近没有舰队巡逻过这里;;;;;;;;;;X,,,,,
PATROL_COUNTER;这片海域最近被巡逻过, \n$NUM$天内海盗不会出现. ;;;;;;;;;;X,,,,
imperial_government_vassal;从王国;;;;;;;;;;X,,,,,
imperial_government_ruler_vassal;国王;;;;;;;;;;X,,,,,
EVTNAME2066;邻国破坏和平;;;;;;;;;;X,,,,,
EVTDESC2066;我们派往 $PROVINCENAME$ 的布道者抱怨\n现在那里很不稳定. 尽管我们尽量保持中立位置, \n但是我们现在跟邻国进行的战争\n仍然影响到了 $PROVINCENAME$ . ;;;;;;;;;;X,,,,
EVTOPTA2066;给他更多的钱;;;;;;;;;;X,,,,,
EVTOPTB2066;给他一些帮助;;;;;;;;;;X,,,,,
EVTOPTC2066;不用担心;;;;;;;;;;X,,,,,
EVTNAME2067;传教活动;;;;;;;;;;X,,,,,
EVTDESC2067;我们的神学家抱怨我们没有投入足够的资金在传教\n活动上, 这使得我们的传教活动\n很难转化 $PROVINCENAME$ 的所有人;;;;;;;;;;X,,,,
EVTOPTA2067;或许他是对的;;;;;;;;;;X,,,,,
EVTOPTB2067;钱够多了;;;;;;;;;;X,,,,,
L_LESS_THAN;少于;;;;;;;;;;X,,,,,
L_AT_LEAST;至少;;;;;;;;;;X,,,,,
founding_father;独立鼓吹者;;;;;;;;;;X,,,,,
desc_founding_father;有一些非常荒谬地传言流传着, \n说我们的新垦区如果进行自治, \n可以比我们治理得更好. ;;;;;;;;;;X,,,
EVTNAME1420; $PROVINCENAME$ 的独立鼓吹者;;;;;;;;;;X,,,,,
EVTDESC1420;有一个人, 诚实的说根本不是一个上流绅士, \n散布着我们的新垦区自己可以管理自己的传言. \n如果孩子们听信了他的谣言, 我们将非常失望. ;;;;;;;;;;X,,
EVTOPTA1420;他没什么危害;;;;;;;;;;X,,,,,
EVTOPTB1420;处决他;;;;;;;;;;X,,,,,
EVTNAME1421;异教徒煽动 $PROVINCENAME$ ;;;;;;;;;;X,,,,,
EVTDESC1421;一个没文化的传教者自己不懂圣经的真正含义, \n还要曲解伟大的耶稣, 到处流传, 跟正确的信仰\n完全冲突. ;;;;;;;;;;X,,
EVTOPTA1421;居然有人听他的;;;;;;;;;;X,,,,,
EVTNAME1422; $PROVINCENAME$ 腐败的行政官;;;;;;;;;;X,,,,,
EVTDESC1422;我们在 $PROVINCENAME$ 的执政官\n在他的办公室赚了太多不正常的钱了. ;;;;;;;;;;X,,,,,
EVTOPTA1422;替换他, 给人们补偿. ;;;;;;;;;;X,,,,
EVTOPTB1422;他们不应当抱怨! ;;;;;;;;;;X,,,,,
loyalist_stronghold;忠诚者的要塞;;;;;;;;;;X,,,,,
desc_loyalist_stronghold;这个省份都是些忠于正确的政府的保守党, \n他们必须得到保护. ;;;;;;;;;;X,,,,
ANY_CORE_STARTS;任意核心国家;;;;;;;;;;X,,,,,
OPEN_MARKET_LOW_REL_DESC;我们与他们的关系至少要达到50. ;;;;;;;;;;X,,,,,
LIKELY_REBELS;可能的叛军;;;;;;;;;;X,,,,,
superintendents_title;监督者;;;;;;;;;;X,,,,,
superintendents_desc;建立一个由监督者领导的机关, 他的角色类似于\n主教, 但跟由总主教指派的主教不同的是他是由\n君主指派的, 更加忠于王室. ;;;;;;;;;;X,,
superintendent_office;监督者;;;;;;;;;;X,,,,,
desc_superintendent_office;我们建立了一个由监督者领导的机关, 他的角色\n类似于主教, 但跟由总主教指派的主教不同的是\n他是由君主指派的, 更加忠于王室. ;;;;;;;;;;X,,
TOFARAWAYTOCOLONISE;这个省份跟我们最近的核心港口省份的距离\n超过了最大值$MAX$. ;;;;;;;;;;X,,,,,
religious_migration;宗教移民;;;;;;;;;;X,,,,,
desc_religious_migration;一些宗教小众离开了家乡去新世界建立新垦区去了. \n他们执著于自己的宗教, 不会听从任何布道者. ;;;;;;;;;;X,,,,
CW_WARNALLIES2;$ENEMY$同 $COUNTRY$ 联盟;;;;;;;;;;X,,,,,
CW_WARNGUARANTEED2;$ENEMY$被 $COUNTRY$ 保障独立;;;;;;;;;;X,,,,,
CW_WARNEMPEROR2;$ENEMY$是帝国的一部分, \n $COUNTRY$ 会保护他们;;;;;;;;;;X,,,,
CW_WARNWARN2;$FRIEND$被 $COUNTRY$ 警告, \n他们可能会介入;;;;;;;;;;X,,,,
more_tariffs;更多的关税;;;;;;;;;;X,,,,,
desc_more_tariffs;人们发现要不付税走私货物越来越困难了. ;;;;;;;;;;X,,,,,
IS_NOT_COLONIAL;不是移民国家;;;;;;;;;;X,,,,,
IS_COLONIAL;是移民国家;;;;;;;;;;X,,,,,
PROFIT_GAIN;获得;;;;;;;;;;X,,,,,
PROFIT_LOSS;失去;;;;;;;;;;X,,,,,
PEACEWEINVOLVED_SETUP;当我们接受一份和约因为联盟领导者的谈判. ;;;;;;;;;;X,,,,,
PEACEWEINVOLVED_HEADER;使者来自;;;;;;;;;;X,,,,,
PEACEWEINVOLVED_1;$RECIPIENT$;;;;;;;;;;X,,,,,
PEACEWEINVOLVED_2;$MONARCHTITLE$, $RECIPIENT$;;;;;;;;;;X,,,,
PEACEWEINVOLVED_3;接受了和平;;;;;;;;;;X,,,,,
PEACEWEINVOLVED_4;同他们以前的敌人;;;;;;;;;;X,,,,,
PEACEWEINVOLVED_5;$ACTOR$;;;;;;;;;;X,,,,,
PEACEWEINVOLVED_6;条件如下:\n$TERMS$;;;;;;;;;;X,,,,,
PEACEWEINVOLVED_LOG;$RECIPIENT$接受了$ACTOR$的和约:\n$TERMS$;;;;;;;;;;X,,,,,
PEACEWEINVOLVED_BTN1;很好! ;;;;;;;;;;X,,,,,
PEACEWEINVOLVED_BTN2;很好! ;;;;;;;;;;X,,,,,
PEACEWEINVOLVED_BTN3;转到;;;;;;;;;;X,,,,,
PEACEWEINVOLVED_MAP;和平! ;;;;;;;;;;X,,,,,
MOVE_CAPITAL_TOO_UNSTABLE;我们不能迁都, 因为国内有叛军存在. ;;;;;;;;;;X,,,,
MOVE_CAPITAL_NO_SUPPORT;我们不能将首都移往海外, 因为我们在原首都周围\n还有大片核心领土. 如果我们的首都被孤立了, \n才能迁都. ;;;;;;;;;;X,,,
CANCELVASSALNOPOSSPRES;我们没有足够的声望来释放那个附庸国. \n如果我们尝试, 我们的贵族们会起来反对的. ;;;;;;;;;;X,,,,
REINFORCE_INFO_TEXT;如果国内有足够的后备兵员, \n在这里的军队每月将补员$VALUE$. \n当地的补给率是$LOCAL$%, \n我们因为国家修正获得+ $COUNTRY$ %的加成. ;;;;;;;;;;X,,,
ALLOW_TO_DISSMANTLE;你现在不能解散中原, \n因为它是在你的控制之下. ;;;;;;;;;;X,,,,
THE_MONTH_IS_BEFORE;早于;;;;;;;;;;X,,,,,
THE_MONTH_IS_AFTER;晚于;;;;;;;;;;X,,,,,
DM_MAX;最大值;;;;;;;;;;X,,,,,
any_owned_province;任意拥有的省份;;;;;;;;;;X,,,,,
