;;;;;;;;;;X,,,,
MODIFIER_TECHNOLOGY_COST;科研费用 ;;;;;;;;;;X,,,,
MODIFIER_DISCIPLINE;训练度 ;;;;;;;;;;X,,,,
MODIFIER_REINFORCE_SPEED;补充速度 ;;;;;;;;;;X,,,,
UV_SHIPS;船只: ;;;;;;;;;;X,,,,
UNIT_QUEUED;(加入队列) ;;;;;;;;;;X,,,,
QUEUE_SIZE;现有$SIZE$个单位在队列中. ;;;;;;;;;;X,,,,
CURRENTLY_QUEUED;还有$SIZE$个单位在建造队列中. ;;;;;;;;;;X,,,,
TIP_CONSTR_MERC;征募私募兵 ;;;;;;;;;;X,,,,
NO_MERCS_AROUND;只能在本大陆征召私募兵. ;;;;;;;;;;X,,,,
CONSOLIDATE_BUTTON;团队整编, 将未满员的同类团队整合为几个满\n员团队 ;;;;;;;;;;X,,,
BATTLES_SCORE;战役:  ;;;;;;;;;;X,,,,
SETREVOLUTIONTARGET_EFFECT;$WHO$将成为革命的中心. \n ;;;;;;;;;;X,,,,
ROYAL_MARRIAGE_EFFECT;与$WHO$公室联姻. \n ;;;;;;;;;;X,,,,
ALLIANCE_EFFECT;与$WHO$军事同盟. \n ;;;;;;;;;;X,,,,
CREATE_ADMIRAL_EFFECT;征召提督需要$POWER$海军传统. \n ;;;;;;;;;;X,,,,
CREATE_EXPLORER_EFFECT;征召探险家需要$POWER$海军传统. \n ;;;;;;;;;;X,,,,
CREATE_CONQUISTADOR_EFFECT;征召征服者需要$POWER$陆军传统. \n ;;;;;;;;;;X,,,,
CREATE_GENERAL_EFFECT;征召将军需要$POWER$陆军传统. \n ;;;;;;;;;;X,,,,
CREATE_COLONY;Y$SIZE$拓荒队将抵达$WHERE$. \n ;;;;;;;;;;X,,,,
REMOVE_MERCHANT_EFFECT;$WHO$失去一个商贾在$WHERE$. \n ;;;;;;;;;;X,,,,
SEND_MERCHANT_EFFECT;$WHO$得到一个商贾在$WHERE$. \n ;;;;;;;;;;X,,,,
KILL_RULER_EFFECT;当前统治者($NAME$)将死去. \n ;;;;;;;;;;X,,,,
KILL_LEADER_EFFECT;将领$NAME$将死去. \n ;;;;;;;;;;X,,,,
DEFINE_ADMIRAL_EFFECT;提督$NAME$开始服役. \n ;;;;;;;;;;X,,,,
DEFINE_EXPLORER_EFFECT;探险家$NAME$开始服役. \n ;;;;;;;;;;X,,,,
DEFINE_CONQUISTADOR_EFFECT;征服者$NAME$开始服役. \n ;;;;;;;;;;X,,,,
DEFINE_GENERAL_EFFECT;将军$NAME$开始服役. \n ;;;;;;;;;;X,,,,
RELEASE_VASSAL_EFFECT;$TARGET$将独立并成为附庸国. \n ;;;;;;;;;;X,,,,
#############;;;;;;;;;;;X,,,,
MODIFIER_REMOVED;$WHAT$ 将从 $WHERE$被移除. \n ;;;;;;;;;;X,,,,
#############;;;;;;;;;;;X,,,,
OPENEDMARKET;该国关闭了市场 ;;;;;;;;;;X,,,,
AUTOSEND_PRIORITIES_SHORT;点击改变自动派遣商人优先级 ;;;;;;;;;;X,,,,
AUTOSEND_PRIORITIES_LONG;你可以在每个贸易中心设置商人派遣优先级. \n红叉表示不会派遣商人, 上面的指示条分三个\n等级, 红色最低, 黄色中等, 绿色最优先. ;;;;;;;;;;X
LEDGER_SHORTCUT_LONG;统计表里的贸易中心页可以设定商人派遣的事\n项. 你既可\n以手动派遣商人也可以自动派遣. \n这里有一个附加选项, 可以根据情况关闭自动\n派遣. ;;;;;;;;;;X,,,
LEDGER_SHORTCUT_SHORT;点击转入统计表里的贸易中心页 ;;;;;;;;;;X,,,,
LEDGER_CLICK_TO_SEND_MERCHANT;点击旗帜派遣商人 ;;;;;;;;;;X,,,,
LEDGER_CLICK_TO_SEND_MERCHANT2;你没有商贾可派遣 ;;;;;;;;;;X,,,,
COTLEDGER_COT_AUTOSEND_S;自动派遣商人 ;;;;;;;;;;X,,,,
COTLEDGER_COT_AUTOSEND_L;你可以在这里设置商人自动派遣. 红叉表示不\n派遣商人, 上面的指示条分三个等级, 红色最\n低, 黄色中等, 绿色最优先. ;;;;;;;;;;X
COTLEDGER_COT_MONOPOLY_S;垄断 ;;;;;;;;;;X,,,,
COTLEDGER_COT_MONOPOLY_L;顶端的盾徽显示了哪个国家在垄断这个贸易中\n心 ;;;;;;;;;;X,,,,
LEDGER_TEXTBOX_AUTOSEND;自动派遣商人 ;;;;;;;;;;X,,,,
GO_NORMAL;普通 ;;;;;;;;;;X,,,,
GO_HISTORICAL;历史 ;;;;;;;;;;X,,,,
GO_EVENT;事件 ;;;;;;;;;;X,,,,
GO_COST_MONEY;普通 ;;;;;;;;;;X,,,,
GO_FROM_GOLD;只有黄金通货膨胀 ;;;;;;;;;;X,,,,
GO_NONE;无通货膨胀 ;;;;;;;;;;X,,,,
GO_LOW;低 ;;;;;;;;;;X,,,,
GO_NORMAL_50_YEARS;普通(50年) ;;;;;;;;;;X,,,,
GO_HIGH;高 ;;;;;;;;;;X,,,,
GO_25_YEARS;25年 ;;;;;;;;;;X,,,,
GO_75_YEARS;75年 ;;;;;;;;;;X,,,,
GO_100_YEARS;100年 ;;;;;;;;;;X,,,,
GO_200_YEARS;200年 ;;;;;;;;;;X,,,,
GO_NORMAL_TEN_TIMES;普通(十倍) ;;;;;;;;;;X,,,,
GO_FIVE_TIMES;五倍 ;;;;;;;;;;X,,,,
GO_TWO_TIMES;两倍 ;;;;;;;;;;X,,,,
FE_OK;接受 ;;;;;;;;;;X,,,,
GO_FREE;免费 ;;;;;;;;;;X,,,,
####Country Flags######;;;;;;;;;;;X,,,,
librium_veto;自由选举制 ;;;;;;;;;;X,,,,
####New Governments####;;;;;;;;;;;X,,,,
revolutionary_republic;革命共和制 ;;;;;;;;;;X,,,,
revolutionary_republic_ruler;执政 ;;;;;;;;;;X,,,,
revolutionary_empire;革命帝国制 ;;;;;;;;;;X,,,,
revolutionary_empire_ruler;霸主 ;;;;;;;;;;X,,,,
FE_RULER;统治者 ;;;;;;;;;;X,,,,
FE_ADVISORS;臣属 ;;;;;;;;;;X,,,,
FE_LEADERS;将领 ;;;;;;;;;;X,,,,
FE_COLONISTS;拓荒队 ;;;;;;;;;;X,,,,
FE_MERCHANTS;商贾 ;;;;;;;;;;X,,,,
FE_MISSIONARIES;布道者 ;;;;;;;;;;X,,,,
FE_INFLATION;通货膨胀 ;;;;;;;;;;X,,,,
FE_SIZE_OF_COLONISTS;拓荒队人数 ;;;;;;;;;;X,,,,
FE_COT_OPTIONS;贸易中心选项 ;;;;;;;;;;X,,,,
FE_AI_AGGRESSIVENESS;电脑攻击性 ;;;;;;;;;;X,,,,
FE_SPREAD1;省份发现传播速度 ;;;;;;;;;;X,,,,
FE_SPREAD2;海域发现传播速度 ;;;;;;;;;;X,,,,
FE_SPY;间谍 ;;;;;;;;;;X,,,,
FE_OVERRUN;超限部队规模 ;;;;;;;;;;X,,,,
OPENEDMARKETREQ;$ACTOR$想要我们开放市场\n并允许他们的商人进行贸易. ;;;;;;;;;;X,,,,
OPENMARKETTITLE;开放市场 ;;;;;;;;;;X,,,,
ICON_OPEN_MARKET;开放市场 ;;;;;;;;;;X,,,,
OPEN_MARKET_DESC;你确定要求开放市场吗? \n这会使我们能在这里贸易, \n增强我国经济实力. ;;;;;;;;;;X,,,
MARKETOPEN;市场已开放 ;;;;;;;;;;X,,,,
MARKETOPENEDACCEPT_SETUP;同意开放市场 ;;;;;;;;;;X,,,,
MARKETOPENEDACCEPT_HEADER;$MESSENGER$ ;;;;;;;;;;X,,,,
MARKETOPENEDACCEPT_1;开放市场 ;;;;;;;;;;X,,,,
MARKETOPENEDACCEPT_2;$RECIPIENT$明智的决定  ;;;;;;;;;;X,,,,
MARKETOPENEDACCEPT_3;开放市场 ;;;;;;;;;;X,,,,
MARKETOPENEDACCEPT_4;使我们可以不用武力打开他们的国门 ;;;;;;;;;;X,,,,
MARKETOPENEDACCEPT_5;我们的商人已经等不及获得先机了 ;;;;;;;;;;X,,,,
MARKETOPENEDACCEPT_6; ;;;;;;;;;;X,,,,
MARKETOPENEDACCEPT_LOG;$RECIPIENT$对我们开放市场 ;;;;;;;;;;X,,,,
MARKETOPENEDACCEPT_BTN1;好的 ;;;;;;;;;;X,,,,
MARKETOPENEDACCEPT_BTN2;好的 ;;;;;;;;;;X,,,,
MARKETOPENEDACCEPT_BTN3; ;;;;;;;;;;X,,,,
MARKETOPENEDACCEPT_MAP; ;;;;;;;;;;X,,,,
MARKETOPENEDREJECT_SETUP;拒绝开放市场 ;;;;;;;;;;X,,,,
MARKETOPENEDREJECT_HEADER;$MESSENGER$ ;;;;;;;;;;X,,,,
MARKETOPENEDREJECT_1;拒绝开放市场 ;;;;;;;;;;X,,,,
MARKETOPENEDREJECT_2;$RECIPIENT$已经决定  ;;;;;;;;;;X,,,,
MARKETOPENEDREJECT_3;不向我们的商人 ;;;;;;;;;;X,,,,
MARKETOPENEDREJECT_4;开放市场 ;;;;;;;;;;X,,,,
MARKETOPENEDREJECT_5; ;;;;;;;;;;X,,,,
MARKETOPENEDREJECT_6; ;;;;;;;;;;X,,,,
MARKETOPENEDREJECT_LOG;$RECIPIENT$拒绝对我们开放市场 ;;;;;;;;;;X,,,,
MARKETOPENEDREJECT_BTN1;好的 ;;;;;;;;;;X,,,,
MARKETOPENEDREJECT_BTN2;好的 ;;;;;;;;;;X,,,,
MARKETOPENEDREJECT_BTN3; ;;;;;;;;;;X,,,,
MARKETOPENEDREJECT_MAP; ;;;;;;;;;;X,,,,
MARKETCLOSED;该市场已关闭, \n可以试着用武力或外交来打开. ;;;;;;;;;;X,,,
LEDGER_STRUCTURE_BUILDING_OVERVIEW;建筑 ;;;;;;;;;;X,,,,
LEDGER_REVOLTRISK;叛乱度 ;;;;;;;;;;X,,,,
LEDGER_BORDER_PROVINCE;边境省份 ;;;;;;;;;;X,,,,
COMBAT_DISCIPLINE;训练 ;;;;;;;;;;X,,,,
DISCIPLINE;训练 ;;;;;;;;;;X,,,,
LEDGER_LAND_DISCIPLINE;陆军训练度 ;;;;;;;;;;X,,,,
LEDGER_CANT_BUILD_THIS;你现在的科技不允许你建造这个建筑 ;;;;;;;;;;X,,,,
ledger_temple;每一个省份都会使稳定花费增加. 教堂可以减\n少稳定花费. 值得建造教堂的省份是那些远离\n边境的富饶地方. ;;;;;;;;;;X,,,,
ledger_workshop;工场会提高省份税收. 其他变量会使最终税收\n变化, 但工场的修正在它们之前起作用, 推荐\n尽可能多的修建. ;;;;;;;;;;X,,
ledger_regimental_camp;兵营提高省份后备兵员数量和征募速度. 这是\n高后备兵员省份的理想建筑;;;;;;;;;;X,,,,
ledger_shipyard;造船厂加快省份的船只建造速度. 最好建在你\n会大量生产船只的省份. ;;;;;;;;;;X,,,,
ledger_constable;治安署会提高税收和叛乱度. 最好建在高税收\n省份. 法院可以减少叛乱度, 所以两种建筑推\n荐建在一起. 税务局能增加工场的税收. ;;;;;;;;;;X,,,
ledger_courthouse;法院可以减少除了复国主义叛乱之外的叛乱度. \n推荐尽可能多的修建. ;;;;;;;;;;X,,,,
ledger_tax_assessor;税务局可以降低通货膨胀. 即使你目前没有通\n货膨胀也推荐建造, 因为这可以使你每月收入\n国库的钱增加. 推荐尽可能多的修建. ;;;;;;;;;;X,,,
ledger_customs_house;海关可以稍稍提高省份税收, 推荐在富饶省份\n建造. ;;;;;;;;;;X,,,
ledger_fort1;建造要塞可以使敌军占领省份所花费的时间延\n长, 也可以使你的军队有更多时间对付叛乱. ;;;;;;;;;;X,,,
IDEA_NOT_FULLFILL_PREQUES;你没有满足此国家理念的先决条件. ;;;;;;;;;;X,,,,
LAND_ATTRITION;陆军损耗 ;;;;;;;;;;X,,,,
NAVAL_ATTRITION;海军损耗 ;;;;;;;;;;X,,,,
MAY_ATTACK_GOVERNMENT_ENEMIES;宣战不同政体国家不需要宣战理由. ;;;;;;;;;;X,,,,
STARTED;开始时间;;;;;;;;;;X,,,,
WON;胜利 ;;;;;;;;;;X,,,,
LOST;失败 ;;;;;;;;;;X,,,,
LEDGER_POPULATION;人口;;;;;;;;;;X,,,,
LEDGER_POPULATION_INCREMENTS;人口增长率;;;;;;;;;;X,,,,
LEDGER_COST;移民费用;;;;;;;;;;X,,,,
LEDGER_DAYS;天;;;;;;;;;;X,,,,
LEDGER_NATIVE_SIZE;原住民数量;;;;;;;;;;X,,,,
LEDGER_AGGRESSIVENESS;攻击性;;;;;;;;;;X,,,,
LEDGER_FEROCITY;野蛮度;;;;;;;;;;X,,,,
LEDGER_LEADER_TITLE;世界优秀将军;;;;;;;;;;X,,,,
LEDGER_LIGHT_SHIP;小型战舰;;;;;;;;;;X,,,,
LEDGER_BIG_SHIP;大型战舰;;;;;;;;;;X,,,,
LEDGER_TRANSPORT;运输船;;;;;;;;;;X,,,,
LEDGER_GALLEY;桨帆战舰;;;;;;;;;;X,,,,
LEDGER_INFANTRY;步兵;;;;;;;;;;X,,,,
LEDGER_CAVALRY;骑兵;;;;;;;;;;X,,,,
LEDGER_ARTILLERY;战车;;;;;;;;;;X,,,,
LEDGER_ALLARMIES_TITLE;陆军;;;;;;;;;;X,,,,
LEDGER_ALLNAVIES_TITLE;海军;;;;;;;;;;X,,,,
LEDGER_COLONIES;新垦区;;;;;;;;;;X,,,,
LEDGER_FIRE;统御;;;;;;;;;;X,,,,
LEDGER_SHOCK;勇武;;;;;;;;;;X,,,,
LEDGER_MANEUVER;智略;;;;;;;;;;X,,,,
LEDGER_SEIGE;围攻;;;;;;;;;;X,,,,
###############UNITS#############;;;;;;;;;;;X,,,,
COLONISATION_FAILED;移民失败;;;;;;;;;;X,,,,
COLONISATION_SUCCEDED;移民成功;;;;;;;;;;X,,,,
YOU_LOST;你失败了;;;;;;;;;;X,,,,
YOU_WON;你胜利了;;;;;;;;;;X,,,,
WAR_OVERVIEW_SHORT;战争概览;;;;;;;;;;X,,,,
MOVE_CAPITAL_SHORT;点击这里将首都搬迁到这个省份;;;;;;;;;;X,,,,
MOVE_CAPITAL_SHORT_CORE;你不能迁都到这里因为它不是个核心省份;;;;;;;;;;X,,,,
MOVE_CAPITAL_SHORT_MONEY;你不能迁都到这个省份. \n你需要$MONEY$的金钱和$STABILITY$的稳定度. ;;;;;;;;;;X,,,,
MOVE_CAPITAL_LONG;迁移你的首都可能是有利的, \n特别是当它处在危险地带时. ;;;;;;;;;;X,,,
MOVE_CAPITAL_COST;迁都的代价是$STABILITY$的稳定度和$MONEY$的金钱;;;;;;;;;;X,,,,
HRE_DISMANTLE;取缔周王室;;;;;;;;;;X,,,,
YOUR_CAPITAL;我们的首都;;;;;;;;;;X,,,,
CONFIRMMOVECAPITALTEXT;你确定要把首都迁移到这个新地方? ;;;;;;;;;;X,,,,
COST_STABILITY;花费$AMOUNT$金币与$STABILITY$稳定;;;;;;;;;;X,,,,
OPTION_CHANGED;$FROM$转变为$TO$;;;;;;;;;;X,,,,
MERC_INF;雇佣步兵;;;;;;;;;;X,,,,
MERC_CAV;雇佣骑兵;;;;;;;;;;X,,,,
THE_YEAR_IS_BEFORE;年代早于;;;;;;;;;;X,,,,
THE_YEAR_IS_AFTER;年代晚于;;;;;;;;;;X,,,,
HAVE_LESS_THAN;拥有少于;;;;;;;;;;X,,,,
HAVE_MORE_THAN;拥有至少;;;;;;;;;;X,,,,
HAVE_PRESTIGE_LESS_THAN;拥有声望低于;;;;;;;;;;X,,,,
HAVE_PRESTIGE_MORE_THAN;拥有声望至少;;;;;;;;;;X,,,,
ISNT_LUCKY;不是幸运国家;;;;;;;;;;X,,,,
IS_LUCKY;是幸运国家;;;;;;;;;;X,,,,
HAVNTWARTAXES;没有战争税;;;;;;;;;;X,,,,
HAVEWARTAXES;有战争税;;;;;;;;;;X,,,,
INFLATION_MORE_THAN;通货膨胀至少;;;;;;;;;;X,,,,
INFLATION_LESS_THAN;通货膨胀少于;;;;;;;;;;X,,,,
STABILITY_LESS_THAN;拥有稳定度少于;;;;;;;;;;X,,,,
STABILITY_MORE_THAN;拥有稳定度至少;;;;;;;;;;X,,,,
WAR_EXHAUSTION_MORE_THAN;厌战程度至少;;;;;;;;;;X,,,,
WAR_EXHAUSTION_LESS_THAN;厌战程度少于;;;;;;;;;;X,,,,
BLOCKADE_PENALTY_MORE_THAN;封锁惩罚至少;;;;;;;;;;X,,,,
BLOCKADE_PENALTY_LESS_THAN;封锁惩罚少于;;;;;;;;;;X,,,,
HAVE_LESS_MANPOWER_THAN;拥有人力少于;;;;;;;;;;X,,,,
HAVE_MORE_MANPOWER_THAN;拥有人力至少;;;;;;;;;;X,,,,
HAVE_LESS_LOANS_THAN;贷款数量少于;;;;;;;;;;X,,,,
HAVE_MORE_LOANS_THAN;贷款数量至少;;;;;;;;;;X,,,,
HAVE_LESS_COT_THAN;贸易中心数量少于;;;;;;;;;;X,,,,
HAVE_MORE_COT_THAN;贸易中心数量至少;;;;;;;;;;X,,,,
HAVE_MORE_MONOPOLS_THAN;成功垄断的贸易中心数量至少;;;;;;;;;;X,,,,
HAVNT_REGENCY_COUNCIL;没有公卿摄政;;;;;;;;;;X,,,,
HAVE_REGENCY_COUNCIL;有公卿摄政;;;;;;;;;;X,,,,
HAVE_LAND_MAINTENANCE_OVER;陆军维持费高于;;;;;;;;;;X,,,,
HAVE_LAND_MAINTENANCE_UNDER;陆军维持费低于;;;;;;;;;;X,,,,
HAVE_NAVAL_MAINTENANCE_OVER;海军维持费高于;;;;;;;;;;X,,,,
HAVE_NAVAL_MAINTENANCE_UNDER;海军维持费低于;;;;;;;;;;X,,,,
HAVE_ARMY_TRADITION_UNDER;陆军传统低于;;;;;;;;;;X,,,,
HAVE_ARMY_TRADITION_OVER;陆军传统高于;;;;;;;;;;X,,,,
HAVE_NAVAL_TRADITION_UNDER;海军传统低于;;;;;;;;;;X,,,,
HAVE_NAVAL_TRADITION_OVER;海军传统高于;;;;;;;;;;X,,,,
HAVE_TRADE_EFFICIENCY_UNDER;贸易效率低于;;;;;;;;;;X,,,,
HAVE_TRADE_EFFICIENCY_OVER;贸易效率高于;;;;;;;;;;X,,,,
HAVE_PRODUCTION_EFFICIENCY_UNDER;工业效率低于;;;;;;;;;;X,,,,
HAVE_PRODUCTION_EFFICIENCY_OVER;工业效率高于;;;;;;;;;;X,,,,
HAVENT_A_COT_INT;没有贸易中心在;;;;;;;;;;X,,,,
HAVE_A_COT_INT;有贸易中心在;;;;;;;;;;X,,,,
HAVE_CONTROL_OVER;没有控制;;;;;;;;;;X,,,,
HAVENT_CONTROL_OVER;控制  ;;;;;;;;;;X,,,,
HAVENT_CORE;没有核心在;;;;;;;;;;X,,,,
HAVE_CORE_IN;有核心在;;;;;;;;;;X,,,,
HAVENT_DISCOVERED;没有发现;;;;;;;;;;X,,,,
HAVE_DISCOVERED;已经发现;;;;;;;;;;X,,,,
IS_EMPEROR;是中原霸主;;;;;;;;;;X,,,,
ISNT_EMPEROR;不是中原霸主;;;;;;;;;;X,,,,
ISNT_ELECTOR;不是小霸;;;;;;;;;;X,,,,
IS_ELECTOR;是小霸;;;;;;;;;;X,,,,
HAVE_LESS_CITIES_THAN;拥有城市少于;;;;;;;;;;X,,,,
HAVE_MORE_CITIES_THAN;拥有城市至少等于;;;;;;;;;;X,,,,
HAVE_LESS_PORTS_THAN;拥有国内港口少于;;;;;;;;;;X,,,,
HAVE_MORE_PORTS_THAN;拥有国内港口至少等于;;;;;;;;;;X,,,,
HAVE_LESS_EXPLORERS_THAN;拥有探险家少于;;;;;;;;;;X,,,,
HAVE_MORE_EXPLORERS_THAN;拥有探险家至少等于;;;;;;;;;;X,,,,
HAVE_LESS_CONQUISTADORS_THAN;拥有征服者少于;;;;;;;;;;X,,,,
HAVE_MORE_CONQUISTADORS_THAN;拥有征服者至少等于;;;;;;;;;;X,,,,
HAVE_LESS_ADMIRALS_THAN;拥有提督少于;;;;;;;;;;X,,,,
HAVE_MORE_ADMIRALS_THAN;拥有提督至少等于;;;;;;;;;;X,,,,
HAVE_LESS_GENERALS_THAN;拥有将军少于;;;;;;;;;;X,,,,
HAVE_MORE_GENERALS_THAN;拥有将军至少等于;;;;;;;;;;X,,,,
HAVNT_MONARCH_AS_LEADER;统治者不是将军;;;;;;;;;;X,,,,
HAVE_MONARCH_AS_LEADER;统治者是将军;;;;;;;;;;X,,,,
IS_NOT_DEFENDER_OF_FAITH;不是信仰守护者;;;;;;;;;;X,,,,
IS_DEFENDER_OF_FAITH;是信仰守护者;;;;;;;;;;X,,,,
HAVE_MORE_TRADE_ARGEEMENTS_THAN;拥有贸易协定至少;;;;;;;;;;X,,,,
HAVE_NOT_MORE_TRADE_ARGEEMENTS_THAN;拥有贸易协定少于;;;;;;;;;;X,,,,
HAVE_LESS_TRADE_REFUSALS_THAN;拥有贸易禁运少于;;;;;;;;;;X,,,,
HAVE_MORE_TRADE_REFUSALS_THAN;拥有贸易禁运至少;;;;;;;;;;X,,,,
HAVE_LESS_ALLIES_THAN;拥有盟友少于;;;;;;;;;;X,,,,
HAVE_MORE_ALLIES_THAN;拥有盟友至少;;;;;;;;;;X,,,,
HAVE_LESS_ROYAL_MARRIGES_THAN;拥有王室联姻少于;;;;;;;;;;X,,,,
HAVE_MORE_ROYAL_MARRIGES_THAN;拥有王室联姻至少;;;;;;;;;;X,,,,
HAVE_LESS_VASSALS_THAN;拥有附庸国少于;;;;;;;;;;X,,,,
HAVE_MORE_VASSALS_THAN;拥有附庸国至少;;;;;;;;;;X,,,,
HAVE_LESS_UNIONS_THAN;拥有联合统治少于;;;;;;;;;;X,,,,
HAVE_MORE_UNIONS_THAN;拥有联合统治至少;;;;;;;;;;X,,,,
HAVE_MONARCH_WITH_LOWER_AMD_THEN;统治者管理技能低于;;;;;;;;;;X,,,,
HAVE_MONARCH_WITH_HIGHER_AMD_THEN;统治者管理技能至少;;;;;;;;;;X,,,,
HAVE_MONARCH_WITH_LOWER_DIP_THEN;统治者外交技能低于;;;;;;;;;;X,,,,
HAVE_MONARCH_WITH_HIGHER_DIP_THEN;统治者外交技能至少;;;;;;;;;;X,,,,
HAVE_MONARCH_WITH_LOWER_MIL_THEN;统治者军事技能低于;;;;;;;;;;X,,,,
HAVE_MONARCH_WITH_HIGHER_MIL_THEN;统治者军事技能至少;;;;;;;;;;X,,,,
HAVNT_CULTURE;文化不是;;;;;;;;;;X,,,,
HAVE_CULTURE;文化是;;;;;;;;;;X,,,,
IS_NOT_PRIMARY_CULTURE;主流文化不是;;;;;;;;;;X,,,,
IS_PRIMARY_CULTURE;主流文化是;;;;;;;;;;X,,,,
IS_NOT_ACCEPTED_CULTURE;不是可接受文化;;;;;;;;;;X,,,,
IS_ACCEPTED_CULTURE;是可接受文化;;;;;;;;;;X,,,,
HAVE_NOT_CULTURE_GROUP;文化组群不是;;;;;;;;;;X,,,,
HAVE_CULTURE_GROUP;文化组群是;;;;;;;;;;X,,,,
IS_ENABLED;可用;;;;;;;;;;X,,,,
IS_DISABLED;不可用;;;;;;;;;;X,,,,
HAVE;拥有;;;;;;;;;;X,,,,
HAVE_NOT;没有;;;;;;;;;;X,,,,
HAS;有;;;;;;;;;;X,,,,
HAS_NOT;没有;;;;;;;;;;X,,,,
EXISTS;存在;;;;;;;;;;X,,,,
DOSNT_EXISTS;不存在;;;;;;;;;;X,,,,
DO_NOT_HAVE_A;没有;;;;;;;;;;X,,,,
HAVE_A;有;;;;;;;;;;X,,,,
HAVE_MORE_INFANTRY_THAN;步兵团队至少;;;;;;;;;;X,,,,
HAVE_LESS_INFANTRY_THAN;步兵团队少于;;;;;;;;;;X,,,,
HAVE_LESS_CAVALRY_THAN;骑兵团队少于;;;;;;;;;;X,,,,
HAVE_MORE_CAVALRY_THAN;骑兵团队至少;;;;;;;;;;X,,,,
HAVE_MORE_ARTILLERY_THAN;战车团队至少;;;;;;;;;;X,,,,
HAVE_LESS_ARTILLERY_THAN;战车团队少于;;;;;;;;;;X,,,,
HAVE_LESS_BIG_SHIPS_THAN;大战船数量少于;;;;;;;;;;X,,,,
HAVE_MORE_BIG_SHIPS_THAN;大战船数量至少;;;;;;;;;;X,,,,
HAVE_LESS_LIGHT_SHIPS_THAN;小战船数量少于;;;;;;;;;;X,,,,
HAVE_MORE_LIGHT_SHIPS_THAN;小战船数量至少;;;;;;;;;;X,,,,
HAVE_LESS_GALLEYS_SHIPS_THAN;浆帆船数量少于;;;;;;;;;;X,,,,
HAVE_MORE_GALLEYS_SHIPS_THAN;浆帆船数量至少;;;;;;;;;;X,,,,
HAVE_LESS_TRANSPORTS_THAN;运输船数量少于;;;;;;;;;;X,,,,
HAVE_MORE_TRANSPORTS_THAN;运输船数量至少;;;;;;;;;;X,,,,
HAVE_LESS_INFANTRY_FRACTION_THAN;步兵比例少于;;;;;;;;;;X,,,,
HAVE_MORE_INFANTRY_FRACTION_THAN;步兵比例至少;;;;;;;;;;X,,,,
HAVE_LESS_CAVALRY_FRACTION_THAN;骑兵比例少于;;;;;;;;;;X,,,,
HAVE_MORE_CAVALRY_FRACTION_THAN;骑兵比例至少;;;;;;;;;;X,,,,
HAVE_LESS_ARTILLERY_FRACTION_THAN;战车比例少于;;;;;;;;;;X,,,,
HAVE_MORE_ARTILLERY_FRACTION_THAN;战车比例至少;;;;;;;;;;X,,,,
HAVE_LESS_BIG_SHIPS_FRACTION_THAN;大战船比例少于;;;;;;;;;;X,,,,
HAVE_MORE_BIG_SHIPS_FRACTION_THAN;大战船比例至少;;;;;;;;;;X,,,,
HAVE_LESS_LIGHT_SHIPS_FRACTION_THAN;小战船比例少于;;;;;;;;;;X,,,,
HAVE_MORE_LIGHT_SHIPS_FRACTION_THAN;小战船比例至少;;;;;;;;;;X,,,,
HAVE_LESS_TRANSPORT_FRACTION_THAN;运输船比例少于;;;;;;;;;;X,,,,
HAVE_MORE_TRANSPORT_FRACTION_THAN;运输船比例至少;;;;;;;;;;X,,,,
HAVE_LESS_GALLEYS_FRACTION_THAN;浆帆船比例少于;;;;;;;;;;X,,,,
HAVE_MORE_GALLEYS_FRACTION_THAN;浆帆船比例至少;;;;;;;;;;X,,,,
HAVE_LESS_PROVINCE_THAT_PRODUCES_THEN;$GOODS$生产省份少于;;;;;;;;;;X,,,,
HAVE_MORE_PROVINCE_THAT_PRODUCES_THEN;$GOODS$生产省份至少;;;;;;;;;;X,,,,
HAVENT_TECHNOLOGY_GROUP;没有科技组群;;;;;;;;;;X,,,,
HAVE_TECHNOLOGY_GROUP;有科技组群;;;;;;;;;;X,,,,
HAVE_AT_LEST_ONE_OWNED_NEIGHBORING_PROVINCE;有至少一个占有的邻近省份以致:;;;;;;;;;;X,,,,
HAVE_NO_OWNED_NEIGHBORING_PROVINCE;没有控制邻近省份以致:;;;;;;;;;;X,,,,
HAVE_NO_DIPLOMATIC_RELATION_WITH;没有外交联系同;;;;;;;;;;X,,,,
HAVE_DIPLOMATIC_RELATION_WITH;有外交联系同;;;;;;;;;;X,,,,
DO_NOT_OWN;没有拥有;;;;;;;;;;X,,,,
OWNS;统治;;;;;;;;;;X,,,,
DO_NOT_CONTROL;没有控制;;;;;;;;;;X,,,,
CONTROLS;控制;;;;;;;;;;X,,,,
IS_NOT;不是;;;;;;;;;;X,,,,
IS;是;;;;;;;;;;X,,,,
HAVE_THE_MODIFIER;拥有修正;;;;;;;;;;X,,,,
DONT_HAVE_THE_MODIFIER;没有修正;;;;;;;;;;X,,,,
DONT_HAVE_THE_PROVICEN_MODIFIER;没有省份修正;;;;;;;;;;X,,,,
HAVE_THE_PROVINCE_MODIFIER;有省份修正;;;;;;;;;;X,,,,
HAVE_NOT_A_COT_IN;没有贸易中心在;;;;;;;;;;X,,,,
HAVE_A_COT_IN;有贸易中心在;;;;;;;;;;X,,,,
HAVE_A_PORT_IN;有港口在;;;;;;;;;;X,,,,
HAVE_NOT_A_PORT_IN;没有港口在;;;;;;;;;;X,,,,
HAVE_COUNTRY_FLAG;拥有国家标志;;;;;;;;;;X,,,,
HAVE_NOT_COUNTRY_FLAG;没有国家标志;;;;;;;;;;X,,,,
HAVE_PROVINCE_FLAG;拥有省份标志;;;;;;;;;;X,,,,
HAVE_NOT_PROVINCE_FLAG;没有省份标志;;;;;;;;;;X,,,,
HAVE_NOT_SIEGE_IN;没有围攻在;;;;;;;;;;X,,,,
HAVE_SIEGE_IN;被围攻在;;;;;;;;;;X,,,,
PROVINCE_DONT_PRODUCE;$PROVINCE$不生产$GOODS$;;;;;;;;;;X,,,,
PROVINCE_PRODUCE;$PROVINCE$生产$GOODS$;;;;;;;;;;X,,,,
IS_NOT_ON_THE_CONTINET;不在此大陆;;;;;;;;;;X,,,,
IS_ON_THE_CONTINET;在此大陆;;;;;;;;;;X,,,,
HAVE_LESS_ELECTORS_THAN;小霸数量少于;;;;;;;;;;X,,,,
HAVE_MORE_ELECTORS_THAN;小霸数量至少;;;;;;;;;;X,,,,
DONT_HAVE_A_X_INY;在$Y$里没有$X$;;;;;;;;;;X,,,,
HAVE_A_X_INY;在$Y$里有$X$;;;;;;;;;;X,,,,
NATIVE_SIZE_SMALLER_THAN;土著人口少于;;;;;;;;;;X,,,,
NATIVE_SIZE_LARGER_THAN;土著人口至少;;;;;;;;;;X,,,,
NATIVE_FEROCITY_SMALLER_THAN;土著狂暴程度低于;;;;;;;;;;X,,,,
NATIVE_FEROCITY_LARGER_THAN;土著狂暴程度至少;;;;;;;;;;X,,,,
NATIVE_HOSTILENESS_SMALLER_THAN;土著敌意低于;;;;;;;;;;X,,,,
NATIVE_HOSTILENESS_LARGER_THAN;土著敌意至少;;;;;;;;;;X,,,,
PURE_REVOLT_RISK_LOWER_THAN;基础叛乱风险低于;;;;;;;;;;X,,,,
PURE_REVOLT_RISK_HIGHER_THAN;基础叛乱风险至少;;;;;;;;;;X,,,,
REVOLT_RISK_LOWER_THAN;叛乱风险低于;;;;;;;;;;X,,,,
REVOLT_RISK_HIGHER_THAN;叛乱风险至少;;;;;;;;;;X,,,,
IS_NOT_PART_OF_HRE;不是中原的一部分;;;;;;;;;;X,,,,
IS_PART_OF_HRE;是中原的一部分;;;;;;;;;;X,,,,
CITY_SMALLER_THAN;城市人口少于;;;;;;;;;;X,,,,
CITY_LARGER_THAN;城市人口至少;;;;;;;;;;X,,,,
ADVISOR_HAS_LOWER_THAN;$ADVISORTYPE$臣属技能低于;;;;;;;;;;X,,,,
ADVISOR_HAS_HIGHER_SKILL_THAN;$ADVISORTYPE$臣属技能至少;;;;;;;;;;X,,,,
NUMBER_OF_DIPLOMAT_ENVYOS_LESS_THAN;使节数量少于;;;;;;;;;;X,,,,
NUMBER_OF_DIPLOMAT_ENVYOS_MORE_THAN;使节数量至少;;;;;;;;;;X,,,,
NUMBER_OF_SPY_ENVYOS_LESS_THAN;间谍数量少于;;;;;;;;;;X,,,,
NUMBER_OF_SPY_ENVYOS_GREATER_THAN;间谍数量至少;;;;;;;;;;X,,,,
NUMBER_OF_MISSIONARIES_ENVYOS_LESS_THAN;布道者数量少于;;;;;;;;;;X,,,,
NUMBER_OF_MISSIONARIES_ENVYOS_GREATER_THAN;布道者数量至少;;;;;;;;;;X,,,,
NUMBER_OF_COLONISTS_ENVYOS_LESS_THAN;拓荒队数量少于;;;;;;;;;;X,,,,
NUMBER_OF_COLONISTS_ENVYOS_GREATER_THAN;拓荒队数量至少;;;;;;;;;;X,,,,
NUMBER_OF_MERCHANTS_ENVYOS_LESS_THAN;商贾数量少于;;;;;;;;;;X,,,,
NUMBER_OF_MERCHANTS_ENVYOS_MORE_THAN;商贾数量至少;;;;;;;;;;X,,,,
HAVE_LESS_IDEAS_THAN;国家理念数量少于;;;;;;;;;;X,,,,
HAVE_MORE_IDEAS_THAN;国家理念数量至少;;;;;;;;;;X,,,,
IS_NOT_A_COLONY;不是新垦区;;;;;;;;;;X,,,,
IS_A_COLONY;是新垦区;;;;;;;;;;X,,,,
HAVE_NOT_KNOWLEDGE_OF;不知道;;;;;;;;;;X,,,,
HAVE_KNOWLEDGE_OF;知道;;;;;;;;;;X,,,,
IS_NOT_NEIGHBOUR_WITH;不接壤 同;;;;;;;;;;X,,,,
IS_NEIGHBOUR_WITH;接壤 同;;;;;;;;;;X,,,,
HAVE_LESS_UNITS_IN_THAN;在$PROVINCE$的单位数量少于;;;;;;;;;;X,,,,
HAVE_MORE_UNITS_IN_THAN;在$PROVINCE$的单位数量至少;;;;;;;;;;X,,,,
HAVE_MORE_THAN_GALLEYS_IN;在$PROVINCE$的浆帆船数量至少;;;;;;;;;;X,,,,
HAVE_LESS_THAN_GALLEYS_IN;在$PROVINCE$的浆帆船数量少于;;;;;;;;;;X,,,,
HAVE_MORE_THAN_INFANTRY_IN;在$PROVINCE$的步兵数量至少;;;;;;;;;;X,,,,
HAVE_LESS_THAN_INFANTRY_IN;在$PROVINCE$的步兵数量少于;;;;;;;;;;X,,,,
IS_AT_PEACE_WITH;处于和平状态 同;;;;;;;;;;X,,,,
IS_AT_WAR_WITH;处于战争状态 同;;;;;;;;;;X,,,,
HAS_NO_TRUCE_WITH;没有和约 同;;;;;;;;;;X,,,,
HAS_TRUCE_WITH;有和约 同;;;;;;;;;;X,,,,
HAVE_NO_UNITS_IN_BATTLE;在战斗中没有单位;;;;;;;;;;X,,,,
HAVE_UNITS_IN_BATTLE;在战斗中有单位;;;;;;;;;;X,,,,
HAVE_UNITS_IN_SIEGE;有单位在围城;;;;;;;;;;X,,,,
HAVE_NO_UNITS_IN_SIEGE;没有单位在围城;;;;;;;;;;X,,,,
HAVE_A_UNITS_WITH_A_LEADER;拥有有领导者的单位;;;;;;;;;;X,,,,
HAVE_NO_UNITS_WITH_A_LEADER;没有有领导者的单位;;;;;;;;;;X,,,,
ARE_NOT_PAPAL_CONTROLLER;不是天子控制者;;;;;;;;;;X,,,,
ARE_PAPAL_CONTROLLER;是周王室守护者;;;;;;;;;;X,,,,
HAVE_A_PERCENTAGE_OF_OVERSEAS_PROVINCE_LARGER_THAN;海外省份比例至少;;;;;;;;;;X,,,,
HAVE_A_PERCENTAGE_OF_OVERSEAS_PROVINCE_SMALLER_THAN;海外省份数量少于;;;;;;;;;;X,,,,
HAVE_LESS_MERCHANTS_THAN;活动的商贾少于;;;;;;;;;;X,,,,
HAVE_MORE_MERCHANTS_THAN;活动的商贾数量至少;;;;;;;;;;X,,,,
HAVE_TRADE_INCOME_LESS_THAN;贸易收入低于;;;;;;;;;;X,,,,
HAVE_TRADE_INCOME_MORE_THAN;贸易收入至少;;;;;;;;;;X,,,,
HAVE_GOLD_INCOME_LESS_THAN;黄金收入至少;;;;;;;;;;X,,,,
HAVE_GOLD_INCOME_MORE_THAN;黄金收入至少;;;;;;;;;;X,,,,
AT_PEACE_WITH_RELIGIOUS_ENEMY;跟所有宗教敌人处于和平状态;;;;;;;;;;X,,,,
AT_WAR_WITH_RELIGIOUS_ENEMY;跟宗教敌人处于战争状态;;;;;;;;;;X,,,,
HAVE_NO_BORDER_WITH_RELIGIOUS_ENEMY;没有与宗教敌人接壤;;;;;;;;;;X,,,,
HAVE_BORDER_WITH_RELIGIOUS_ENEMY;与宗教敌人接壤;;;;;;;;;;X,,,,
HAVE_NO_EMPTY_ADJACENT_PROVINCE;没有空白的邻接省份;;;;;;;;;;X,,,,
HAVE_EMPTY_ADJACENT_PROVINCE;有空白的邻接省份;;;;;;;;;;X,,,,
HAVE_NOT_THE_LEADER;没有领导者;;;;;;;;;;X,,,,
HAVE_THE_LEADER;有领导者;;;;;;;;;;X,,,,
HAVE_LESS_COLONIES_THAN;新垦区数量少于;;;;;;;;;;X,,,,
HAVE_MORE_COLONIES_THAN;新垦区数量至少;;;;;;;;;;X,,,,
CANT_CREATE_VASSAL;不能创建附庸国;;;;;;;;;;X,,,,
CAN_CREATE_VASSAL;可以创建附庸国;;;;;;;;;;X,,,,
IS_NOT_A_POSSIBLE_VASSAL;不是可能的附庸国;;;;;;;;;;X,,,,
IS_A_POSSIBLE_VASSAL;是可能的附庸国;;;;;;;;;;X,,,,
IS_NOT_VASSAL_OF;不附庸于;;;;;;;;;;X,,,,
IS_VASSAL_OF;附庸于;;;;;;;;;;X,,,,
HAVE_N0T_ALLIANCE_WITH;没有联盟同;;;;;;;;;;X,,,,
HAVE_ALLIANCE_WITH;联盟同;;;;;;;;;;X,,,,
HAVE_N0T_ROYAL_MARRIAGE_WITH;没有王室联姻同;;;;;;;;;;X,,,,
HAVE_ROYAL_MARRIAGE_WITH;王室联姻同;;;;;;;;;;X,,,,
HAVE_N0_TRADE_EMBARGO_BY;没有被禁运于;;;;;;;;;;X,,,,
HAVE_TRADE_EMBARGO_BY;被禁运于;;;;;;;;;;X,,,,
HAVE_JUNIOR_UNION_WITH;被联合统治于 ;;;;;;;;;;X,,,,
HAVE_NOT_JUNIOR_UNION_WITH;没有被联合统治于 ;;;;;;;;;;X,,,,
HAVE_NOT_SENIOR_UNION_WITH;统治者没有执政在;;;;;;;;;;X,,,,
HAVE_SENIOR_UNION_WITH;统治者也执政在;;;;;;;;;;X,,,,
PROVINCE_IS_NOT;省份ID不是;;;;;;;;;;X,,,,
PROVINCE_IS;省份ID是;;;;;;;;;;X,,,,
POLICIESTRIGGER_LESS_THAN;国策偏移少于;;;;;;;;;;X,,,,
POLICIESTRIGGER_GREATER_THAN;国策偏移至少;;;;;;;;;;X,,,,
HAVE_MORE_MANPOWER_THEN_MAXIMUM;最大人力至少;;;;;;;;;;X,,,,
HAVE_LESS_MANPOWER_THEN_MAXIMUM;最大人力少于;;;;;;;;;;X,,,,
IS_NOT_REVOLUTIONARY_TARGET;不是革命目标;;;;;;;;;;X,,,,
IS_REVOLUTIONARY_TARGET;是革命目标;;;;;;;;;;X,,,,
THERE_IS_NOT_A_REVOLUTIONARY_TARGET_IN_THE_WORLD;世界上没有革命目标;;;;;;;;;;X,,,,
THERE_IS_A_REVOLUTIONARY_TARGET_IN_THE_WORLD;世界上有革命目标;;;;;;;;;;X,,,,
THE_NUMBER_OF_REVOLT_FRACTION_IS_MORE_THAN;叛乱省份至少;;;;;;;;;;X,,,,
THE_NUMBER_OF_REVOLT_FRACTION_IS_LESS_THAN;叛乱省份少于;;;;;;;;;;X,,,,
TECHNOLOGY_LOWER_THAN;低于;;;;;;;;;;X,,,,
TECHNOLOGY_HIGHER_THAN;至少;;;;;;;;;;X,,,,
HAVE_NOT_ANY_NEIGHBOR;没有邻国;;;;;;;;;;X,,,,
HAVE_ANY_NEIGHBOR;至少有一个邻国;;;;;;;;;;X,,,,
HAVE_NOT_CASUS_BELLI_AGAINST;没有宣战借口对;;;;;;;;;;X,,,,
HAVE_CASUS_BELLI_AGAINST;有宣战借口对;;;;;;;;;;X,,,,
IS_NOT_AI;不是AI ;;;;;;;;;;X,,,,
IS_AI;是AI ;;;;;;;;;;X,,,,
HAVE_MAX_MANPOWER_GREATER_THAN;最大人力少于;;;;;;;;;;X,,,,
HAVE_MAX_MANPOWER_LESS_THAN;最大人力至少;;;;;;;;;;X,,,,
THEN_NUMBER_OF_REVOLTS_ARE_LESS_THAN;叛军省份少于;;;;;;;;;;X,,,,
THEN_NUMBER_OF_REVOLTS_ARE_MORE_THAN;叛军省份至少;;;;;;;;;;X,,,,
OR_TRIGGER_STARTS;以下条件至少一个成立;;;;;;;;;;X,,,,
ADVISOR_HAVE_LOWER_SKILL_THAN;$ADVISORTYPE$臣属技能低于;;;;;;;;;;X,,,,
ADVISOR_HAVE_HIGHER_SKILL_THAN;$ADVISORTYPE$臣属技能至少;;;;;;;;;;X,,,,
NEIGHBOR_COUNTRY_STARTS;邻国;;;;;;;;;;X,,,,
TRIGGER_NUM;范围数量;;;;;;;;;;X,,,,
TRIGGER_ALLY;任意盟友;;;;;;;;;;X,,,,
TRIGGER_OWNER;省份拥有者;;;;;;;;;;X,,,,
TRIGGER_CONTROLLER;省份控制者;;;;;;;;;;X,,,,
TRIGGER_CAPITAL;首都;;;;;;;;;;X,,,,
TRIGGER_SEA_ZONE;外海;;;;;;;;;;X,,,,
TRIGGER_EMPEROR;霸主;;;;;;;;;;X,,,,
TRIGGER_REVOLUTION_TARGET;革命目标;;;;;;;;;;X,,,,
TRIGGER_THIS;这个;;;;;;;;;;X,,,,
TRIGGER_FROM;来自;;;;;;;;;;X,,,,
TRIGGER_LOCAL_ENEMY;当地敌人;;;;;;;;;;X,,,,
HAVE_NOT_RELIGION;宗教不是;;;;;;;;;;X,,,,
HAVE_RELIGION;宗教是;;;;;;;;;;X,,,,
HAVE_LESS_RELIGIONS_THAN;信仰该宗教省份少于;;;;;;;;;;X,,,,
HAVE_MORE_RELIGIONS_THAN;$RELIGION$在至少$NUM$个省份被信仰;;;;;;;;;;X,,,,
IS_BANKRUPT;破产了;;;;;;;;;;X,,,,
IS_NOT_BANKRUPT;没有破产;;;;;;;;;;X,,,,
CONFIRMBUILDTEXTLEDGER;你确定要在$PROVINCE$建设$BUILDING$? ;;;;;;;;;;X,,,,
DISCIPLINE_SHORT;你的军队当前纪律为$DISC$%;;;;;;;;;;X,,,,
DISCIPLINE_LONG;战术, 领导, 士气和装备在战斗中都非常重要, \n部队的纪律也是如此. 稳定的部队可以在敌人\n敌人的进攻面前保持阵型, 这使得他们在战斗\n中更加有效率. ;;;;;;;;;;X
RELIGION_CHANGE_PROVINCE_GOOD;在$DATE$这一天$PROVINCE$的异教徒们\n回归了正确的信仰. ;;;;;;;;;;X,,,,
RELIGION_CHANGE_PROVINCE_BAD;在$DATE$这一天$PROVINCE$的人们\n放弃了正确信仰而转信$RELIGION$. ;;;;;;;;;;X,,,,
NO_SHIPS_WHERE_CAPTURED;没有船只被俘获;;;;;;;;;;X,,,,
THE_FOLLOWING_SHIPS_WHERE_CAPTURED;下列船只被俘获:;;;;;;;;;;X,,,,
CAPITALMOVED_SETUP;当我们迁都时;;;;;;;;;;X,,,,
CAPITALMOVED_HEADER;迁都;;;;;;;;;;X,,,,
CAPITALMOVED_1; $COUNTRY$ ;;;;;;;;;;X,,,,
CAPITALMOVED_2;我们把首都迁移到了;;;;;;;;;;X,,,,
CAPITALMOVED_3;$PROVINCE$;;;;;;;;;;X,,,,
CAPITALMOVED_4; ;;;;;;;;;;X,,,,
CAPITALMOVED_5; ;;;;;;;;;;X,,,,
CAPITALMOVED_6; ;;;;;;;;;;X,,,,
CAPITALMOVED_LOG;我们把首都迁移到了$PROVINCE$. ;;;;;;;;;;X,,,,
CAPITALMOVED_BTN1;棒极了! ;;;;;;;;;;X,,,,
CAPITALMOVED_BTN2;棒极了! ;;;;;;;;;;X,,,,
CAPITALMOVED_BTN3;转到;;;;;;;;;;X,,,,
CAPITALMOVED_MAP; ;;;;;;;;;;X,,,,
CAPITALMOVEDOTHER_SETUP;当其他国家迁都;;;;;;;;;;X,,,,
CAPITALMOVEDOTHER_HEADER;迁都;;;;;;;;;;X,,,,
CAPITALMOVEDOTHER_1; $COUNTRY$ ;;;;;;;;;;X,,,,
CAPITALMOVEDOTHER_2;把首都迁移到了;;;;;;;;;;X,,,,
CAPITALMOVEDOTHER_3;$PROVINCE$;;;;;;;;;;X,,,,
CAPITALMOVEDOTHER_4; ;;;;;;;;;;X,,,,
CAPITALMOVEDOTHER_5; ;;;;;;;;;;X,,,,
CAPITALMOVEDOTHER_6; ;;;;;;;;;;X,,,,
CAPITALMOVEDOTHER_LOG; $COUNTRY$ 把首都迁移到了$PROVINCE$. ;;;;;;;;;;X,,,,
CAPITALMOVEDOTHER_BTN1;非常好! ;;;;;;;;;;X,,,,
CAPITALMOVEDOTHER_BTN2;非常好! ;;;;;;;;;;X,,,,
CAPITALMOVEDOTHER_BTN3;转到;;;;;;;;;;X,,,,
CAPITALMOVEDOTHER_MAP; ;;;;;;;;;;X,,,,
CCOT_NOT_OWNED;你只能在你拥有的省份创建贸易中心. ;;;;;;;;;;X,,,,
CCOT_NOT_CONTROLLED;你必须在创建贸易中心之前空控制这个省份. \n;;;;;;;;;;X,,,,
CCOT_SIEGE;如果省份正在被围攻就不能创建新的贸易中心. \n;;;;;;;;;;X,,,,
CCOT_NOT_COLONY;不可能在单纯的新垦区建立贸易中心. ;;;;;;;;;;X,,,,
CCOT_NOT_OURSPLIT;你不能从你自己拥有的贸易中心了分割新的贸\n易中心. ;;;;;;;;;;X,,,,
CCOT_ALREADY;这个省份已经是贸易中心了. ;;;;;;;;;;X,,,,
CCOT_MIN_VALUE;只有当连接到的中心足够富有才能分割出新的\n贸易中心. $WHO$的价值只有$CURRENT$, 它需要至少价值$VALUE$. ;;;;;;;;;;X,,,
CCOT_NOT_CASH;你需要至少$VALUE$来创建一个新的贸易中心. ;;;;;;;;;;X,,,,
CCOT_CREATE_COT;花费$VALUE$来在这个省份建立新的贸易中心. ;;;;;;;;;;X,,,,
CONFIRMCREATECOT;建立新的中心;;;;;;;;;;X,,,,
CONFIRMCREATECOTTEXT;在$PROV$建立新的贸易中心. ;;;;;;;;;;X,,,,
CCOT_COST;这将花费$AMOUNT$;;;;;;;;;;X,,,,
CONFIRMDESTROYCOT;摧毁贸易中心;;;;;;;;;;X,,,,
CONFIRMDESTROYCOTTEXT;摧毁在$PROV$的贸易中心;;;;;;;;;;X,,,,
DCOT_COST;我们将会失去$AMOUNT$声望;;;;;;;;;;X,,,,
DCOT_NOT_OWNED;你只能摧毁自己拥有的省份的贸易中心. ;;;;;;;;;;X,,,,
DCOT_NOT_CONTROLLED;在摧毁贸易中心前你必须控制这个省份. ;;;;;;;;;;X,,,,
DCOT_SIEGE;如果这个省份在被围攻就不能摧毁贸易中心. \n;;;;;;;;;;X,,,,
DCOT_ALREADY;这个省份没有贸易中心. ;;;;;;;;;;X,,,,
DCOT_MIN_VALUE;你只能摧毁足够穷的贸易中心. \n$WHO$的贸易额是$CURRENT$, \n它的贸易额必须低于$VALUE$. ;;;;;;;;;;X,,,
DCOT_DOIT;摧毁这个贸易中心;;;;;;;;;;X,,,,
CORE_IS_REVOLTER_CAPITAL;这是这个国家潜在的首都. ;;;;;;;;;;X,,,,
CORE_SAME_CULTURE;这个省份是相同的文化组群, 所以不会失去核\n心. ;;;;;;;;;;X,,,
TOLERANCE_SLIDER;这将影响信仰$RELIGION$的省份;;;;;;;;;;X,,,,
NO_SUCC_SEPARATE;王位继承权战争不能签订单独的和约. ;;;;;;;;;;X,,,,
HRE_DISMANTLE_EMPEROR;你必须控制来自 $COUNTRY$ 的霸主的首都, \n即$PROV$. ;;;;;;;;;;X,,,
HRE_DISMANTLE_ELECTORS;小霸 $COUNTRY$ 仍然是个独立的国家. ;;;;;;;;;;X,,,,
NOOPENMARKET;这个市场目前对我们的商人关闭. \n我们可以用外交或军事手段来打开它. ;;;;;;;;;;X,,,,
REVOLTRISK_EFFECT;$DIRECTION$ $VALUE$叛乱风险在$WHERE$. ;;;;;;;;;;X,,,,
LEDGER_CANT_BUILD_THIS_TECH;你当前的科技等级还不允许你修建这个建筑;;;;;;;;;;X,,,,
LEDGER_CANT_BUILD_THIS_FULL;已经在所有省份修建;;;;;;;;;;X,,,,
DO_NOT_HAVE_ADVISOR;没有臣属;;;;;;;;;;X,,,,
HAVE_ADVISOR;有臣属;;;;;;;;;;X,,,,
LEADER_ARRIVED_SETUP;当一个历史将领到达你的国家. ;;;;;;;;;;X,,,,
LEADER_ARRIVED_HEADER;将领到来. ;;;;;;;;;;X,,,,
LEADER_ARRIVED_1;$LEADERNAME$ ;;;;;;;;;;X,,,,
LEADER_ARRIVED_2;来到了我们的王庭, \n现在可以为我们的王国服务了. ;;;;;;;;;;X,,,
LEADER_ARRIVED_3; ;;;;;;;;;;X,,,,
LEADER_ARRIVED_4; ;;;;;;;;;;X,,,,
LEADER_ARRIVED_5; ;;;;;;;;;;X,,,,
LEADER_ARRIVED_6; ;;;;;;;;;;X,,,,
LEADER_ARRIVED_LOG;$LEADERNAME$已经到达. ;;;;;;;;;;X,,,,
LEADER_ARRIVED_BTN1;确定;;;;;;;;;;X,,,,
LEADER_ARRIVED_BTN2;确定;;;;;;;;;;X,,,,
LEADER_ARRIVED_BTN3;详细;;;;;;;;;;X,,,,
LEADER_ARRIVED_MAP; ;;;;;;;;;;X,,,,
HRE_CANT_EMPEROR;你是中原霸主, 不能解散华夏体系. ;;;;;;;;;;X,,,
LEDGER_OVERALL;总体;;;;;;;;;;X,,,,
MOVE_CAPITAL_CURRENT;这是你的首都, 尽全力保卫它. ;;;;;;;;;;X,,,
CANT_CANCEL_WITH_TRUCE;我们不能取消和约强迫的附属. ;;;;;;;;;;X,,,,
CONFIRMOVECAPITALTITLE;迁都;;;;;;;;;;X,,,,
HAVE_LESS_MANPOWERPERCENT_THAN;后备兵员比率少于;;;;;;;;;;X,,,,
HAVE_MORE_MANPOWERPERCENT_THAN;后备兵员比率至少;;;;;;;;;;X,,,,
THEIR_PRIMARY_CULTURE;他们的主流文化是$CULTURE$. \n$CULTURE$属于$GROUP$组群. ;;;;;;;;;;X,,,,
THEIR_SECONDARY_CULTURE;他们同样容忍下列文化:;;;;;;;;;;X,,,,
FROM_TECHNOLOGY;来自科技;;;;;;;;;;X,,,,
THEYGUARANT;他们保证了我们的独立, \n所以我们不能保证他们的独立. ;;;;;;;;;;X,,,
THEYWARN;他们警告了我们, \n所以我们不能警告他们. ;;;;;;;;;;X,,,
WCRD_GUA;我们已经保证了他们的独立. ;;;;;;;;;;X,,,,
WCRD_VAS;他们是我们的附属. ;;;;;;;;;;X,,,,
WCRD_WARNING;我们已经警告$WHO$不要发动战争. \n ;;;;;;;;;;X,,,,
CANCELMILACCDESC_NOPES_TROOPS;我们不能取消军事通行因为有军队在他们境内. ;;;;;;;;;;X,,,,
